01c280fa8e4d,ecb359eb0d71,2,1685203702203,38701,161689112,460,1599707,86982405
01c280fa8e4d,ecb359eb0d71,18,1685203702205,38701,161689112,460,1599707,86982405
01c280fa8e4d,ecb359eb0d71,36,1685203702243,38701,161689112,460,1599707,86982405
01c280fa8e4d,ecb359eb0d71,14,1685203703828,38701,161718302,460,1599707,86982405
01c280fa8e4d,ecb359eb0d71,39,1685203703841,38701,161718302,460,1599707,86982405
01c280fa8e4d,ecb359eb0d71,4,1685204169872,38701,161718302,460,1599707,86982405
01c280fa8e4d,ecb359eb0d71,18,1685204171055,38701,161718302,460,1599707,86982405
01c280fa8e4d,ecb359eb0d71,36,1685204171098,38701,161718302,460,1599707,86982405
01c280fa8e4d,ecb359eb0d71,39,1685204171142,38701,161718302,460,1599707,86982405
01c280fa8e4d,ecb359eb0d71,20,1685204171441,38701,161718302,460,1599707,86982405
01c280fa8e4d,ecb359eb0d71,20,1685204171464,38701,161718302,460,1599707,86982405
01c280fa8e4d,ecb359eb0d71,5,1685205731763,38701,161689120,460,1599707,86982405
01c280fa8e4d,ecb359eb0d71,4,1685206151104,38701,161689114,460,1599707,86982405
01c280fa8e4d,ecb359eb0d71,18,1685206152520,38701,161689114,460,1599707,86982405
01c280fa8e4d,ecb359eb0d71,39,1685206152607,38701,161689114,460,1599707,86982405
01c280fa8e4d,ecb359eb0d71,5,1685206152867,38701,161689114,460,1599707,86982405
01c280fa8e4d,ecb359eb0d71,20,1685206152894,38701,161689114,460,1599707,86982405
01c280fa8e4d,ecb359eb0d71,2,1685206735442,38701,161689114,460,1599707,86982405
01c280fa8e4d,ecb359eb0d71,36,1685206735497,38701,161689114,460,1599707,86982405
01c280fa8e4d,ecb359eb0d71,14,1685206737157,38701,161718302,460,1599707,86982405
01c280fa8e4d,ecb359eb0d71,14,1685206738936,38701,250837594,460,1599707,86982405
01c280fa8e4d,ecb359eb0d71,39,1685206738950,38701,250837594,460,1599707,86982405
01c280fa8e4d,ecb359eb0d71,14,1685206742067,38701,161718302,460,1599707,86982405
01c280fa8e4d,ecb359eb0d71,20,1685206751987,38701,161718302,460,1599707,86982405
01c280fa8e4d,ecb359eb0d71,2,1685207172652,38701,161718302,460,1599707,86982405
01c280fa8e4d,ecb359eb0d71,18,1685207172657,38701,161718302,460,1599707,86982405
01c280fa8e4d,ecb359eb0d71,5,1685207173047,38701,161718302,460,1599707,86982405
01c280fa8e4d,ecb359eb0d71,20,1685207173052,38701,161718302,460,1599707,86982405
01c280fa8e4d,ecb359eb0d71,20,1685207173080,38701,161718302,460,1599707,86982405
01c280fa8e4d,ecb359eb0d71,5,1685208732092,38701,161689112,460,1599707,86982405
01c280fa8e4d,ecb359eb0d71,2,1685210291052,38701,161689120,460,1599707,86982405
01c280fa8e4d,ecb359eb0d71,36,1685210291098,38701,161689120,460,1599707,86982405
01c280fa8e4d,ecb359eb0d71,39,1685210291142,38701,161689120,460,1599707,86982405
01c280fa8e4d,ecb359eb0d71,20,1685210301013,38701,161689120,460,1599707,86982405
01c280fa8e4d,ecb359eb0d71,4,1685211731350,38701,161718302,460,1599707,86982405
01c280fa8e4d,ecb359eb0d71,2,1685211732032,38701,161718302,460,1599707,86982405
01c280fa8e4d,ecb359eb0d71,36,1685211732078,38701,161718302,460,1599707,86982405
01c280fa8e4d,ecb359eb0d71,39,1685211732123,38701,161718302,460,1599707,86982405
01c280fa8e4d,ecb359eb0d71,5,1685211732436,38701,161718302,460,1599707,86982405
01c280fa8e4d,ecb359eb0d71,20,1685211732439,38701,161718302,460,1599707,86982405
01c280fa8e4d,ecb359eb0d71,20,1685211732463,38701,161718302,460,1599707,86982405
01c280fa8e4d,ecb359eb0d71,2,1685212802501,38701,161718302,460,1599707,86982405
01c280fa8e4d,ecb359eb0d71,18,1685212802505,38701,161718302,460,1599707,86982405
01c280fa8e4d,ecb359eb0d71,36,1685212802548,38701,161718302,460,1599707,86982405
01c280fa8e4d,ecb359eb0d71,39,1685212802587,38701,161718302,460,1599707,86982405
01c280fa8e4d,ecb359eb0d71,20,1685212812454,38701,161718302,460,1599707,86982405
01c280fa8e4d,ecb359eb0d71,4,1685213171985,38701,161718302,460,1599707,86982405
01c280fa8e4d,ecb359eb0d71,2,1685213173301,38701,161718302,460,1599707,86982405
01c280fa8e4d,ecb359eb0d71,18,1685213173304,38701,161718302,460,1599707,86982405
01c280fa8e4d,ecb359eb0d71,36,1685213173347,38701,161718302,460,1599707,86982405
01c280fa8e4d,ecb359eb0d71,39,1685213173391,38701,161718302,460,1599707,86982405
01c280fa8e4d,ecb359eb0d71,5,1685213173671,38701,161718302,460,1599707,86982405
01c280fa8e4d,ecb359eb0d71,20,1685213173675,38701,161718302,460,1599707,86982405
01c280fa8e4d,ecb359eb0d71,20,1685213173705,38701,161718302,460,1599707,86982405
01c280fa8e4d,ecb359eb0d71,18,1685213291794,38701,161718302,460,1599707,86982405
01c280fa8e4d,ecb359eb0d71,39,1685213291872,38701,161718302,460,1599707,86982405
01c280fa8e4d,ecb359eb0d71,20,1685213301756,38701,161718302,460,1599707,86982405
01c280fa8e4d,ecb359eb0d71,2,1685214732341,38701,161718302,460,1599707,86982405
01c280fa8e4d,ecb359eb0d71,18,1685214732344,38701,161718302,460,1599707,86982405
01c280fa8e4d,ecb359eb0d71,36,1685214732387,38701,161718302,460,1599707,86982405
01c280fa8e4d,ecb359eb0d71,39,1685214732431,38701,161718302,460,1599707,86982405
01c280fa8e4d,ecb359eb0d71,5,1685214732726,38701,161718302,460,1599707,86982405
01c280fa8e4d,ecb359eb0d71,20,1685214732729,38701,161718302,460,1599707,86982405
01c280fa8e4d,ecb359eb0d71,39,1685215835874,38701,161689112,460,1599707,86982405
01c280fa8e4d,ecb359eb0d71,14,1685215837456,38701,161718302,460,1599707,86982405
01c280fa8e4d,ecb359eb0d71,39,1685215837468,38701,161718302,460,1599707,86982405
01c280fa8e4d,ecb359eb0d71,20,1685215847330,38701,161718302,460,1599707,86982405
01c280fa8e4d,ecb359eb0d71,4,1685216172312,38701,161718302,460,1599707,86982405
01c280fa8e4d,ecb359eb0d71,2,1685216173621,38701,161718302,460,1599707,86982405
01c280fa8e4d,ecb359eb0d71,36,1685216173667,38701,161718302,460,1599707,86982405
01c280fa8e4d,ecb359eb0d71,39,1685216173711,38701,161718302,460,1599707,86982405
01c280fa8e4d,ecb359eb0d71,5,1685216173991,38701,161718302,460,1599707,86982405
01c280fa8e4d,ecb359eb0d71,20,1685216173993,38701,161718302,460,1599707,86982405
01c280fa8e4d,ecb359eb0d71,20,1685216174021,38701,161718302,460,1599707,86982405
01c280fa8e4d,ecb359eb0d71,2,1685216292431,38701,161718302,460,1599707,86982405
01c280fa8e4d,ecb359eb0d71,18,1685216292434,38701,161718302,460,1599707,86982405
01c280fa8e4d,ecb359eb0d71,36,1685216292476,38701,161718302,460,1599707,86982405
01c280fa8e4d,ecb359eb0d71,39,1685216292516,38701,161718302,460,1599707,86982405
01c280fa8e4d,ecb359eb0d71,20,1685216302374,38701,161718302,460,1599707,86982405
01c280fa8e4d,ecb359eb0d71,4,1685217018691,38701,161718302,460,1599707,86982405
01c280fa8e4d,ecb359eb0d71,2,1685217019706,38701,161718302,460,1599707,86982405
01c280fa8e4d,ecb359eb0d71,36,1685217019751,38701,161718302,460,1599707,86982405
01c280fa8e4d,ecb359eb0d71,5,1685217020056,38701,161718302,460,1599707,86982405
01c280fa8e4d,ecb359eb0d71,20,1685217020060,38701,161718302,460,1599707,86982405
01c280fa8e4d,ecb359eb0d71,20,1685217020088,38701,161718302,460,1599707,86982405
01c280fa8e4d,ecb359eb0d71,5,1685217734342,38701,161718302,460,1599707,86982405
01c280fa8e4d,ecb359eb0d71,2,1685218869060,38701,161718302,460,1599707,86982405
01c280fa8e4d,ecb359eb0d71,18,1685218869063,38701,161718302,460,1599707,86982405
01c280fa8e4d,ecb359eb0d71,36,1685218869101,38701,161718302,460,1599707,86982405
01c280fa8e4d,ecb359eb0d71,20,1685218878991,38701,161718302,460,1599707,86982405
01c280fa8e4d,ecb359eb0d71,18,1685219175224,38701,161718302,460,1599707,86982405
01c280fa8e4d,ecb359eb0d71,39,1685219175312,38701,161718302,460,1599707,86982405
01c280fa8e4d,ecb359eb0d71,5,1685219175590,38701,161718302,460,1599707,86982405
01c280fa8e4d,ecb359eb0d71,2,1685219293060,38701,161718302,460,1599707,86982405
01c280fa8e4d,ecb359eb0d71,18,1685219293064,38701,161718302,460,1599707,86982405
01c280fa8e4d,ecb359eb0d71,36,1685219293106,38701,161718302,460,1599707,86982405
01c280fa8e4d,ecb359eb0d71,39,1685219293145,38701,161718302,460,1599707,86982405
01c280fa8e4d,ecb359eb0d71,20,1685219302914,38701,161718302,460,1599707,86982405
01c280fa8e4d,ecb359eb0d71,4,1685220733448,38701,161718302,460,1599707,86982405
01c280fa8e4d,ecb359eb0d71,2,1685220734265,38701,161718302,460,1599707,86982405
01c280fa8e4d,ecb359eb0d71,18,1685220734269,38701,161718302,460,1599707,86982405
01c280fa8e4d,ecb359eb0d71,39,1685220734350,38701,161718302,460,1599707,86982405
01c280fa8e4d,ecb359eb0d71,5,1685220734630,38701,161718302,460,1599707,86982405
01c280fa8e4d,ecb359eb0d71,20,1685220734634,38701,161718302,460,1599707,86982405
01c280fa8e4d,ecb359eb0d71,20,1685220734662,38701,161718302,460,1599707,86982405
01c280fa8e4d,ecb359eb0d71,2,1685221902389,38701,161689114,460,1599707,86982405
01c280fa8e4d,ecb359eb0d71,18,1685221902393,38701,161689114,460,1599707,86982405
01c280fa8e4d,ecb359eb0d71,36,1685221902435,38701,161689114,460,1599707,86982405
01c280fa8e4d,ecb359eb0d71,39,1685221902474,38701,161689114,460,1599707,86982405
01c280fa8e4d,ecb359eb0d71,4,1685222174361,38701,161689114,460,1599707,86982405
01c280fa8e4d,ecb359eb0d71,2,1685222175529,38701,161689114,460,1599707,86982405
01c280fa8e4d,ecb359eb0d71,18,1685222175532,38701,161689114,460,1599707,86982405
01c280fa8e4d,ecb359eb0d71,36,1685222175575,38701,161689114,460,1599707,86982405
01c280fa8e4d,ecb359eb0d71,39,1685222175619,38701,161689114,460,1599707,86982405
01c280fa8e4d,ecb359eb0d71,5,1685222175919,38701,161689114,460,1599707,86982405
01c280fa8e4d,ecb359eb0d71,2,1685222293729,38701,161689114,460,1599707,86982405
01c280fa8e4d,ecb359eb0d71,18,1685222293733,38701,161689114,460,1599707,86982405
01c280fa8e4d,ecb359eb0d71,36,1685222293775,38701,161689114,460,1599707,86982405
01c280fa8e4d,ecb359eb0d71,39,1685222293819,38701,161689114,460,1599707,86982405
01c280fa8e4d,ecb359eb0d71,20,1685222303677,38701,161689114,460,1599707,86982405
01c280fa8e4d,ecb359eb0d71,2,1685223734574,38701,161718302,460,1599707,86982405
01c280fa8e4d,ecb359eb0d71,18,1685223734577,38701,161718302,460,1599707,86982405
01c280fa8e4d,ecb359eb0d71,36,1685223734620,38701,161718302,460,1599707,86982405
01c280fa8e4d,ecb359eb0d71,39,1685223734664,38701,161718302,460,1599707,86982405
01c280fa8e4d,ecb359eb0d71,5,1685223734954,38701,161718302,460,1599707,86982405
01c280fa8e4d,ecb359eb0d71,20,1685223734956,38701,161718302,460,1599707,86982405
01c280fa8e4d,ecb359eb0d71,20,1685223734981,38701,161718302,460,1599707,86982405
01c280fa8e4d,ecb359eb0d71,2,1685224935888,38701,161689120,460,1599707,86982405
01c280fa8e4d,ecb359eb0d71,18,1685224935893,38701,161689120,460,1599707,86982405
01c280fa8e4d,ecb359eb0d71,36,1685224935939,38701,161689120,460,1599707,86982405
01c280fa8e4d,ecb359eb0d71,39,1685224935994,38701,161689120,460,1599707,86982405
01c280fa8e4d,ecb359eb0d71,14,1685224944443,38701,250837594,460,1599707,86982405
01c280fa8e4d,ecb359eb0d71,4,1685225174696,38701,161689114,460,1599707,86982405
01c280fa8e4d,ecb359eb0d71,2,1685225175838,38701,161689114,460,1599707,86982405
01c280fa8e4d,ecb359eb0d71,36,1685225175884,38701,161689114,460,1599707,86982405
01c280fa8e4d,ecb359eb0d71,39,1685225175923,38701,161689114,460,1599707,86982405
01c280fa8e4d,ecb359eb0d71,5,1685225176208,38701,161689114,460,1599707,86982405
01c280fa8e4d,ecb359eb0d71,20,1685225176212,38701,161689114,460,1599707,86982405
01c280fa8e4d,ecb359eb0d71,20,1685225176241,38701,161689114,460,1599707,86982405
01c280fa8e4d,ecb359eb0d71,5,1685225305034,38701,251490649,460,1599707,86982405
01c280fa8e4d,ecb359eb0d71,5,1685226736534,38701,161718302,460,1599707,86982405
01c280fa8e4d,ecb359eb0d71,18,1685227969381,38701,161718302,460,1599707,86982405
01c280fa8e4d,ecb359eb0d71,36,1685227969423,38701,161718302,460,1599707,86982405
01c280fa8e4d,ecb359eb0d71,39,1685227969467,38701,161718302,460,1599707,86982405
01c280fa8e4d,ecb359eb0d71,14,1685227972997,38701,161689114,460,1599707,86982405
01c280fa8e4d,ecb359eb0d71,39,1685227973010,38701,161689114,460,1599707,86982405
01c280fa8e4d,ecb359eb0d71,14,1685227975122,38701,161718302,460,1599707,86982405
01c280fa8e4d,ecb359eb0d71,14,1685227976652,38701,161689114,460,1599707,86982405
01c280fa8e4d,ecb359eb0d71,39,1685227986333,38701,161689112,460,1599707,86982405
01c280fa8e4d,ecb359eb0d71,39,1685227987503,38701,161689114,460,1599707,86982405
01c280fa8e4d,ecb359eb0d71,20,1685227997374,38701,161689114,460,1599707,86982405
01c280fa8e4d,ecb359eb0d71,4,1685228176165,38701,161689114,460,1599707,86982405
01c280fa8e4d,ecb359eb0d71,2,1685228177462,38701,161689114,460,1599707,86982405
01c280fa8e4d,ecb359eb0d71,18,1685228177465,38701,161689114,460,1599707,86982405
01c280fa8e4d,ecb359eb0d71,39,1685228177547,38701,161689114,460,1599707,86982405
01c280fa8e4d,ecb359eb0d71,5,1685228177837,38701,161689114,460,1599707,86982405
01c280fa8e4d,ecb359eb0d71,20,1685228177840,38701,161689114,460,1599707,86982405
01c280fa8e4d,ecb359eb0d71,2,1685228295147,38701,161689114,460,1599707,86982405
01c280fa8e4d,ecb359eb0d71,18,1685228295152,38701,161689114,460,1599707,86982405
01c280fa8e4d,ecb359eb0d71,36,1685228295192,38701,161689114,460,1599707,86982405
01c280fa8e4d,ecb359eb0d71,39,1685228295237,38701,161689114,460,1599707,86982405
01c280fa8e4d,ecb359eb0d71,20,1685228305048,38701,161689114,460,1599707,86982405
01c280fa8e4d,ecb359eb0d71,4,1685229735580,38701,161689120,460,1599707,86982405
01c280fa8e4d,ecb359eb0d71,2,1685229736501,38701,161689120,460,1599707,86982405
01c280fa8e4d,ecb359eb0d71,36,1685229736548,38701,161689120,460,1599707,86982405
01c280fa8e4d,ecb359eb0d71,39,1685229736589,38701,161689120,460,1599707,86982405
01c280fa8e4d,ecb359eb0d71,5,1685229736866,38701,161689120,460,1599707,86982405
01c280fa8e4d,ecb359eb0d71,20,1685229736869,38701,161689120,460,1599707,86982405
01c280fa8e4d,ecb359eb0d71,20,1685229736900,38701,161689120,460,1599707,86982405
01c280fa8e4d,ecb359eb0d71,2,1685229776176,38701,161689120,460,1599707,86982405
01c280fa8e4d,ecb359eb0d71,18,1685229776179,38701,161689120,460,1599707,86982405
01c280fa8e4d,ecb359eb0d71,5,1685229776511,38701,161689120,460,1599707,86982405
01c280fa8e4d,ecb359eb0d71,20,1685229776544,38701,161689120,460,1599707,86982405
01c280fa8e4d,ecb359eb0d71,2,1685231002896,38701,161689120,460,1599707,86982405
01c280fa8e4d,ecb359eb0d71,18,1685231002900,38701,161689120,460,1599707,86982405
01c280fa8e4d,ecb359eb0d71,36,1685231002942,38701,161689120,460,1599707,86982405
01c280fa8e4d,ecb359eb0d71,14,1685231004641,38701,250837594,460,1599707,86982405
01c280fa8e4d,ecb359eb0d71,39,1685231004652,38701,250837594,460,1599707,86982405
01c280fa8e4d,ecb359eb0d71,20,1685231014579,38701,250837594,460,1599707,86982405
01c280fa8e4d,ecb359eb0d71,4,1685231176515,38701,250837594,460,1599707,86982405
01c280fa8e4d,ecb359eb0d71,2,1685231177777,38701,250837594,460,1599707,86982405
01c280fa8e4d,ecb359eb0d71,36,1685231177814,38701,250837594,460,1599707,86982405
01c280fa8e4d,ecb359eb0d71,39,1685231177846,38701,250837594,460,1599707,86982405
01c280fa8e4d,ecb359eb0d71,20,1685231178133,38701,250837594,460,1599707,86982405
01c280fa8e4d,ecb359eb0d71,20,1685231178161,38701,250837594,460,1599707,86982405
01c280fa8e4d,ecb359eb0d71,18,1685231295951,38701,250837594,460,1599707,86982405
01c280fa8e4d,ecb359eb0d71,36,1685231295979,38701,250837594,460,1599707,86982405
01c280fa8e4d,ecb359eb0d71,39,1685231296012,38701,250837594,460,1599707,86982405
01c280fa8e4d,ecb359eb0d71,14,1685231299041,38701,161718302,460,1599707,86982405
01c280fa8e4d,ecb359eb0d71,39,1685231299051,38701,161718302,460,1599707,86982405
01c280fa8e4d,ecb359eb0d71,18,1685232738099,38701,250837594,460,1599707,86982405
01c280fa8e4d,ecb359eb0d71,36,1685232738127,38701,250837594,460,1599707,86982405
01c280fa8e4d,ecb359eb0d71,39,1685232738159,38701,250837594,460,1599707,86982405
01c280fa8e4d,ecb359eb0d71,5,1685232738446,38701,250837594,460,1599707,86982405
01c280fa8e4d,ecb359eb0d71,20,1685232738450,38701,250837594,460,1599707,86982405
01c280fa8e4d,ecb359eb0d71,36,1685234036421,38701,161718302,460,1599707,86982405
01c280fa8e4d,ecb359eb0d71,39,1685234036465,38701,161718302,460,1599707,86982405
01c280fa8e4d,ecb359eb0d71,20,1685234046330,38701,161718302,460,1599707,86982405
01c280fa8e4d,ecb359eb0d71,4,1685234178249,38701,161718302,460,1599707,86982405
01c280fa8e4d,ecb359eb0d71,2,1685234179370,38701,161718302,460,1599707,86982405
01c280fa8e4d,ecb359eb0d71,18,1685234179374,38701,161718302,460,1599707,86982405
01c280fa8e4d,ecb359eb0d71,39,1685234179456,38701,161718302,460,1599707,86982405
01c280fa8e4d,ecb359eb0d71,5,1685234179751,38701,161718302,460,1599707,86982405
01c280fa8e4d,ecb359eb0d71,20,1685234179754,38701,161718302,460,1599707,86982405
01c280fa8e4d,ecb359eb0d71,20,1685234179783,38701,161718302,460,1599707,86982405
01c280fa8e4d,ecb359eb0d71,20,1685234306506,38701,161718302,460,1599707,86982405
01c280fa8e4d,ecb359eb0d71,4,1685235736838,38701,161718302,460,1599707,86982405
01c280fa8e4d,ecb359eb0d71,2,1685235737140,38701,161718302,460,1599707,86982405
01c280fa8e4d,ecb359eb0d71,18,1685235737144,38701,161718302,460,1599707,86982405
01c280fa8e4d,ecb359eb0d71,36,1685235737186,38701,161718302,460,1599707,86982405
01c280fa8e4d,ecb359eb0d71,5,1685235737515,38701,161718302,460,1599707,86982405
01c280fa8e4d,ecb359eb0d71,20,1685235737518,38701,161718302,460,1599707,86982405
01c280fa8e4d,ecb359eb0d71,2,1685237069605,38701,161689112,460,1599707,86982405
01c280fa8e4d,ecb359eb0d71,18,1685237069608,38701,161689112,460,1599707,86982405
01c280fa8e4d,ecb359eb0d71,20,1685237079529,38701,161689112,460,1599707,86982405
01c280fa8e4d,ecb359eb0d71,4,1685237177212,38701,161689114,460,1599707,86982405
01c280fa8e4d,ecb359eb0d71,2,1685237178405,38701,161689114,460,1599707,86982405
01c280fa8e4d,ecb359eb0d71,18,1685237178410,38701,161689114,460,1599707,86982405
01c280fa8e4d,ecb359eb0d71,36,1685237178451,38701,161689114,460,1599707,86982405
01c280fa8e4d,ecb359eb0d71,39,1685237178490,38701,161689114,460,1599707,86982405
01c280fa8e4d,ecb359eb0d71,5,1685237178781,38701,161689114,460,1599707,86982405
01c280fa8e4d,ecb359eb0d71,20,1685237178784,38701,161689114,460,1599707,86982405
01c280fa8e4d,ecb359eb0d71,20,1685237178814,38701,161689114,460,1599707,86982405
01c280fa8e4d,ecb359eb0d71,2,1685237297295,38701,161689120,460,1599707,86982405
01c280fa8e4d,ecb359eb0d71,20,1685237313645,38701,161689114,460,1599707,86982405
01c280fa8e4d,ecb359eb0d71,4,1685238737729,38701,161689112,460,1599707,86982405
01c280fa8e4d,ecb359eb0d71,18,1685238738730,38701,161689112,460,1599707,86982405
01c280fa8e4d,ecb359eb0d71,36,1685238738771,38701,161689112,460,1599707,86982405
01c280fa8e4d,ecb359eb0d71,39,1685238738821,38701,161689112,460,1599707,86982405
01c280fa8e4d,ecb359eb0d71,20,1685238739558,38701,250837594,460,1599707,86982405
01c280fa8e4d,ecb359eb0d71,4,1685241740252,38701,161689114,460,1599707,86982405
01c280fa8e4d,ecb359eb0d71,2,1685241741614,38701,161689114,460,1599707,86982405
01c280fa8e4d,ecb359eb0d71,39,1685241741699,38701,161689114,460,1599707,86982405
01c280fa8e4d,ecb359eb0d71,5,1685241741984,38701,161689114,460,1599707,86982405
01c280fa8e4d,ecb359eb0d71,20,1685241741988,38701,161689114,460,1599707,86982405
01c280fa8e4d,ecb359eb0d71,4,1685241825121,38701,161689114,460,1599707,86982405
01c280fa8e4d,ecb359eb0d71,2,1685241826084,38701,161689114,460,1599707,86982405
01c280fa8e4d,ecb359eb0d71,18,1685241826090,38701,161689114,460,1599707,86982405
01c280fa8e4d,ecb359eb0d71,39,1685241826171,38701,161689114,460,1599707,86982405
01c280fa8e4d,ecb359eb0d71,20,1685241826414,38701,161689114,460,1599707,86982405
01c280fa8e4d,ecb359eb0d71,2,1685243136574,38701,85049752,460,1599707,86982405
01c280fa8e4d,ecb359eb0d71,18,1685243136576,38701,85049752,460,1599707,86982405
01c280fa8e4d,ecb359eb0d71,36,1685243136620,38701,85049752,460,1599707,86982405
01c280fa8e4d,ecb359eb0d71,39,1685243139013,38701,85049754,460,1599707,86982405
01c280fa8e4d,ecb359eb0d71,20,1685243148930,38701,85049754,460,1599707,86982405
01c280fa8e4d,ecb359eb0d71,36,1685243182940,38701,85049632,460,1599707,86982405
01c280fa8e4d,ecb359eb0d71,20,1685243183247,38701,85049632,460,1599707,86982405
01c280fa8e4d,ecb359eb0d71,20,1685243183276,38701,85049632,460,1599707,86982405
01c280fa8e4d,ecb359eb0d71,18,1685243298548,38701,85049632,460,1599707,86982405
01c280fa8e4d,ecb359eb0d71,36,1685243298609,38701,85049632,460,1599707,86982405
01c280fa8e4d,ecb359eb0d71,5,1685243301764,38701,85049632,460,1599707,86982405
01c280fa8e4d,ecb359eb0d71,20,1685243301767,38701,85049632,460,1599707,86982405
01c280fa8e4d,ecb359eb0d71,20,1685243301796,38701,85049632,460,1599707,86982405
01c280fa8e4d,ecb359eb0d71,2,1685244739373,38701,161706265,460,1599707,86982405
01c280fa8e4d,ecb359eb0d71,18,1685244739378,38701,161706265,460,1599707,86982405
01c280fa8e4d,ecb359eb0d71,5,1685244739744,38701,161706265,460,1599707,86982405
01c280fa8e4d,ecb359eb0d71,20,1685244739747,38701,161706265,460,1599707,86982405
01c280fa8e4d,ecb359eb0d71,20,1685244739776,38701,161706265,460,1599707,86982405
01c280fa8e4d,ecb359eb0d71,5,1685246170098,38701,85049754,460,1599707,86982405
01c280fa8e4d,ecb359eb0d71,18,1685246180655,38701,85049754,460,1599707,86982405
01c280fa8e4d,ecb359eb0d71,5,1685246181014,38701,85049754,460,1599707,86982405
01c280fa8e4d,ecb359eb0d71,20,1685246181016,38701,85049754,460,1599707,86982405
01c280fa8e4d,ecb359eb0d71,36,1685246298989,38701,85049754,460,1599707,86982405
01c280fa8e4d,ecb359eb0d71,5,1685246299398,38701,85049754,460,1599707,86982405
01c280fa8e4d,ecb359eb0d71,20,1685246299432,38701,85049754,460,1599707,86982405
01c280fa8e4d,ecb359eb0d71,4,1685247739290,38701,85049632,460,1599707,86982405
01c280fa8e4d,ecb359eb0d71,2,1685247739697,38701,85049632,460,1599707,86982405
01c280fa8e4d,ecb359eb0d71,18,1685247739701,38701,85049632,460,1599707,86982405
01c280fa8e4d,ecb359eb0d71,36,1685247739743,38701,85049632,460,1599707,86982405
01c280fa8e4d,ecb359eb0d71,39,1685247739769,38701,85049632,460,1599707,86982405
01c280fa8e4d,ecb359eb0d71,20,1685247740065,38701,85049632,460,1599707,86982405
01c280fa8e4d,ecb359eb0d71,20,1685249181356,38701,85049632,460,1599707,86982405
01c280fa8e4d,ecb359eb0d71,18,1685249202975,38701,85049632,460,1599707,86982405
01c280fa8e4d,ecb359eb0d71,36,1685249203018,38701,85049632,460,1599707,86982405
01c280fa8e4d,ecb359eb0d71,39,1685249203042,38701,85049632,460,1599707,86982405
01c280fa8e4d,ecb359eb0d71,20,1685249203325,38701,85049632,460,1599707,86982405
01c280fa8e4d,ecb359eb0d71,4,1685252181385,38701,85049632,460,1599707,86982405
01c280fa8e4d,ecb359eb0d71,2,1685252182576,38701,85049632,460,1599707,86982405
01c280fa8e4d,ecb359eb0d71,2,1685252236312,38701,85049632,460,1599707,86982405
01c280fa8e4d,ecb359eb0d71,18,1685252236315,38701,85049632,460,1599707,86982405
01c280fa8e4d,ecb359eb0d71,39,1685252300222,38701,85049632,460,1599707,86982405
01c280fa8e4d,ecb359eb0d71,20,1685252301745,38701,85049632,460,1599707,86982405
01c280fa8e4d,ecb359eb0d71,4,1685253740526,38701,85049632,460,1599707,86982405
01c280fa8e4d,ecb359eb0d71,2,1685253741624,38701,85049632,460,1599707,86982405
01c280fa8e4d,ecb359eb0d71,18,1685253741628,38701,85049632,460,1599707,86982405
01c280fa8e4d,ecb359eb0d71,39,1685253741709,38701,85049632,460,1599707,86982405
01c280fa8e4d,ecb359eb0d71,5,1685253741996,38701,85049632,460,1599707,86982405
01c280fa8e4d,ecb359eb0d71,4,1685255181722,38701,85049632,460,1599707,86982405
01c280fa8e4d,ecb359eb0d71,18,1685255182895,38701,85049632,460,1599707,86982405
01c280fa8e4d,ecb359eb0d71,39,1685255182966,38701,85049632,460,1599707,86982405
01c280fa8e4d,ecb359eb0d71,5,1685255183265,38701,85049632,460,1599707,86982405
01c280fa8e4d,ecb359eb0d71,20,1685255183269,38701,85049632,460,1599707,86982405
01c280fa8e4d,ecb359eb0d71,20,1685255183299,38701,85049632,460,1599707,86982405
01c280fa8e4d,ecb359eb0d71,2,1685255300785,38701,85049632,460,1599707,86982405
01c280fa8e4d,ecb359eb0d71,18,1685255300789,38701,85049632,460,1599707,86982405
01c280fa8e4d,ecb359eb0d71,36,1685255300831,38701,85049632,460,1599707,86982405
01c280fa8e4d,ecb359eb0d71,39,1685255300857,38701,85049632,460,1599707,86982405
01c280fa8e4d,ecb359eb0d71,20,1685255310659,38701,85049632,460,1599707,86982405
01c280fa8e4d,ecb359eb0d71,2,1685256741950,38701,85049754,460,1599707,86982405
01c280fa8e4d,ecb359eb0d71,36,1685256742001,38701,85049754,460,1599707,86982405
01c280fa8e4d,ecb359eb0d71,20,1685256742323,38701,85049754,460,1599707,86982405
01c280fa8e4d,ecb359eb0d71,20,1685256742347,38701,85049754,460,1599707,86982405
01c280fa8e4d,ecb359eb0d71,4,1685258182072,38701,250837338,460,1599707,86982405
01c280fa8e4d,ecb359eb0d71,18,1685258183210,38701,250837338,460,1599707,86982405
01c280fa8e4d,ecb359eb0d71,36,1685258183246,38701,250837338,460,1599707,86982405
01c280fa8e4d,ecb359eb0d71,39,1685258183270,38701,250837338,460,1599707,86982405
01c280fa8e4d,ecb359eb0d71,4,1685259741772,38701,85049632,460,1599707,86982405
01c280fa8e4d,ecb359eb0d71,2,1685259742236,38701,85049632,460,1599707,86982405
01c280fa8e4d,ecb359eb0d71,36,1685259742285,38701,85049632,460,1599707,86982405
01c280fa8e4d,ecb359eb0d71,39,1685259742330,38701,85049632,460,1599707,86982405
01c280fa8e4d,ecb359eb0d71,5,1685259742609,38701,85049632,460,1599707,86982405
01c280fa8e4d,ecb359eb0d71,20,1685259742612,38701,85049632,460,1599707,86982405
01c280fa8e4d,ecb359eb0d71,20,1685259742641,38701,85049632,460,1599707,86982405
01c280fa8e4d,ecb359eb0d71,4,1685261182420,38701,161692954,460,1599707,86982405
01c280fa8e4d,ecb359eb0d71,39,1685261183635,38701,161692954,460,1599707,86982405
01c280fa8e4d,ecb359eb0d71,20,1685261183922,38701,161692954,460,1599707,86982405
01c280fa8e4d,ecb359eb0d71,20,1685261183958,38701,161692954,460,1599707,86982405
01c280fa8e4d,ecb359eb0d71,20,1685261337282,38701,85049632,460,1599707,86982405
01c280fa8e4d,ecb359eb0d71,20,1685261337313,38701,85049632,460,1599707,86982405
01c280fa8e4d,ecb359eb0d71,4,1685264183868,38701,85049632,460,1599707,86982405
01c280fa8e4d,ecb359eb0d71,2,1685264185108,38701,85049632,460,1599707,86982405
01c280fa8e4d,ecb359eb0d71,36,1685264185154,38701,85049632,460,1599707,86982405
01c280fa8e4d,ecb359eb0d71,5,1685264185448,38701,85049632,460,1599707,86982405
01c280fa8e4d,ecb359eb0d71,20,1685264185452,38701,85049632,460,1599707,86982405
01c280fa8e4d,ecb359eb0d71,2,1685264369208,38701,85049632,460,1599707,86982405
01c280fa8e4d,ecb359eb0d71,18,1685264369212,38701,85049632,460,1599707,86982405
01c280fa8e4d,ecb359eb0d71,2,1685265744157,38701,85049632,460,1599707,86982405
01c280fa8e4d,ecb359eb0d71,18,1685265744160,38701,85049632,460,1599707,86982405
01c280fa8e4d,ecb359eb0d71,36,1685265744203,38701,85049632,460,1599707,86982405
01c280fa8e4d,ecb359eb0d71,39,1685265744232,38701,85049632,460,1599707,86982405
01c280fa8e4d,ecb359eb0d71,5,1685265744517,38701,85049632,460,1599707,86982405
01c280fa8e4d,ecb359eb0d71,20,1685265744521,38701,85049632,460,1599707,86982405
01c280fa8e4d,ecb359eb0d71,20,1685265744550,38701,85049632,460,1599707,86982405
01c280fa8e4d,ecb359eb0d71,2,1685266059042,38701,85049754,460,1599707,86982405
01c280fa8e4d,ecb359eb0d71,36,1685266059088,38701,85049754,460,1599707,86982405
01c280fa8e4d,ecb359eb0d71,39,1685266059135,38701,85049754,460,1599707,86982405
01c280fa8e4d,ecb359eb0d71,5,1685266059377,38701,85049754,460,1599707,86982405
01c280fa8e4d,ecb359eb0d71,4,1685267184459,38701,161692954,460,1599707,86982405
01c280fa8e4d,ecb359eb0d71,2,1685267185457,38701,161692954,460,1599707,86982405
01c280fa8e4d,ecb359eb0d71,18,1685267185459,38701,161692954,460,1599707,86982405
01c280fa8e4d,ecb359eb0d71,36,1685267185507,38701,161692954,460,1599707,86982405
01c280fa8e4d,ecb359eb0d71,39,1685267185546,38701,161692954,460,1599707,86982405
01c280fa8e4d,ecb359eb0d71,5,1685267185842,38701,161692954,460,1599707,86982405
01c280fa8e4d,ecb359eb0d71,20,1685267185874,38701,161692954,460,1599707,86982405
01c280fa8e4d,ecb359eb0d71,36,1685267303297,38701,161692954,460,1599707,86982405
01c280fa8e4d,ecb359eb0d71,5,1685267304792,38701,161692954,460,1599707,86982405
01c280fa8e4d,ecb359eb0d71,20,1685267304825,38701,161692954,460,1599707,86982405
01c280fa8e4d,ecb359eb0d71,39,1685267402577,38701,161692954,460,1599707,86982405
01c280fa8e4d,ecb359eb0d71,5,1685267408637,38701,161692954,460,1599707,86982405
01c280fa8e4d,ecb359eb0d71,20,1685267408668,38701,161692954,460,1599707,86982405
01c280fa8e4d,ecb359eb0d71,4,1685268743613,38701,85049632,460,1599707,86982405
01c280fa8e4d,ecb359eb0d71,39,1685268744552,38701,85049632,460,1599707,86982405
01c280fa8e4d,ecb359eb0d71,5,1685268744841,38701,85049632,460,1599707,86982405
01c280fa8e4d,ecb359eb0d71,20,1685268744873,38701,85049632,460,1599707,86982405
01c280fa8e4d,ecb359eb0d71,2,1685270185757,38701,161689120,460,1599707,86982405
01c280fa8e4d,ecb359eb0d71,18,1685270185759,38701,161689120,460,1599707,86982405
01c280fa8e4d,ecb359eb0d71,36,1685270185802,38701,161689120,460,1599707,86982405
01c280fa8e4d,ecb359eb0d71,5,1685270186116,38701,161689120,460,1599707,86982405
01c280fa8e4d,ecb359eb0d71,20,1685270186144,38701,161689120,460,1599707,86982405
01c280fa8e4d,ecb359eb0d71,2,1685270303856,38701,161689120,460,1599707,86982405
01c280fa8e4d,ecb359eb0d71,18,1685270303860,38701,161689120,460,1599707,86982405
01c280fa8e4d,ecb359eb0d71,20,1685270313798,38701,161689120,460,1599707,86982405
01c280fa8e4d,ecb359eb0d71,2,1685270435711,38701,161689120,460,1599707,86982405
01c280fa8e4d,ecb359eb0d71,18,1685270435714,38701,161689120,460,1599707,86982405
01c280fa8e4d,ecb359eb0d71,36,1685270435752,38701,161689120,460,1599707,86982405
01c280fa8e4d,ecb359eb0d71,39,1685270435814,38701,161689120,460,1599707,86982405
01c280fa8e4d,ecb359eb0d71,18,1685271744799,38701,161689120,460,1599707,86982405
01c280fa8e4d,ecb359eb0d71,36,1685271744837,38701,161689120,460,1599707,86982405
01c280fa8e4d,ecb359eb0d71,39,1685271744881,38701,161689120,460,1599707,86982405
01c280fa8e4d,ecb359eb0d71,5,1685271745161,38701,161689120,460,1599707,86982405
01c280fa8e4d,ecb359eb0d71,20,1685271745194,38701,161689120,460,1599707,86982405
01c280fa8e4d,ecb359eb0d71,4,1685273184895,38701,161689120,460,1599707,86982405
01c280fa8e4d,ecb359eb0d71,39,1685273186161,38701,161689120,460,1599707,86982405
01c280fa8e4d,ecb359eb0d71,5,1685273186446,38701,161689120,460,1599707,86982405
01c280fa8e4d,ecb359eb0d71,20,1685273186473,38701,161689120,460,1599707,86982405
01c280fa8e4d,ecb359eb0d71,36,1685273304732,38701,161689120,460,1599707,86982405
01c280fa8e4d,ecb359eb0d71,39,1685273304776,38701,161689120,460,1599707,86982405
01c280fa8e4d,ecb359eb0d71,20,1685273314607,38701,161689120,460,1599707,86982405
01c280fa8e4d,ecb359eb0d71,2,1685273468950,38701,161689120,460,1599707,86982405
01c280fa8e4d,ecb359eb0d71,36,1685273469001,38701,161689120,460,1599707,86982405
01c280fa8e4d,ecb359eb0d71,4,1685274745407,38701,161689120,460,1599707,86982405
01c280fa8e4d,ecb359eb0d71,2,1685274746384,38701,161689120,460,1599707,86982405
01c280fa8e4d,ecb359eb0d71,18,1685274746389,38701,161689120,460,1599707,86982405
01c280fa8e4d,ecb359eb0d71,5,1685274746750,38701,161689120,460,1599707,86982405
01c280fa8e4d,ecb359eb0d71,20,1685274746754,38701,161689120,460,1599707,86982405
01c280fa8e4d,ecb359eb0d71,4,1685276186605,38701,161689113,460,1599707,86982405
01c280fa8e4d,ecb359eb0d71,18,1685276187699,38701,161689113,460,1599707,86982405
01c280fa8e4d,ecb359eb0d71,39,1685276187779,38701,161689113,460,1599707,86982405
01c280fa8e4d,ecb359eb0d71,20,1685276188537,38701,161689113,460,1599707,86982405
01c280fa8e4d,ecb359eb0d71,20,1685276188559,38701,250837594,460,1599707,86982405
01c280fa8e4d,ecb359eb0d71,2,1685276305269,38701,161696024,460,1599707,86982405
01c280fa8e4d,ecb359eb0d71,36,1685276305315,38701,161696024,460,1599707,86982405
01c280fa8e4d,ecb359eb0d71,39,1685276305359,38701,161696024,460,1599707,86982405
01c280fa8e4d,ecb359eb0d71,39,1685276312120,38701,161696025,460,1599707,86982405
01c280fa8e4d,ecb359eb0d71,20,1685276319381,38701,161696025,460,1599707,86982405
01c280fa8e4d,ecb359eb0d71,2,1685276502159,38701,161696025,460,1599707,86982405
01c280fa8e4d,ecb359eb0d71,18,1685276502162,38701,161696025,460,1599707,86982405
01c280fa8e4d,ecb359eb0d71,36,1685276502204,38701,161696025,460,1599707,86982405
01c280fa8e4d,ecb359eb0d71,39,1685276502249,38701,161696025,460,1599707,86982405
01c280fa8e4d,ecb359eb0d71,5,1685276502504,38701,161696025,460,1599707,86982405
01c280fa8e4d,ecb359eb0d71,20,1685276502507,38701,161696025,460,1599707,86982405
01c280fa8e4d,ecb359eb0d71,20,1685276502531,38701,161696025,460,1599707,86982405
01c280fa8e4d,ecb359eb0d71,4,1685276969136,38701,161696025,460,1599707,86982405
01c280fa8e4d,ecb359eb0d71,2,1685276971764,38701,161696025,460,1599707,86982405
01c280fa8e4d,ecb359eb0d71,18,1685276971768,38701,161696025,460,1599707,86982405
01c280fa8e4d,ecb359eb0d71,36,1685276971810,38701,161696025,460,1599707,86982405
01c280fa8e4d,ecb359eb0d71,39,1685276971854,38701,161696025,460,1599707,86982405
01c280fa8e4d,ecb359eb0d71,20,1685276972091,38701,161696025,460,1599707,86982405
01c280fa8e4d,ecb359eb0d71,2,1685277746713,38701,161696025,460,1599707,86982405
01c280fa8e4d,ecb359eb0d71,36,1685277746759,38701,161696025,460,1599707,86982405
01c280fa8e4d,ecb359eb0d71,39,1685277746801,38701,161696025,460,1599707,86982405
01c280fa8e4d,ecb359eb0d71,4,1685279186678,38701,161696025,460,1599707,86982405
01c280fa8e4d,ecb359eb0d71,2,1685279187998,38701,161696025,460,1599707,86982405
01c280fa8e4d,ecb359eb0d71,36,1685279188049,38701,161696025,460,1599707,86982405
01c280fa8e4d,ecb359eb0d71,39,1685279188093,38701,161696025,460,1599707,86982405
01c280fa8e4d,ecb359eb0d71,5,1685279188363,38701,161696025,460,1599707,86982405
01c280fa8e4d,ecb359eb0d71,20,1685279188395,38701,161696025,460,1599707,86982405
01c280fa8e4d,ecb359eb0d71,2,1685279305793,38701,161696025,460,1599707,86982405
01c280fa8e4d,ecb359eb0d71,18,1685279305797,38701,161696025,460,1599707,86982405
01c280fa8e4d,ecb359eb0d71,36,1685279305839,38701,161696025,460,1599707,86982405
01c280fa8e4d,ecb359eb0d71,39,1685279305883,38701,161696025,460,1599707,86982405
01c280fa8e4d,ecb359eb0d71,20,1685279313558,38701,161696025,460,1599707,86982405
01c280fa8e4d,ecb359eb0d71,20,1685279313588,38701,161696025,460,1599707,86982405
01c280fa8e4d,ecb359eb0d71,5,1685280747414,38701,161696025,460,1599707,86982405
01c280fa8e4d,ecb359eb0d71,20,1685280747447,38701,161696025,460,1599707,86982405
01c280fa8e4d,ecb359eb0d71,4,1685282187026,38701,161689120,460,1599707,86982405
01c280fa8e4d,ecb359eb0d71,2,1685282188323,38701,161689120,460,1599707,86982405
01c280fa8e4d,ecb359eb0d71,18,1685282188325,38701,161689120,460,1599707,86982405
01c280fa8e4d,ecb359eb0d71,36,1685282188368,38701,161689120,460,1599707,86982405
01c280fa8e4d,ecb359eb0d71,5,1685282188683,38701,161689120,460,1599707,86982405
01c280fa8e4d,ecb359eb0d71,20,1685282188715,38701,161689120,460,1599707,86982405
01c280fa8e4d,ecb359eb0d71,2,1685282306597,38701,161689120,460,1599707,86982405
01c280fa8e4d,ecb359eb0d71,18,1685282306600,38701,161689120,460,1599707,86982405
01c280fa8e4d,ecb359eb0d71,36,1685282306643,38701,161689120,460,1599707,86982405
01c280fa8e4d,ecb359eb0d71,39,1685282306683,38701,161689120,460,1599707,86982405
01c280fa8e4d,ecb359eb0d71,5,1685282311872,38701,161689120,460,1599707,86982405
01c280fa8e4d,ecb359eb0d71,20,1685282311876,38701,161689120,460,1599707,86982405
01c280fa8e4d,ecb359eb0d71,20,1685282311902,38701,161689120,460,1599707,86982405
01c280fa8e4d,ecb359eb0d71,4,1685288189122,38701,161689112,460,1599707,86982405
01c280fa8e4d,ecb359eb0d71,2,1685288190242,38701,161689112,460,1599707,86982405
01c280fa8e4d,ecb359eb0d71,18,1685288190245,38701,161689112,460,1599707,86982405
01c280fa8e4d,ecb359eb0d71,36,1685288190288,38701,161689112,460,1599707,86982405
01c280fa8e4d,ecb359eb0d71,39,1685288190332,38701,161689112,460,1599707,86982405
01c280fa8e4d,ecb359eb0d71,20,1685288190630,38701,161689112,460,1599707,86982405
01c280fa8e4d,ecb359eb0d71,20,1685288190660,38701,161689112,460,1599707,86982405
01c280fa8e4d,ecb359eb0d71,2,1685288307987,38701,161689112,460,1599707,86982405
01c280fa8e4d,ecb359eb0d71,18,1685288307990,38701,161689112,460,1599707,86982405
01c280fa8e4d,ecb359eb0d71,36,1685288308038,38701,161689112,460,1599707,86982405
01c280fa8e4d,ecb359eb0d71,39,1685288308092,38701,161689112,460,1599707,86982405
01c280fa8e4d,ecb359eb0d71,20,1685288317887,38701,161689112,460,1599707,86982405
01c280fa8e4d,ecb359eb0d71,2,1685288635782,38701,161689112,460,1599707,86982405
01c280fa8e4d,ecb359eb0d71,18,1685288635785,38701,161689112,460,1599707,86982405
01c280fa8e4d,ecb359eb0d71,36,1685288635828,38701,161689112,460,1599707,86982405
01c280fa8e4d,ecb359eb0d71,39,1685288635868,38701,161689112,460,1599707,86982405
01c280fa8e4d,ecb359eb0d71,20,1685288645685,38701,161689112,460,1599707,86982405
