054cc95f9ca1,f52228936cec,18,1685203486680,38792,162772251,460,1879702,86215505
054cc95f9ca1,f52228936cec,36,1685203486740,38792,162772251,460,1879702,86215505
054cc95f9ca1,f52228936cec,20,1685203499539,38792,162772251,460,1879702,86215505
054cc95f9ca1,f52228936cec,18,1685203500009,38792,162772251,460,1879702,86215505
054cc95f9ca1,f52228936cec,2,1685203500009,38792,162772251,460,1879702,86215505
054cc95f9ca1,f52228936cec,36,1685206487254,38792,162772248,460,1879702,86215505
054cc95f9ca1,f52228936cec,20,1685206500507,38792,162772248,460,1879702,86215505
054cc95f9ca1,f52228936cec,4,1685208675884,38792,162772251,460,1879702,86215505
054cc95f9ca1,f52228936cec,2,1685208677279,38792,162772251,460,1879702,86215505
054cc95f9ca1,f52228936cec,4,1685208689207,38792,162772251,460,1879702,86215505
054cc95f9ca1,f52228936cec,20,1685208689534,38792,162772251,460,1879702,86215505
054cc95f9ca1,f52228936cec,2,1685208690601,38792,162772251,460,1879702,86215505
054cc95f9ca1,f52228936cec,36,1685208690662,38792,162772251,460,1879702,86215505
054cc95f9ca1,f52228936cec,20,1685208702856,38792,162772251,460,1879702,86215505
054cc95f9ca1,f52228936cec,2,1685209487548,38792,162772250,460,1879702,86215505
054cc95f9ca1,f52228936cec,36,1685209487625,38792,162772250,460,1879702,86215505
054cc95f9ca1,f52228936cec,20,1685209500435,38792,162772250,460,1879702,86215505
054cc95f9ca1,f52228936cec,2,1685209500869,38792,162772250,460,1879702,86215505
054cc95f9ca1,f52228936cec,18,1685209500869,38792,162772250,460,1879702,86215505
054cc95f9ca1,f52228936cec,36,1685209500946,38792,162772250,460,1879702,86215505
054cc95f9ca1,f52228936cec,2,1685211506798,38792,162772248,460,1879702,86215505
054cc95f9ca1,f52228936cec,36,1685211506853,38792,162772248,460,1879702,86215505
054cc95f9ca1,f52228936cec,6,1685211507108,38792,162772248,460,1879702,86215505
054cc95f9ca1,f52228936cec,20,1685211507163,38792,162772248,460,1879702,86215505
054cc95f9ca1,f52228936cec,2,1685211520117,38792,162772248,460,1879702,86215505
054cc95f9ca1,f52228936cec,36,1685211520173,38792,162772248,460,1879702,86215505
054cc95f9ca1,f52228936cec,6,1685211520428,38792,162772248,460,1879702,86215505
054cc95f9ca1,f52228936cec,20,1685211520483,38792,162772248,460,1879702,86215505
054cc95f9ca1,f52228936cec,1,1685229569383,38792,162772251,460,1879702,86215505
054cc95f9ca1,f52228936cec,7,1685229569383,38792,162772251,460,1879702,86215505
054cc95f9ca1,f52228936cec,29,1685229569384,38792,162772251,460,1879702,86215505
054cc95f9ca1,f52228936cec,30,1685229569480,38792,162772251,460,1879702,86215505
054cc95f9ca1,f52228936cec,31,1685229569600,38792,162772251,460,1879702,86215505
054cc95f9ca1,f52228936cec,41,1685229569960,38792,162772251,460,1879702,86215505
054cc95f9ca1,f52228936cec,18,1685229569960,38792,162772251,460,1879702,86215505
054cc95f9ca1,f52228936cec,36,1685229569993,38792,162772251,460,1879702,86215505
054cc95f9ca1,f52228936cec,67,1685229570020,38792,162772251,460,1879702,86215505
054cc95f9ca1,f52228936cec,34,1685229573963,38792,162772251,460,1879702,86215505
054cc95f9ca1,f52228936cec,1,1685229582728,38792,162772251,460,1879702,86215505
054cc95f9ca1,f52228936cec,29,1685229582729,38792,162772251,460,1879702,86215505
054cc95f9ca1,f52228936cec,30,1685229582824,38792,162772251,460,1879702,86215505
054cc95f9ca1,f52228936cec,31,1685229582945,38792,162772251,460,1879702,86215505
054cc95f9ca1,f52228936cec,41,1685229583304,38792,162772251,460,1879702,86215505
054cc95f9ca1,f52228936cec,18,1685229583304,38792,162772251,460,1879702,86215505
054cc95f9ca1,f52228936cec,36,1685229583338,38792,162772251,460,1879702,86215505
054cc95f9ca1,f52228936cec,67,1685229583364,38792,162772251,460,1879702,86215505
054cc95f9ca1,f52228936cec,7,1685229587206,38792,162772251,460,1879702,86215505
054cc95f9ca1,f52228936cec,34,1685229587308,38792,162772251,460,1879702,86215505
054cc95f9ca1,f52228936cec,41,1685229587308,38792,162772251,460,1879702,86215505
054cc95f9ca1,f52228936cec,20,1685229601534,38792,162772251,460,1879702,86215505
054cc95f9ca1,f52228936cec,2,1685232575252,38792,162772251,460,1879702,86215505
054cc95f9ca1,f52228936cec,2,1685232588597,38792,162772251,460,1879702,86215505
054cc95f9ca1,f52228936cec,2,1685232737232,38792,162772251,460,1879702,86215505
054cc95f9ca1,f52228936cec,36,1685232737293,38792,162772251,460,1879702,86215505
054cc95f9ca1,f52228936cec,20,1685232749533,38792,162772251,460,1879702,86215505
054cc95f9ca1,f52228936cec,2,1685233341572,38792,162772251,460,1879702,86215505
054cc95f9ca1,f52228936cec,36,1685233341639,38792,162772251,460,1879702,86215505
054cc95f9ca1,f52228936cec,4,1685233354384,38792,162772251,460,1879702,86215505
054cc95f9ca1,f52228936cec,36,1685233354983,38792,162772251,460,1879702,86215505
054cc95f9ca1,f52228936cec,20,1685233355530,38792,162772251,460,1879702,86215505
054cc95f9ca1,f52228936cec,20,1685233368875,38792,162772251,460,1879702,86215505
054cc95f9ca1,f52228936cec,36,1685235575923,38792,162772248,460,1879702,86215505
054cc95f9ca1,f52228936cec,36,1685235589266,38792,162772248,460,1879702,86215505
054cc95f9ca1,f52228936cec,20,1685238602494,38792,162772248,460,1879702,86215505
054cc95f9ca1,f52228936cec,2,1685241577070,38792,162772251,460,1879702,86215505
054cc95f9ca1,f52228936cec,20,1685241589532,38792,162772251,460,1879702,86215505
054cc95f9ca1,f52228936cec,18,1685241590403,38792,162772251,460,1879702,86215505
054cc95f9ca1,f52228936cec,20,1685241602865,38792,162772251,460,1879702,86215505
054cc95f9ca1,f52228936cec,4,1685242334164,38792,162772251,460,1879702,86215505
054cc95f9ca1,f52228936cec,2,1685242334855,38792,162772251,460,1879702,86215505
054cc95f9ca1,f52228936cec,4,1685242347496,38792,162772251,460,1879702,86215505
054cc95f9ca1,f52228936cec,2,1685242348187,38792,162772251,460,1879702,86215505
054cc95f9ca1,f52228936cec,20,1685242360863,38792,162772251,460,1879702,86215505
054cc95f9ca1,f52228936cec,36,1685244591119,38792,162772251,460,1879702,86215505
054cc95f9ca1,f52228936cec,36,1685247578411,38792,162772251,460,1879702,86215505
054cc95f9ca1,f52228936cec,20,1685247591526,38792,162772251,460,1879702,86215505
054cc95f9ca1,f52228936cec,2,1685247591676,38792,162772251,460,1879702,86215505
054cc95f9ca1,f52228936cec,36,1685247591738,38792,162772251,460,1879702,86215505
054cc95f9ca1,f52228936cec,2,1685250579088,38792,163546650,460,1879702,86215505
054cc95f9ca1,f52228936cec,36,1685250579139,38792,163546650,460,1879702,86215505
054cc95f9ca1,f52228936cec,2,1685250592415,38792,163546650,460,1879702,86215505
054cc95f9ca1,f52228936cec,36,1685250592466,38792,163546650,460,1879702,86215505
054cc95f9ca1,f52228936cec,20,1685250592620,38792,163546650,460,1879702,86215505
054cc95f9ca1,f52228936cec,36,1685250943700,38792,251311196,460,1879702,86215505
054cc95f9ca1,f52228936cec,34,1685250943845,38792,251311196,460,1879702,86215505
054cc95f9ca1,f52228936cec,2,1685250956971,38792,251311196,460,1879702,86215505
054cc95f9ca1,f52228936cec,18,1685250956975,38792,251311196,460,1879702,86215505
054cc95f9ca1,f52228936cec,36,1685250957028,38792,251311196,460,1879702,86215505
054cc95f9ca1,f52228936cec,41,1685250957173,38792,251311196,460,1879702,86215505
054cc95f9ca1,f52228936cec,20,1685250986520,38792,251311196,460,1879702,86215505
054cc95f9ca1,f52228936cec,2,1685250986889,38792,251311193,460,1879702,86215505
054cc95f9ca1,f52228936cec,18,1685250986892,38792,251311193,460,1879702,86215505
054cc95f9ca1,f52228936cec,36,1685250986946,38792,251311193,460,1879702,86215505
054cc95f9ca1,f52228936cec,2,1685250994718,38792,251311193,460,1879702,86215505
054cc95f9ca1,f52228936cec,20,1685250994726,38792,251311193,460,1879702,86215505
054cc95f9ca1,f52228936cec,36,1685250994811,38792,251311193,460,1879702,86215505
054cc95f9ca1,f52228936cec,20,1685250999848,38792,251311196,460,1879702,86215505
054cc95f9ca1,f52228936cec,36,1685251000273,38792,251311193,460,1879702,86215505
054cc95f9ca1,f52228936cec,20,1685251008054,38792,251311193,460,1879702,86215505
054cc95f9ca1,f52228936cec,18,1685251008087,38792,251311193,460,1879702,86215505
054cc95f9ca1,f52228936cec,36,1685251008139,38792,251311193,460,1879702,86215505
054cc95f9ca1,f52228936cec,16,1685251065824,38792,251311193,460,1879702,86215505
054cc95f9ca1,f52228936cec,15,1685251079156,38792,163543322,460,1879702,86215505
054cc95f9ca1,f52228936cec,20,1685251082733,38792,163543322,460,1879702,86215505
054cc95f9ca1,f52228936cec,20,1685251096061,38792,163543322,460,1879702,86215505
054cc95f9ca1,f52228936cec,2,1685251126483,38792,251311196,460,1879702,86215505
054cc95f9ca1,f52228936cec,36,1685251126540,38792,251311196,460,1879702,86215505
054cc95f9ca1,f52228936cec,2,1685251139903,38792,251311196,460,1879702,86215505
054cc95f9ca1,f52228936cec,18,1685251139906,38792,251311196,460,1879702,86215505
054cc95f9ca1,f52228936cec,20,1685251165356,38792,251311196,460,1879702,86215505
054cc95f9ca1,f52228936cec,20,1685251178684,38792,251311196,460,1879702,86215505
054cc95f9ca1,f52228936cec,2,1685251235663,38792,251311196,460,1879702,86215505
054cc95f9ca1,f52228936cec,36,1685251235715,38792,251311196,460,1879702,86215505
054cc95f9ca1,f52228936cec,36,1685251249043,38792,251311196,460,1879702,86215505
054cc95f9ca1,f52228936cec,20,1685251270688,38792,251311196,460,1879702,86215505
054cc95f9ca1,f52228936cec,2,1685251295454,38792,251311196,460,1879702,86215505
054cc95f9ca1,f52228936cec,36,1685251295505,38792,251311196,460,1879702,86215505
054cc95f9ca1,f52228936cec,2,1685251308782,38792,251311196,460,1879702,86215505
054cc95f9ca1,f52228936cec,36,1685251308833,38792,251311196,460,1879702,86215505
054cc95f9ca1,f52228936cec,20,1685251323320,38792,251311196,460,1879702,86215505
054cc95f9ca1,f52228936cec,18,1685251381487,38792,251311196,460,1879702,86215505
054cc95f9ca1,f52228936cec,36,1685251381535,38792,251311196,460,1879702,86215505
054cc95f9ca1,f52228936cec,2,1685251394811,38792,251311196,460,1879702,86215505
054cc95f9ca1,f52228936cec,18,1685251394815,38792,251311196,460,1879702,86215505
054cc95f9ca1,f52228936cec,20,1685251408376,38792,251311196,460,1879702,86215505
054cc95f9ca1,f52228936cec,20,1685251421704,38792,251311196,460,1879702,86215505
054cc95f9ca1,f52228936cec,36,1685251440920,38792,251311196,460,1879702,86215505
054cc95f9ca1,f52228936cec,20,1685251453428,38792,251311196,460,1879702,86215505
054cc95f9ca1,f52228936cec,20,1685251466756,38792,251311196,460,1879702,86215505
054cc95f9ca1,f52228936cec,2,1685251538843,38792,251311196,460,1879702,86215505
054cc95f9ca1,f52228936cec,18,1685251538848,38792,251311196,460,1879702,86215505
054cc95f9ca1,f52228936cec,2,1685251552171,38792,251311196,460,1879702,86215505
054cc95f9ca1,f52228936cec,36,1685251552229,38792,251311196,460,1879702,86215505
054cc95f9ca1,f52228936cec,20,1685251552462,38792,251311196,460,1879702,86215505
054cc95f9ca1,f52228936cec,20,1685251565790,38792,251311196,460,1879702,86215505
054cc95f9ca1,f52228936cec,18,1685251568127,38792,251311196,460,1879702,86215505
054cc95f9ca1,f52228936cec,2,1685251581452,38792,251311196,460,1879702,86215505
054cc95f9ca1,f52228936cec,36,1685251581509,38792,251311196,460,1879702,86215505
054cc95f9ca1,f52228936cec,2,1685251628923,38792,251311193,460,1879702,86215505
054cc95f9ca1,f52228936cec,18,1685251628927,38792,251311193,460,1879702,86215505
054cc95f9ca1,f52228936cec,4,1685251641662,38792,251311193,460,1879702,86215505
054cc95f9ca1,f52228936cec,20,1685251656224,38792,251311193,460,1879702,86215505
054cc95f9ca1,f52228936cec,36,1685251682945,38792,251311196,460,1879702,86215505
054cc95f9ca1,f52228936cec,2,1685251696211,38792,251311196,460,1879702,86215505
054cc95f9ca1,f52228936cec,18,1685251696222,38792,251311196,460,1879702,86215505
054cc95f9ca1,f52228936cec,2,1685251702008,38792,251303007,460,1879702,86215505
054cc95f9ca1,f52228936cec,18,1685251702018,38792,251303007,460,1879702,86215505
054cc95f9ca1,f52228936cec,20,1685251710227,38792,251311196,460,1879702,86215505
054cc95f9ca1,f52228936cec,20,1685251715359,38792,251303007,460,1879702,86215505
054cc95f9ca1,f52228936cec,36,1685251715396,38792,251303007,460,1879702,86215505
054cc95f9ca1,f52228936cec,2,1685251740352,38792,251303007,460,1879702,86215505
054cc95f9ca1,f52228936cec,18,1685251740362,38792,251303007,460,1879702,86215505
054cc95f9ca1,f52228936cec,36,1685251740423,38792,251303007,460,1879702,86215505
054cc95f9ca1,f52228936cec,36,1685251753751,38792,251303007,460,1879702,86215505
054cc95f9ca1,f52228936cec,2,1685251797747,38792,251303001,460,1879702,86215505
054cc95f9ca1,f52228936cec,36,1685251797815,38792,251303001,460,1879702,86215505
054cc95f9ca1,f52228936cec,2,1685251811075,38792,251303001,460,1879702,86215505
054cc95f9ca1,f52228936cec,18,1685251811084,38792,251303001,460,1879702,86215505
054cc95f9ca1,f52228936cec,36,1685251811143,38792,251303001,460,1879702,86215505
054cc95f9ca1,f52228936cec,2,1685251822223,38792,251311196,460,1879702,86215505
054cc95f9ca1,f52228936cec,18,1685251822228,38792,251311196,460,1879702,86215505
054cc95f9ca1,f52228936cec,36,1685251822280,38792,251311196,460,1879702,86215505
054cc95f9ca1,f52228936cec,20,1685251828029,38792,251303001,460,1879702,86215505
054cc95f9ca1,f52228936cec,2,1685251835551,38792,251311196,460,1879702,86215505
054cc95f9ca1,f52228936cec,20,1685251835623,38792,251311196,460,1879702,86215505
054cc95f9ca1,f52228936cec,20,1685251848952,38792,251311196,460,1879702,86215505
054cc95f9ca1,f52228936cec,2,1685251871783,38792,251311196,460,1879702,86215505
054cc95f9ca1,f52228936cec,20,1685251908566,38792,251311196,460,1879702,86215505
054cc95f9ca1,f52228936cec,2,1685251913324,38792,251311196,460,1879702,86215505
054cc95f9ca1,f52228936cec,36,1685251913380,38792,251311196,460,1879702,86215505
054cc95f9ca1,f52228936cec,16,1685251917049,38792,251311196,460,1879702,86215505
054cc95f9ca1,f52228936cec,15,1685251917053,38792,163489822,460,1879702,86215505
054cc95f9ca1,f52228936cec,20,1685251921895,38792,251311196,460,1879702,86215505
054cc95f9ca1,f52228936cec,18,1685251926656,38792,251311196,460,1879702,86215505
054cc95f9ca1,f52228936cec,20,1685251932514,38792,251311196,460,1879702,86215505
054cc95f9ca1,f52228936cec,18,1685251958482,38792,163543321,460,1879702,86215505
054cc95f9ca1,f52228936cec,36,1685251958536,38792,163543321,460,1879702,86215505
054cc95f9ca1,f52228936cec,14,1685251959040,38792,251324248,460,1879702,86215505
054cc95f9ca1,f52228936cec,15,1685251961047,38792,251311192,460,1879702,86215505
054cc95f9ca1,f52228936cec,16,1685251961048,38792,251324248,460,1879702,86215505
054cc95f9ca1,f52228936cec,18,1685251971811,38792,163543321,460,1879702,86215505
054cc95f9ca1,f52228936cec,36,1685251971865,38792,163543321,460,1879702,86215505
054cc95f9ca1,f52228936cec,14,1685251972369,38792,251324248,460,1879702,86215505
054cc95f9ca1,f52228936cec,16,1685251974377,38792,251324248,460,1879702,86215505
054cc95f9ca1,f52228936cec,20,1685251976499,38792,251324248,460,1879702,86215505
054cc95f9ca1,f52228936cec,20,1685251982537,38792,251311192,460,1879702,86215505
054cc95f9ca1,f52228936cec,2,1685252042203,38792,251311192,460,1879702,86215505
054cc95f9ca1,f52228936cec,18,1685252042209,38792,251311192,460,1879702,86215505
054cc95f9ca1,f52228936cec,20,1685252046101,38792,251311192,460,1879702,86215505
054cc95f9ca1,f52228936cec,20,1685252048922,38792,117055464,460,1879702,86215505
054cc95f9ca1,f52228936cec,20,1685252057117,38792,117054440,460,1879702,86215505
054cc95f9ca1,f52228936cec,16,1685252057298,38792,251311192,460,1879702,86215505
054cc95f9ca1,f52228936cec,15,1685252057303,38792,117055464,460,1879702,86215505
054cc95f9ca1,f52228936cec,16,1685252060103,38792,117055464,460,1879702,86215505
054cc95f9ca1,f52228936cec,20,1685252062251,38792,117055464,460,1879702,86215505
054cc95f9ca1,f52228936cec,20,1685252070446,38792,117054440,460,1879702,86215505
054cc95f9ca1,f52228936cec,2,1685252206002,38792,163448863,460,1879702,86215505
054cc95f9ca1,f52228936cec,18,1685252206007,38792,163448863,460,1879702,86215505
054cc95f9ca1,f52228936cec,36,1685252206062,38792,163448863,460,1879702,86215505
054cc95f9ca1,f52228936cec,36,1685252219391,38792,163448863,460,1879702,86215505
054cc95f9ca1,f52228936cec,20,1685252222066,38792,163448863,460,1879702,86215505
054cc95f9ca1,f52228936cec,36,1685252222602,38792,163448863,460,1879702,86215505
054cc95f9ca1,f52228936cec,18,1685252235876,38792,163448863,460,1879702,86215505
054cc95f9ca1,f52228936cec,36,1685252235931,38792,163448863,460,1879702,86215505
054cc95f9ca1,f52228936cec,20,1685252281396,38792,163448863,460,1879702,86215505
054cc95f9ca1,f52228936cec,18,1685252350376,38792,251310696,460,1879702,86215505
054cc95f9ca1,f52228936cec,36,1685252350444,38792,251310696,460,1879702,86215505
054cc95f9ca1,f52228936cec,2,1685252350528,38792,251310696,460,1879702,86215505
054cc95f9ca1,f52228936cec,36,1685252350605,38792,251310696,460,1879702,86215505
054cc95f9ca1,f52228936cec,20,1685252379355,38792,251310696,460,1879702,86215505
054cc95f9ca1,f52228936cec,2,1685252393833,38792,251310696,460,1879702,86215505
054cc95f9ca1,f52228936cec,36,1685252407220,38792,251310696,460,1879702,86215505
054cc95f9ca1,f52228936cec,20,1685252439858,38792,251310696,460,1879702,86215505
054cc95f9ca1,f52228936cec,2,1685252486533,38792,251310696,460,1879702,86215505
054cc95f9ca1,f52228936cec,18,1685252486540,38792,251310696,460,1879702,86215505
054cc95f9ca1,f52228936cec,36,1685252486589,38792,251310696,460,1879702,86215505
054cc95f9ca1,f52228936cec,4,1685252498531,38792,251310696,460,1879702,86215505
054cc95f9ca1,f52228936cec,2,1685252498731,38792,251310696,460,1879702,86215505
054cc95f9ca1,f52228936cec,18,1685252498749,38792,251310696,460,1879702,86215505
054cc95f9ca1,f52228936cec,36,1685252498799,38792,251310696,460,1879702,86215505
054cc95f9ca1,f52228936cec,2,1685252512061,38792,251310696,460,1879702,86215505
054cc95f9ca1,f52228936cec,20,1685252513871,38792,251310696,460,1879702,86215505
054cc95f9ca1,f52228936cec,20,1685252527200,38792,251310696,460,1879702,86215505
054cc95f9ca1,f52228936cec,18,1685252532556,38792,251310696,460,1879702,86215505
054cc95f9ca1,f52228936cec,36,1685252532610,38792,251310696,460,1879702,86215505
054cc95f9ca1,f52228936cec,36,1685252545940,38792,251310696,460,1879702,86215505
054cc95f9ca1,f52228936cec,20,1685252563192,38792,251310696,460,1879702,86215505
054cc95f9ca1,f52228936cec,18,1685252584148,38792,251310696,460,1879702,86215505
054cc95f9ca1,f52228936cec,20,1685252597384,38792,251310696,460,1879702,86215505
054cc95f9ca1,f52228936cec,2,1685252597472,38792,251310696,460,1879702,86215505
054cc95f9ca1,f52228936cec,18,1685252597478,38792,251310696,460,1879702,86215505
054cc95f9ca1,f52228936cec,20,1685252610713,38792,251310696,460,1879702,86215505
054cc95f9ca1,f52228936cec,2,1685252617332,38792,251310696,460,1879702,86215505
054cc95f9ca1,f52228936cec,36,1685252617391,38792,251310696,460,1879702,86215505
054cc95f9ca1,f52228936cec,2,1685252630662,38792,251310696,460,1879702,86215505
054cc95f9ca1,f52228936cec,18,1685252630667,38792,251310696,460,1879702,86215505
054cc95f9ca1,f52228936cec,36,1685252630720,38792,251310696,460,1879702,86215505
054cc95f9ca1,f52228936cec,2,1685252640312,38792,251310696,460,1879702,86215505
054cc95f9ca1,f52228936cec,20,1685252643205,38792,251310696,460,1879702,86215505
054cc95f9ca1,f52228936cec,36,1685252653699,38792,251310696,460,1879702,86215505
054cc95f9ca1,f52228936cec,2,1685252663032,38792,251310696,460,1879702,86215505
054cc95f9ca1,f52228936cec,36,1685252663104,38792,251310696,460,1879702,86215505
054cc95f9ca1,f52228936cec,18,1685252676385,38792,251310696,460,1879702,86215505
054cc95f9ca1,f52228936cec,36,1685252676433,38792,251310696,460,1879702,86215505
054cc95f9ca1,f52228936cec,2,1685252822147,38792,162727711,460,1879702,86215505
054cc95f9ca1,f52228936cec,36,1685252822208,38792,162727711,460,1879702,86215505
054cc95f9ca1,f52228936cec,14,1685252824816,38792,162739482,460,1879702,86215505
054cc95f9ca1,f52228936cec,2,1685252835476,38792,162727711,460,1879702,86215505
054cc95f9ca1,f52228936cec,20,1685252835881,38792,162739482,460,1879702,86215505
054cc95f9ca1,f52228936cec,20,1685252849211,38792,162739482,460,1879702,86215505
054cc95f9ca1,f52228936cec,2,1685252859012,38792,162727711,460,1879702,86215505
054cc95f9ca1,f52228936cec,18,1685252859017,38792,162727711,460,1879702,86215505
054cc95f9ca1,f52228936cec,2,1685252872342,38792,162727711,460,1879702,86215505
054cc95f9ca1,f52228936cec,18,1685252872347,38792,162727711,460,1879702,86215505
054cc95f9ca1,f52228936cec,20,1685252884763,38792,162727711,460,1879702,86215505
054cc95f9ca1,f52228936cec,2,1685252940397,38792,162727711,460,1879702,86215505
054cc95f9ca1,f52228936cec,18,1685252940403,38792,162727711,460,1879702,86215505
054cc95f9ca1,f52228936cec,36,1685252940461,38792,162727711,460,1879702,86215505
054cc95f9ca1,f52228936cec,14,1685252945377,38792,162739482,460,1879702,86215505
054cc95f9ca1,f52228936cec,20,1685252953423,38792,162739482,460,1879702,86215505
054cc95f9ca1,f52228936cec,2,1685252953727,38792,162727711,460,1879702,86215505
054cc95f9ca1,f52228936cec,18,1685252953733,38792,162727711,460,1879702,86215505
054cc95f9ca1,f52228936cec,36,1685252953791,38792,162727711,460,1879702,86215505
054cc95f9ca1,f52228936cec,14,1685252958156,38792,162792473,460,1879702,86215505
054cc95f9ca1,f52228936cec,14,1685252958707,38792,162739482,460,1879702,86215505
054cc95f9ca1,f52228936cec,20,1685252966753,38792,162739482,460,1879702,86215505
054cc95f9ca1,f52228936cec,36,1685253122675,38792,251310428,460,1879702,86215505
054cc95f9ca1,f52228936cec,2,1685253135949,38792,251310428,460,1879702,86215505
054cc95f9ca1,f52228936cec,36,1685253136006,38792,251310428,460,1879702,86215505
054cc95f9ca1,f52228936cec,20,1685253136409,38792,251310428,460,1879702,86215505
054cc95f9ca1,f52228936cec,18,1685253137348,38792,251310428,460,1879702,86215505
054cc95f9ca1,f52228936cec,2,1685253137348,38792,251310428,460,1879702,86215505
054cc95f9ca1,f52228936cec,36,1685253137406,38792,251310428,460,1879702,86215505
054cc95f9ca1,f52228936cec,20,1685253149740,38792,251310428,460,1879702,86215505
054cc95f9ca1,f52228936cec,2,1685253150679,38792,251310428,460,1879702,86215505
054cc95f9ca1,f52228936cec,36,1685253150737,38792,251310428,460,1879702,86215505
054cc95f9ca1,f52228936cec,20,1685253164740,38792,251310428,460,1879702,86215505
054cc95f9ca1,f52228936cec,36,1685253168625,38792,251310696,460,1879702,86215505
054cc95f9ca1,f52228936cec,20,1685253226051,38792,251310696,460,1879702,86215505
054cc95f9ca1,f52228936cec,18,1685253242157,38792,251310696,460,1879702,86215505
054cc95f9ca1,f52228936cec,16,1685253246848,38792,251310696,460,1879702,86215505
054cc95f9ca1,f52228936cec,15,1685253246853,38792,251310428,460,1879702,86215505
054cc95f9ca1,f52228936cec,2,1685253255483,38792,251310696,460,1879702,86215505
054cc95f9ca1,f52228936cec,18,1685253255488,38792,251310696,460,1879702,86215505
054cc95f9ca1,f52228936cec,36,1685253255536,38792,251310696,460,1879702,86215505
054cc95f9ca1,f52228936cec,2,1685253257308,38792,251310428,460,1879702,86215505
054cc95f9ca1,f52228936cec,36,1685253257365,38792,251310428,460,1879702,86215505
054cc95f9ca1,f52228936cec,16,1685253260179,38792,251310696,460,1879702,86215505
054cc95f9ca1,f52228936cec,15,1685253260183,38792,251310428,460,1879702,86215505
054cc95f9ca1,f52228936cec,20,1685253262299,38792,251310696,460,1879702,86215505
054cc95f9ca1,f52228936cec,2,1685253270639,38792,251310428,460,1879702,86215505
054cc95f9ca1,f52228936cec,36,1685253270696,38792,251310428,460,1879702,86215505
054cc95f9ca1,f52228936cec,36,1685253350270,38792,251310428,460,1879702,86215505
054cc95f9ca1,f52228936cec,20,1685253362498,38792,251310428,460,1879702,86215505
054cc95f9ca1,f52228936cec,2,1685253363549,38792,251310428,460,1879702,86215505
054cc95f9ca1,f52228936cec,4,1685253442424,38792,251310428,460,1879702,86215505
054cc95f9ca1,f52228936cec,2,1685253442718,38792,251310428,460,1879702,86215505
054cc95f9ca1,f52228936cec,18,1685253442730,38792,251310428,460,1879702,86215505
054cc95f9ca1,f52228936cec,2,1685253456049,38792,251310428,460,1879702,86215505
054cc95f9ca1,f52228936cec,20,1685253456053,38792,251310428,460,1879702,86215505
054cc95f9ca1,f52228936cec,18,1685253456062,38792,251310428,460,1879702,86215505
054cc95f9ca1,f52228936cec,4,1685253500387,38792,251310428,460,1879702,86215505
054cc95f9ca1,f52228936cec,2,1685253501589,38792,251310428,460,1879702,86215505
054cc95f9ca1,f52228936cec,36,1685253501646,38792,251310428,460,1879702,86215505
054cc95f9ca1,f52228936cec,4,1685253513718,38792,251310428,460,1879702,86215505
054cc95f9ca1,f52228936cec,36,1685253542212,38792,251310428,460,1879702,86215505
054cc95f9ca1,f52228936cec,2,1685253555484,38792,251310428,460,1879702,86215505
054cc95f9ca1,f52228936cec,20,1685253556307,38792,251310428,460,1879702,86215505
054cc95f9ca1,f52228936cec,20,1685253569638,38792,251310428,460,1879702,86215505
054cc95f9ca1,f52228936cec,36,1685253579645,38792,251310428,460,1879702,86215505
054cc95f9ca1,f52228936cec,36,1685253592977,38792,251310428,460,1879702,86215505
054cc95f9ca1,f52228936cec,20,1685253605769,38792,251310428,460,1879702,86215505
054cc95f9ca1,f52228936cec,2,1685253650008,38792,251310428,460,1879702,86215505
054cc95f9ca1,f52228936cec,2,1685253663340,38792,251310428,460,1879702,86215505
054cc95f9ca1,f52228936cec,20,1685253690622,38792,251310428,460,1879702,86215505
054cc95f9ca1,f52228936cec,36,1685253709390,38792,251310428,460,1879702,86215505
054cc95f9ca1,f52228936cec,36,1685253770421,38792,251310428,460,1879702,86215505
054cc95f9ca1,f52228936cec,2,1685253783700,38792,251310428,460,1879702,86215505
054cc95f9ca1,f52228936cec,36,1685253783752,38792,251310428,460,1879702,86215505
054cc95f9ca1,f52228936cec,2,1685253808778,38792,251310428,460,1879702,86215505
054cc95f9ca1,f52228936cec,18,1685253808779,38792,251310428,460,1879702,86215505
054cc95f9ca1,f52228936cec,36,1685253822168,38792,251310428,460,1879702,86215505
054cc95f9ca1,f52228936cec,20,1685253822517,38792,251310428,460,1879702,86215505
054cc95f9ca1,f52228936cec,2,1685253823398,38792,251310428,460,1879702,86215505
054cc95f9ca1,f52228936cec,20,1685253835849,38792,251310428,460,1879702,86215505
054cc95f9ca1,f52228936cec,2,1685253836730,38792,251310428,460,1879702,86215505
054cc95f9ca1,f52228936cec,20,1685253854539,38792,251310428,460,1879702,86215505
054cc95f9ca1,f52228936cec,2,1685253911453,38792,251310428,460,1879702,86215505
054cc95f9ca1,f52228936cec,2,1685253924785,38792,251310428,460,1879702,86215505
054cc95f9ca1,f52228936cec,2,1685253925348,38792,251310428,460,1879702,86215505
054cc95f9ca1,f52228936cec,20,1685253937874,38792,251310428,460,1879702,86215505
054cc95f9ca1,f52228936cec,20,1685253938533,38792,251310428,460,1879702,86215505
054cc95f9ca1,f52228936cec,36,1685253938737,38792,251310428,460,1879702,86215505
054cc95f9ca1,f52228936cec,20,1685253951865,38792,251310428,460,1879702,86215505
054cc95f9ca1,f52228936cec,36,1685253956040,38792,251310428,460,1879702,86215505
054cc95f9ca1,f52228936cec,18,1685253968357,38792,251310428,460,1879702,86215505
054cc95f9ca1,f52228936cec,4,1685253968808,38792,251310428,460,1879702,86215505
054cc95f9ca1,f52228936cec,2,1685253969315,38792,251310428,460,1879702,86215505
054cc95f9ca1,f52228936cec,36,1685253969372,38792,251310428,460,1879702,86215505
054cc95f9ca1,f52228936cec,20,1685254004805,38792,251310428,460,1879702,86215505
054cc95f9ca1,f52228936cec,20,1685254018138,38792,251310428,460,1879702,86215505
054cc95f9ca1,f52228936cec,2,1685254019080,38792,251310428,460,1879702,86215505
054cc95f9ca1,f52228936cec,2,1685254057571,38792,251310428,460,1879702,86215505
054cc95f9ca1,f52228936cec,36,1685254057633,38792,251310428,460,1879702,86215505
054cc95f9ca1,f52228936cec,20,1685254076799,38792,251310428,460,1879702,86215505
054cc95f9ca1,f52228936cec,20,1685254090131,38792,251310428,460,1879702,86215505
054cc95f9ca1,f52228936cec,36,1685254140221,38792,251310428,460,1879702,86215505
054cc95f9ca1,f52228936cec,20,1685254162802,38792,251310428,460,1879702,86215505
054cc95f9ca1,f52228936cec,4,1685254196756,38792,251310428,460,1879702,86215505
054cc95f9ca1,f52228936cec,2,1685254197898,38792,251310428,460,1879702,86215505
054cc95f9ca1,f52228936cec,2,1685254211230,38792,251310428,460,1879702,86215505
054cc95f9ca1,f52228936cec,20,1685254229887,38792,251310428,460,1879702,86215505
054cc95f9ca1,f52228936cec,2,1685254238148,38792,251310428,460,1879702,86215505
054cc95f9ca1,f52228936cec,36,1685254238200,38792,251310428,460,1879702,86215505
054cc95f9ca1,f52228936cec,36,1685254251533,38792,251310428,460,1879702,86215505
054cc95f9ca1,f52228936cec,36,1685254297111,38792,251310428,460,1879702,86215505
054cc95f9ca1,f52228936cec,20,1685254314549,38792,251310428,460,1879702,86215505
054cc95f9ca1,f52228936cec,20,1685254327882,38792,251310428,460,1879702,86215505
054cc95f9ca1,f52228936cec,2,1685254361663,38792,251310428,460,1879702,86215505
054cc95f9ca1,f52228936cec,36,1685254361716,38792,251310428,460,1879702,86215505
054cc95f9ca1,f52228936cec,20,1685254374801,38792,251310428,460,1879702,86215505
054cc95f9ca1,f52228936cec,2,1685254374996,38792,251310428,460,1879702,86215505
054cc95f9ca1,f52228936cec,36,1685254375049,38792,251310428,460,1879702,86215505
054cc95f9ca1,f52228936cec,2,1685254382168,38792,251310428,460,1879702,86215505
054cc95f9ca1,f52228936cec,2,1685254395501,38792,251310428,460,1879702,86215505
054cc95f9ca1,f52228936cec,36,1685254395559,38792,251310428,460,1879702,86215505
054cc95f9ca1,f52228936cec,20,1685254407885,38792,251310428,460,1879702,86215505
054cc95f9ca1,f52228936cec,36,1685254409694,38792,251310428,460,1879702,86215505
054cc95f9ca1,f52228936cec,20,1685254424126,38792,251310428,460,1879702,86215505
054cc95f9ca1,f52228936cec,2,1685254441198,38792,251310428,460,1879702,86215505
054cc95f9ca1,f52228936cec,36,1685254454583,38792,251310428,460,1879702,86215505
054cc95f9ca1,f52228936cec,20,1685254474018,38792,251310428,460,1879702,86215505
054cc95f9ca1,f52228936cec,2,1685254528508,38792,251310428,460,1879702,86215505
054cc95f9ca1,f52228936cec,2,1685254541841,38792,251310428,460,1879702,86215505
054cc95f9ca1,f52228936cec,20,1685254562688,38792,251310428,460,1879702,86215505
054cc95f9ca1,f52228936cec,2,1685254623168,38792,251310428,460,1879702,86215505
054cc95f9ca1,f52228936cec,20,1685254636722,38792,251310428,460,1879702,86215505
054cc95f9ca1,f52228936cec,2,1685254676938,38792,251310428,460,1879702,86215505
054cc95f9ca1,f52228936cec,36,1685254676994,38792,251310428,460,1879702,86215505
054cc95f9ca1,f52228936cec,2,1685254690272,38792,251310428,460,1879702,86215505
054cc95f9ca1,f52228936cec,36,1685254690328,38792,251310428,460,1879702,86215505
054cc95f9ca1,f52228936cec,20,1685254704158,38792,251310428,460,1879702,86215505
054cc95f9ca1,f52228936cec,2,1685254742227,38792,162726174,460,1879702,86215505
054cc95f9ca1,f52228936cec,18,1685254742232,38792,162726174,460,1879702,86215505
054cc95f9ca1,f52228936cec,36,1685254742287,38792,162726174,460,1879702,86215505
054cc95f9ca1,f52228936cec,14,1685254746542,38792,162727193,460,1879702,86215505
054cc95f9ca1,f52228936cec,18,1685254755566,38792,162726174,460,1879702,86215505
054cc95f9ca1,f52228936cec,36,1685254755620,38792,162726174,460,1879702,86215505
054cc95f9ca1,f52228936cec,20,1685254758175,38792,162727193,460,1879702,86215505
054cc95f9ca1,f52228936cec,20,1685254771509,38792,162727193,460,1879702,86215505
054cc95f9ca1,f52228936cec,2,1685254835915,38792,163543065,460,1879702,86215505
054cc95f9ca1,f52228936cec,36,1685254835966,38792,163543065,460,1879702,86215505
054cc95f9ca1,f52228936cec,36,1685254849300,38792,163543065,460,1879702,86215505
054cc95f9ca1,f52228936cec,20,1685254851171,38792,163543065,460,1879702,86215505
054cc95f9ca1,f52228936cec,4,1685254862055,38792,162726174,460,1879702,86215505
054cc95f9ca1,f52228936cec,20,1685254864505,38792,163543065,460,1879702,86215505
054cc95f9ca1,f52228936cec,2,1685254864787,38792,162726174,460,1879702,86215505
054cc95f9ca1,f52228936cec,36,1685254864847,38792,162726174,460,1879702,86215505
054cc95f9ca1,f52228936cec,14,1685254869251,38792,162727194,460,1879702,86215505
054cc95f9ca1,f52228936cec,2,1685254878121,38792,162726174,460,1879702,86215505
054cc95f9ca1,f52228936cec,36,1685254878181,38792,162726174,460,1879702,86215505
054cc95f9ca1,f52228936cec,14,1685254879856,38792,163550745,460,1879702,86215505
054cc95f9ca1,f52228936cec,14,1685254882585,38792,162727194,460,1879702,86215505
054cc95f9ca1,f52228936cec,20,1685254885462,38792,162727194,460,1879702,86215505
054cc95f9ca1,f52228936cec,20,1685254898796,38792,162727194,460,1879702,86215505
054cc95f9ca1,f52228936cec,18,1685254899345,38792,162726174,460,1879702,86215505
054cc95f9ca1,f52228936cec,36,1685254899404,38792,162726174,460,1879702,86215505
054cc95f9ca1,f52228936cec,14,1685254907372,38792,162727194,460,1879702,86215505
054cc95f9ca1,f52228936cec,4,1685254909415,38792,162726174,460,1879702,86215505
054cc95f9ca1,f52228936cec,18,1685254912679,38792,162726174,460,1879702,86215505
054cc95f9ca1,f52228936cec,14,1685254914086,38792,162726168,460,1879702,86215505
054cc95f9ca1,f52228936cec,20,1685254919328,38792,162726168,460,1879702,86215505
054cc95f9ca1,f52228936cec,14,1685254919456,38792,163550745,460,1879702,86215505
054cc95f9ca1,f52228936cec,20,1685254932662,38792,162726168,460,1879702,86215505
054cc95f9ca1,f52228936cec,36,1685254966312,38792,162726174,460,1879702,86215505
054cc95f9ca1,f52228936cec,14,1685254976372,38792,162727194,460,1879702,86215505
054cc95f9ca1,f52228936cec,20,1685254979418,38792,162727194,460,1879702,86215505
054cc95f9ca1,f52228936cec,36,1685254979646,38792,162726174,460,1879702,86215505
054cc95f9ca1,f52228936cec,36,1685255034895,38792,163550745,460,1879702,86215505
054cc95f9ca1,f52228936cec,2,1685255048166,38792,163550745,460,1879702,86215505
054cc95f9ca1,f52228936cec,20,1685255066342,38792,163550745,460,1879702,86215505
054cc95f9ca1,f52228936cec,2,1685255121826,38792,163550745,460,1879702,86215505
054cc95f9ca1,f52228936cec,18,1685255121831,38792,163550745,460,1879702,86215505
054cc95f9ca1,f52228936cec,2,1685255126427,38792,163550745,460,1879702,86215505
054cc95f9ca1,f52228936cec,20,1685255126431,38792,163550745,460,1879702,86215505
054cc95f9ca1,f52228936cec,18,1685255126451,38792,163550745,460,1879702,86215505
054cc95f9ca1,f52228936cec,36,1685255126504,38792,163550745,460,1879702,86215505
054cc95f9ca1,f52228936cec,18,1685255135166,38792,163550745,460,1879702,86215505
054cc95f9ca1,f52228936cec,36,1685255135218,38792,163550745,460,1879702,86215505
054cc95f9ca1,f52228936cec,2,1685255139761,38792,163550745,460,1879702,86215505
054cc95f9ca1,f52228936cec,20,1685255139766,38792,163550745,460,1879702,86215505
054cc95f9ca1,f52228936cec,18,1685255139786,38792,163550745,460,1879702,86215505
054cc95f9ca1,f52228936cec,14,1685255146232,38792,162727194,460,1879702,86215505
054cc95f9ca1,f52228936cec,20,1685255161156,38792,162727194,460,1879702,86215505
054cc95f9ca1,f52228936cec,2,1685255161157,38792,162727194,460,1879702,86215505
054cc95f9ca1,f52228936cec,18,1685255161176,38792,162727194,460,1879702,86215505
054cc95f9ca1,f52228936cec,20,1685255174490,38792,162727194,460,1879702,86215505
054cc95f9ca1,f52228936cec,36,1685255248212,38792,162727194,460,1879702,86215505
054cc95f9ca1,f52228936cec,14,1685255255716,38792,162726168,460,1879702,86215505
054cc95f9ca1,f52228936cec,2,1685255261487,38792,162727194,460,1879702,86215505
054cc95f9ca1,f52228936cec,36,1685255261547,38792,162727194,460,1879702,86215505
054cc95f9ca1,f52228936cec,18,1685255268457,38792,162726174,460,1879702,86215505
054cc95f9ca1,f52228936cec,36,1685255268512,38792,162726174,460,1879702,86215505
054cc95f9ca1,f52228936cec,14,1685255269051,38792,162726168,460,1879702,86215505
054cc95f9ca1,f52228936cec,20,1685255276676,38792,162726168,460,1879702,86215505
054cc95f9ca1,f52228936cec,20,1685255280943,38792,162727194,460,1879702,86215505
054cc95f9ca1,f52228936cec,2,1685255281787,38792,162726174,460,1879702,86215505
054cc95f9ca1,f52228936cec,18,1685255281792,38792,162726174,460,1879702,86215505
054cc95f9ca1,f52228936cec,36,1685255281847,38792,162726174,460,1879702,86215505
054cc95f9ca1,f52228936cec,14,1685255289236,38792,162727194,460,1879702,86215505
054cc95f9ca1,f52228936cec,20,1685255294278,38792,162727194,460,1879702,86215505
054cc95f9ca1,f52228936cec,2,1685255340307,38792,162726174,460,1879702,86215505
054cc95f9ca1,f52228936cec,20,1685255353544,38792,162727193,460,1879702,86215505
054cc95f9ca1,f52228936cec,2,1685255353642,38792,162726174,460,1879702,86215505
054cc95f9ca1,f52228936cec,18,1685255353648,38792,162726174,460,1879702,86215505
054cc95f9ca1,f52228936cec,14,1685255359836,38792,162727193,460,1879702,86215505
054cc95f9ca1,f52228936cec,4,1685255403144,38792,163543065,460,1879702,86215505
054cc95f9ca1,f52228936cec,2,1685255404023,38792,163543065,460,1879702,86215505
054cc95f9ca1,f52228936cec,20,1685255405196,38792,163543065,460,1879702,86215505
054cc95f9ca1,f52228936cec,18,1685255405217,38792,163543065,460,1879702,86215505
054cc95f9ca1,f52228936cec,36,1685255405265,38792,163543065,460,1879702,86215505
054cc95f9ca1,f52228936cec,18,1685255417363,38792,163543065,460,1879702,86215505
054cc95f9ca1,f52228936cec,36,1685255417411,38792,163543065,460,1879702,86215505
054cc95f9ca1,f52228936cec,2,1685255418528,38792,163543065,460,1879702,86215505
054cc95f9ca1,f52228936cec,20,1685255418531,38792,163543065,460,1879702,86215505
054cc95f9ca1,f52228936cec,4,1685255428066,38792,251310428,460,1879702,86215505
054cc95f9ca1,f52228936cec,4,1685255441402,38792,251310428,460,1879702,86215505
054cc95f9ca1,f52228936cec,2,1685255443868,38792,251310428,460,1879702,86215505
054cc95f9ca1,f52228936cec,36,1685255443925,38792,251310428,460,1879702,86215505
054cc95f9ca1,f52228936cec,20,1685255448125,38792,251310428,460,1879702,86215505
054cc95f9ca1,f52228936cec,20,1685255461461,38792,251310428,460,1879702,86215505
054cc95f9ca1,f52228936cec,2,1685255466232,38792,251310428,460,1879702,86215505
054cc95f9ca1,f52228936cec,36,1685255466290,38792,251310428,460,1879702,86215505
054cc95f9ca1,f52228936cec,2,1685255479568,38792,251310428,460,1879702,86215505
054cc95f9ca1,f52228936cec,20,1685255481897,38792,251310428,460,1879702,86215505
054cc95f9ca1,f52228936cec,20,1685255495233,38792,251310428,460,1879702,86215505
054cc95f9ca1,f52228936cec,36,1685255496125,38792,251310428,460,1879702,86215505
054cc95f9ca1,f52228936cec,18,1685255520639,38792,251310428,460,1879702,86215505
054cc95f9ca1,f52228936cec,20,1685255532456,38792,251310428,460,1879702,86215505
054cc95f9ca1,f52228936cec,36,1685255534030,38792,251310428,460,1879702,86215505
054cc95f9ca1,f52228936cec,20,1685255545792,38792,251310428,460,1879702,86215505
054cc95f9ca1,f52228936cec,2,1685255545794,38792,251310428,460,1879702,86215505
054cc95f9ca1,f52228936cec,18,1685255545812,38792,251310428,460,1879702,86215505
054cc95f9ca1,f52228936cec,36,1685255545865,38792,251310428,460,1879702,86215505
054cc95f9ca1,f52228936cec,20,1685255563700,38792,251310428,460,1879702,86215505
054cc95f9ca1,f52228936cec,36,1685255587960,38792,251310428,460,1879702,86215505
054cc95f9ca1,f52228936cec,2,1685255601244,38792,251310428,460,1879702,86215505
054cc95f9ca1,f52228936cec,20,1685255612642,38792,251310428,460,1879702,86215505
054cc95f9ca1,f52228936cec,18,1685255617545,38792,163448863,460,1879702,86215505
054cc95f9ca1,f52228936cec,36,1685255617601,38792,163448863,460,1879702,86215505
054cc95f9ca1,f52228936cec,14,1685255618142,38792,162727711,460,1879702,86215505
054cc95f9ca1,f52228936cec,20,1685255625979,38792,251310428,460,1879702,86215505
054cc95f9ca1,f52228936cec,2,1685255630877,38792,163448863,460,1879702,86215505
054cc95f9ca1,f52228936cec,18,1685255630881,38792,163448863,460,1879702,86215505
054cc95f9ca1,f52228936cec,2,1685255640341,38792,162739480,460,1879702,86215505
054cc95f9ca1,f52228936cec,20,1685255642990,38792,162727711,460,1879702,86215505
054cc95f9ca1,f52228936cec,2,1685255653677,38792,162739480,460,1879702,86215505
054cc95f9ca1,f52228936cec,18,1685255653686,38792,162739480,460,1879702,86215505
054cc95f9ca1,f52228936cec,36,1685255653738,38792,162739480,460,1879702,86215505
054cc95f9ca1,f52228936cec,2,1685255668631,38792,251310696,460,1879702,86215505
054cc95f9ca1,f52228936cec,18,1685255668636,38792,251310696,460,1879702,86215505
054cc95f9ca1,f52228936cec,36,1685255668690,38792,251310696,460,1879702,86215505
054cc95f9ca1,f52228936cec,20,1685255677422,38792,162739480,460,1879702,86215505
054cc95f9ca1,f52228936cec,2,1685255681968,38792,251310696,460,1879702,86215505
054cc95f9ca1,f52228936cec,18,1685255686850,38792,251310696,460,1879702,86215505
054cc95f9ca1,f52228936cec,36,1685255686898,38792,251310696,460,1879702,86215505
054cc95f9ca1,f52228936cec,20,1685255695570,38792,251310696,460,1879702,86215505
054cc95f9ca1,f52228936cec,2,1685255700179,38792,251310696,460,1879702,86215505
054cc95f9ca1,f52228936cec,18,1685255700187,38792,251310696,460,1879702,86215505
054cc95f9ca1,f52228936cec,36,1685255700235,38792,251310696,460,1879702,86215505
054cc95f9ca1,f52228936cec,2,1685255701032,38792,251310696,460,1879702,86215505
054cc95f9ca1,f52228936cec,18,1685255701037,38792,251310696,460,1879702,86215505
054cc95f9ca1,f52228936cec,20,1685255713850,38792,251310696,460,1879702,86215505
054cc95f9ca1,f52228936cec,36,1685255714427,38792,251310696,460,1879702,86215505
054cc95f9ca1,f52228936cec,20,1685255716235,38792,251310696,460,1879702,86215505
054cc95f9ca1,f52228936cec,20,1685255729571,38792,251310696,460,1879702,86215505
054cc95f9ca1,f52228936cec,2,1685255739342,38792,251310696,460,1879702,86215505
054cc95f9ca1,f52228936cec,18,1685255739347,38792,251310696,460,1879702,86215505
054cc95f9ca1,f52228936cec,36,1685255739398,38792,251310696,460,1879702,86215505
054cc95f9ca1,f52228936cec,20,1685255787044,38792,251310696,460,1879702,86215505
054cc95f9ca1,f52228936cec,2,1685255787642,38792,251310696,460,1879702,86215505
054cc95f9ca1,f52228936cec,18,1685255787647,38792,251310696,460,1879702,86215505
054cc95f9ca1,f52228936cec,36,1685255787699,38792,251310696,460,1879702,86215505
054cc95f9ca1,f52228936cec,20,1685255818239,38792,251310696,460,1879702,86215505
054cc95f9ca1,f52228936cec,20,1685255831576,38792,251310696,460,1879702,86215505
054cc95f9ca1,f52228936cec,36,1685255883210,38792,251310696,460,1879702,86215505
054cc95f9ca1,f52228936cec,18,1685255896493,38792,251310696,460,1879702,86215505
054cc95f9ca1,f52228936cec,36,1685255896547,38792,251310696,460,1879702,86215505
054cc95f9ca1,f52228936cec,20,1685255909849,38792,251310696,460,1879702,86215505
054cc95f9ca1,f52228936cec,18,1685255941165,38792,251310696,460,1879702,86215505
054cc95f9ca1,f52228936cec,36,1685255941218,38792,251310696,460,1879702,86215505
054cc95f9ca1,f52228936cec,2,1685255954500,38792,251310696,460,1879702,86215505
054cc95f9ca1,f52228936cec,18,1685255954503,38792,251310696,460,1879702,86215505
054cc95f9ca1,f52228936cec,36,1685255954556,38792,251310696,460,1879702,86215505
054cc95f9ca1,f52228936cec,20,1685255967852,38792,251310696,460,1879702,86215505
054cc95f9ca1,f52228936cec,4,1685255985108,38792,117054440,460,1879702,86215505
054cc95f9ca1,f52228936cec,2,1685255987332,38792,117054440,460,1879702,86215505
054cc95f9ca1,f52228936cec,4,1685255998446,38792,117054440,460,1879702,86215505
054cc95f9ca1,f52228936cec,2,1685256000670,38792,117054440,460,1879702,86215505
054cc95f9ca1,f52228936cec,36,1685256000728,38792,117054440,460,1879702,86215505
054cc95f9ca1,f52228936cec,36,1685256003080,38792,117054440,460,1879702,86215505
054cc95f9ca1,f52228936cec,2,1685256016365,38792,117054440,460,1879702,86215505
054cc95f9ca1,f52228936cec,36,1685256016418,38792,117054440,460,1879702,86215505
054cc95f9ca1,f52228936cec,20,1685256084011,38792,117054440,460,1879702,86215505
054cc95f9ca1,f52228936cec,2,1685256085343,38792,117054440,460,1879702,86215505
054cc95f9ca1,f52228936cec,36,1685256085400,38792,117054440,460,1879702,86215505
054cc95f9ca1,f52228936cec,36,1685256098738,38792,117054440,460,1879702,86215505
054cc95f9ca1,f52228936cec,2,1685256098957,38792,117054440,460,1879702,86215505
054cc95f9ca1,f52228936cec,20,1685256112012,38792,117054440,460,1879702,86215505
054cc95f9ca1,f52228936cec,2,1685256112295,38792,117054440,460,1879702,86215505
054cc95f9ca1,f52228936cec,36,1685256112353,38792,117054440,460,1879702,86215505
054cc95f9ca1,f52228936cec,2,1685256123128,38792,163448863,460,1879702,86215505
054cc95f9ca1,f52228936cec,18,1685256123129,38792,163448863,460,1879702,86215505
054cc95f9ca1,f52228936cec,36,1685256123186,38792,163448863,460,1879702,86215505
054cc95f9ca1,f52228936cec,20,1685256125350,38792,117054440,460,1879702,86215505
054cc95f9ca1,f52228936cec,20,1685256136357,38792,163448863,460,1879702,86215505
054cc95f9ca1,f52228936cec,2,1685256136466,38792,163448863,460,1879702,86215505
054cc95f9ca1,f52228936cec,18,1685256136467,38792,163448863,460,1879702,86215505
054cc95f9ca1,f52228936cec,36,1685256136524,38792,163448863,460,1879702,86215505
054cc95f9ca1,f52228936cec,20,1685256149695,38792,163448863,460,1879702,86215505
054cc95f9ca1,f52228936cec,2,1685256212826,38792,163448863,460,1879702,86215505
054cc95f9ca1,f52228936cec,36,1685256226231,38792,163448863,460,1879702,86215505
054cc95f9ca1,f52228936cec,20,1685256226368,38792,163448863,460,1879702,86215505
054cc95f9ca1,f52228936cec,20,1685256239706,38792,163448863,460,1879702,86215505
054cc95f9ca1,f52228936cec,2,1685256255479,38792,163448863,460,1879702,86215505
054cc95f9ca1,f52228936cec,18,1685256255483,38792,163448863,460,1879702,86215505
054cc95f9ca1,f52228936cec,36,1685256255545,38792,163448863,460,1879702,86215505
054cc95f9ca1,f52228936cec,15,1685256258401,38792,163504162,460,1879702,86215505
054cc95f9ca1,f52228936cec,16,1685256258404,38792,117054440,460,1879702,86215505
054cc95f9ca1,f52228936cec,20,1685256260523,38792,117054440,460,1879702,86215505
054cc95f9ca1,f52228936cec,20,1685256264590,38792,163448863,460,1879702,86215505
054cc95f9ca1,f52228936cec,20,1685256265558,38792,163504162,460,1879702,86215505
054cc95f9ca1,f52228936cec,15,1685256271740,38792,163504162,460,1879702,86215505
054cc95f9ca1,f52228936cec,16,1685256271742,38792,117054440,460,1879702,86215505
054cc95f9ca1,f52228936cec,20,1685256273861,38792,117054440,460,1879702,86215505
054cc95f9ca1,f52228936cec,20,1685256278897,38792,163504162,460,1879702,86215505
054cc95f9ca1,f52228936cec,18,1685256279930,38792,162725920,460,1879702,86215505
054cc95f9ca1,f52228936cec,2,1685256279931,38792,162725920,460,1879702,86215505
054cc95f9ca1,f52228936cec,2,1685256293269,38792,162725920,460,1879702,86215505
054cc95f9ca1,f52228936cec,36,1685256293345,38792,162725920,460,1879702,86215505
054cc95f9ca1,f52228936cec,20,1685256293440,38792,162725920,460,1879702,86215505
054cc95f9ca1,f52228936cec,18,1685256306942,38792,162725920,460,1879702,86215505
054cc95f9ca1,f52228936cec,2,1685256320282,38792,162725920,460,1879702,86215505
054cc95f9ca1,f52228936cec,36,1685256320352,38792,162725920,460,1879702,86215505
054cc95f9ca1,f52228936cec,20,1685256320470,38792,162725920,460,1879702,86215505
054cc95f9ca1,f52228936cec,2,1685256485950,38792,117098712,460,1879702,86215505
054cc95f9ca1,f52228936cec,36,1685256486009,38792,117098712,460,1879702,86215505
054cc95f9ca1,f52228936cec,2,1685256497475,38792,162770457,460,1879702,86215505
054cc95f9ca1,f52228936cec,18,1685256497479,38792,162770457,460,1879702,86215505
054cc95f9ca1,f52228936cec,2,1685256499289,38792,117098712,460,1879702,86215505
054cc95f9ca1,f52228936cec,14,1685256499372,38792,162769944,460,1879702,86215505
054cc95f9ca1,f52228936cec,14,1685256504955,38792,162770457,460,1879702,86215505
054cc95f9ca1,f52228936cec,2,1685256510815,38792,162770457,460,1879702,86215505
054cc95f9ca1,f52228936cec,18,1685256510818,38792,162770457,460,1879702,86215505
054cc95f9ca1,f52228936cec,36,1685256510875,38792,162770457,460,1879702,86215505
054cc95f9ca1,f52228936cec,14,1685256512711,38792,162769944,460,1879702,86215505
054cc95f9ca1,f52228936cec,20,1685256522979,38792,162769944,460,1879702,86215505
054cc95f9ca1,f52228936cec,2,1685256539508,38792,162772510,460,1879702,86215505
054cc95f9ca1,f52228936cec,14,1685256540492,38792,163489817,460,1879702,86215505
054cc95f9ca1,f52228936cec,14,1685256541651,38792,162769946,460,1879702,86215505
054cc95f9ca1,f52228936cec,14,1685256542260,38792,251279389,460,1879702,86215505
054cc95f9ca1,f52228936cec,2,1685256552847,38792,162772510,460,1879702,86215505
054cc95f9ca1,f52228936cec,18,1685256552851,38792,162772510,460,1879702,86215505
054cc95f9ca1,f52228936cec,36,1685256552947,38792,162772510,460,1879702,86215505
054cc95f9ca1,f52228936cec,14,1685256553831,38792,163489817,460,1879702,86215505
054cc95f9ca1,f52228936cec,14,1685256555600,38792,251279389,460,1879702,86215505
054cc95f9ca1,f52228936cec,2,1685256580001,38792,162797336,460,1879702,86215505
054cc95f9ca1,f52228936cec,36,1685256580063,38792,162797336,460,1879702,86215505
054cc95f9ca1,f52228936cec,2,1685256593341,38792,162797336,460,1879702,86215505
054cc95f9ca1,f52228936cec,18,1685256593344,38792,162797336,460,1879702,86215505
054cc95f9ca1,f52228936cec,36,1685256593403,38792,162797336,460,1879702,86215505
054cc95f9ca1,f52228936cec,14,1685256594232,38792,162772250,460,1879702,86215505
054cc95f9ca1,f52228936cec,2,1685256605572,38792,162772250,460,1879702,86215505
054cc95f9ca1,f52228936cec,20,1685256605606,38792,162772250,460,1879702,86215505
054cc95f9ca1,f52228936cec,20,1685256618267,38792,162772250,460,1879702,86215505
054cc95f9ca1,f52228936cec,2,1685256618911,38792,162772250,460,1879702,86215505
054cc95f9ca1,f52228936cec,36,1685256618974,38792,162772250,460,1879702,86215505
054cc95f9ca1,f52228936cec,20,1685256631606,38792,162772250,460,1879702,86215505
054cc95f9ca1,f52228936cec,2,1685256688625,38792,162733600,460,1879702,86215505
054cc95f9ca1,f52228936cec,15,1685256689494,38792,162772250,460,1879702,86215505
054cc95f9ca1,f52228936cec,20,1685256691639,38792,162733600,460,1879702,86215505
054cc95f9ca1,f52228936cec,2,1685256701965,38792,162733600,460,1879702,86215505
054cc95f9ca1,f52228936cec,18,1685256701976,38792,162733600,460,1879702,86215505
054cc95f9ca1,f52228936cec,16,1685256702829,38792,162733600,460,1879702,86215505
054cc95f9ca1,f52228936cec,20,1685256764608,38792,162772250,460,1879702,86215505
054cc95f9ca1,f52228936cec,2,1685256779482,38792,162772248,460,1879702,86215505
054cc95f9ca1,f52228936cec,36,1685256779554,38792,162772248,460,1879702,86215505
054cc95f9ca1,f52228936cec,20,1685256794299,38792,162772248,460,1879702,86215505
054cc95f9ca1,f52228936cec,4,1685256827207,38792,162772250,460,1879702,86215505
054cc95f9ca1,f52228936cec,2,1685256828302,38792,162772250,460,1879702,86215505
054cc95f9ca1,f52228936cec,20,1685256831125,38792,162772250,460,1879702,86215505
054cc95f9ca1,f52228936cec,18,1685256831145,38792,162772251,460,1879702,86215505
054cc95f9ca1,f52228936cec,36,1685256831213,38792,162772251,460,1879702,86215505
054cc95f9ca1,f52228936cec,4,1685256840547,38792,162772250,460,1879702,86215505
054cc95f9ca1,f52228936cec,2,1685256841642,38792,162772250,460,1879702,86215505
054cc95f9ca1,f52228936cec,2,1685256844466,38792,162772251,460,1879702,86215505
054cc95f9ca1,f52228936cec,36,1685256844553,38792,162772251,460,1879702,86215505
054cc95f9ca1,f52228936cec,20,1685257075522,38792,162772251,460,1879702,86215505
054cc95f9ca1,f52228936cec,20,1685257088863,38792,162772251,460,1879702,86215505
054cc95f9ca1,f52228936cec,36,1685257095291,38792,162772250,460,1879702,86215505
054cc95f9ca1,f52228936cec,2,1685257142972,38792,162772251,460,1879702,86215505
054cc95f9ca1,f52228936cec,20,1685257161523,38792,162772251,460,1879702,86215505
054cc95f9ca1,f52228936cec,20,1685257174864,38792,162772251,460,1879702,86215505
054cc95f9ca1,f52228936cec,18,1685257262366,38792,162727711,460,1879702,86215505
054cc95f9ca1,f52228936cec,36,1685257262421,38792,162727711,460,1879702,86215505
054cc95f9ca1,f52228936cec,2,1685257275703,38792,162727711,460,1879702,86215505
054cc95f9ca1,f52228936cec,14,1685257276653,38792,162772250,460,1879702,86215505
054cc95f9ca1,f52228936cec,20,1685257287656,38792,162772250,460,1879702,86215505
054cc95f9ca1,f52228936cec,36,1685257333057,38792,162772248,460,1879702,86215505
054cc95f9ca1,f52228936cec,2,1685257346336,38792,162772248,460,1879702,86215505
054cc95f9ca1,f52228936cec,36,1685257346399,38792,162772248,460,1879702,86215505
054cc95f9ca1,f52228936cec,20,1685257368656,38792,162772248,460,1879702,86215505
054cc95f9ca1,f52228936cec,2,1685257436468,38792,162772248,460,1879702,86215505
054cc95f9ca1,f52228936cec,2,1685257449809,38792,162772248,460,1879702,86215505
054cc95f9ca1,f52228936cec,2,1685257749150,38792,162772248,460,1879702,86215505
054cc95f9ca1,f52228936cec,36,1685258159194,38792,162772251,460,1879702,86215505
054cc95f9ca1,f52228936cec,2,1685258172474,38792,162772251,460,1879702,86215505
054cc95f9ca1,f52228936cec,36,1685258172538,38792,162772251,460,1879702,86215505
054cc95f9ca1,f52228936cec,20,1685258187527,38792,162772251,460,1879702,86215505
054cc95f9ca1,f52228936cec,2,1685258188586,38792,162772251,460,1879702,86215505
054cc95f9ca1,f52228936cec,20,1685258200871,38792,162772251,460,1879702,86215505
054cc95f9ca1,f52228936cec,2,1685258201930,38792,162772251,460,1879702,86215505
054cc95f9ca1,f52228936cec,20,1685258293527,38792,162772251,460,1879702,86215505
054cc95f9ca1,f52228936cec,2,1685258314571,38792,162772251,460,1879702,86215505
054cc95f9ca1,f52228936cec,2,1685260322685,38792,162772251,460,1879702,86215505
054cc95f9ca1,f52228936cec,2,1685260336033,38792,162772251,460,1879702,86215505
054cc95f9ca1,f52228936cec,36,1685260336095,38792,162772251,460,1879702,86215505
054cc95f9ca1,f52228936cec,2,1685260348811,38792,162772251,460,1879702,86215505
054cc95f9ca1,f52228936cec,36,1685260348871,38792,162772251,460,1879702,86215505
054cc95f9ca1,f52228936cec,20,1685260354870,38792,162772251,460,1879702,86215505
054cc95f9ca1,f52228936cec,2,1685260362158,38792,162772251,460,1879702,86215505
054cc95f9ca1,f52228936cec,36,1685260362219,38792,162772251,460,1879702,86215505
054cc95f9ca1,f52228936cec,20,1685260367523,38792,162772251,460,1879702,86215505
054cc95f9ca1,f52228936cec,2,1685260376167,38792,162772251,460,1879702,86215505
054cc95f9ca1,f52228936cec,36,1685260376268,38792,162772251,460,1879702,86215505
054cc95f9ca1,f52228936cec,36,1685260403209,38792,162772251,460,1879702,86215505
054cc95f9ca1,f52228936cec,20,1685260408871,38792,162772251,460,1879702,86215505
054cc95f9ca1,f52228936cec,2,1685260416492,38792,162772251,460,1879702,86215505
054cc95f9ca1,f52228936cec,36,1685260416556,38792,162772251,460,1879702,86215505
054cc95f9ca1,f52228936cec,2,1685260440687,38792,162772251,460,1879702,86215505
054cc95f9ca1,f52228936cec,36,1685260440747,38792,162772251,460,1879702,86215505
054cc95f9ca1,f52228936cec,2,1685260454034,38792,162772251,460,1879702,86215505
054cc95f9ca1,f52228936cec,20,1685260481525,38792,162772251,460,1879702,86215505
054cc95f9ca1,f52228936cec,36,1685260482412,38792,162772251,460,1879702,86215505
054cc95f9ca1,f52228936cec,20,1685260494872,38792,162772251,460,1879702,86215505
054cc95f9ca1,f52228936cec,20,1685260495524,38792,162772251,460,1879702,86215505
054cc95f9ca1,f52228936cec,2,1685260495698,38792,162772251,460,1879702,86215505
054cc95f9ca1,f52228936cec,2,1685260503771,38792,162772251,460,1879702,86215505
054cc95f9ca1,f52228936cec,36,1685260503832,38792,162772251,460,1879702,86215505
054cc95f9ca1,f52228936cec,20,1685260508872,38792,162772251,460,1879702,86215505
054cc95f9ca1,f52228936cec,36,1685260517180,38792,162772251,460,1879702,86215505
054cc95f9ca1,f52228936cec,20,1685260517524,38792,162772251,460,1879702,86215505
054cc95f9ca1,f52228936cec,2,1685260528826,38792,162772251,460,1879702,86215505
054cc95f9ca1,f52228936cec,36,1685260528887,38792,162772251,460,1879702,86215505
054cc95f9ca1,f52228936cec,20,1685260556874,38792,162772251,460,1879702,86215505
054cc95f9ca1,f52228936cec,2,1685260562045,38792,162772251,460,1879702,86215505
054cc95f9ca1,f52228936cec,18,1685260562046,38792,162772251,460,1879702,86215505
054cc95f9ca1,f52228936cec,2,1685260575393,38792,162772251,460,1879702,86215505
054cc95f9ca1,f52228936cec,18,1685260575394,38792,162772251,460,1879702,86215505
054cc95f9ca1,f52228936cec,36,1685260575466,38792,162772251,460,1879702,86215505
054cc95f9ca1,f52228936cec,2,1685260584526,38792,162772251,460,1879702,86215505
054cc95f9ca1,f52228936cec,36,1685260584586,38792,162772251,460,1879702,86215505
054cc95f9ca1,f52228936cec,20,1685260588873,38792,162772251,460,1879702,86215505
054cc95f9ca1,f52228936cec,20,1685260601526,38792,162772251,460,1879702,86215505
054cc95f9ca1,f52228936cec,2,1685260616171,38792,162772251,460,1879702,86215505
054cc95f9ca1,f52228936cec,36,1685260616232,38792,162772251,460,1879702,86215505
054cc95f9ca1,f52228936cec,20,1685260629526,38792,162772251,460,1879702,86215505
054cc95f9ca1,f52228936cec,2,1685260653533,38792,162772251,460,1879702,86215505
054cc95f9ca1,f52228936cec,36,1685260653590,38792,162772251,460,1879702,86215505
054cc95f9ca1,f52228936cec,20,1685260661527,38792,162772251,460,1879702,86215505
054cc95f9ca1,f52228936cec,20,1685260674875,38792,162772251,460,1879702,86215505
054cc95f9ca1,f52228936cec,2,1685260685050,38792,162772251,460,1879702,86215505
054cc95f9ca1,f52228936cec,36,1685260685112,38792,162772251,460,1879702,86215505
054cc95f9ca1,f52228936cec,20,1685260697527,38792,162772251,460,1879702,86215505
054cc95f9ca1,f52228936cec,2,1685260698398,38792,162772251,460,1879702,86215505
054cc95f9ca1,f52228936cec,36,1685260698459,38792,162772251,460,1879702,86215505
054cc95f9ca1,f52228936cec,18,1685260708829,38792,162772251,460,1879702,86215505
054cc95f9ca1,f52228936cec,36,1685260708893,38792,162772251,460,1879702,86215505
054cc95f9ca1,f52228936cec,20,1685260710874,38792,162772251,460,1879702,86215505
054cc95f9ca1,f52228936cec,20,1685260721527,38792,162772251,460,1879702,86215505
054cc95f9ca1,f52228936cec,18,1685260740367,38792,162772251,460,1879702,86215505
054cc95f9ca1,f52228936cec,2,1685260740367,38792,162772251,460,1879702,86215505
054cc95f9ca1,f52228936cec,2,1685260753715,38792,162772251,460,1879702,86215505
054cc95f9ca1,f52228936cec,18,1685260753715,38792,162772251,460,1879702,86215505
054cc95f9ca1,f52228936cec,36,1685260753789,38792,162772251,460,1879702,86215505
054cc95f9ca1,f52228936cec,2,1685260765605,38792,162772251,460,1879702,86215505
054cc95f9ca1,f52228936cec,20,1685260774875,38792,162772251,460,1879702,86215505
054cc95f9ca1,f52228936cec,2,1685260778953,38792,162772251,460,1879702,86215505
054cc95f9ca1,f52228936cec,20,1685260783528,38792,162772251,460,1879702,86215505
054cc95f9ca1,f52228936cec,2,1685260813890,38792,162772251,460,1879702,86215505
054cc95f9ca1,f52228936cec,36,1685260813952,38792,162772251,460,1879702,86215505
054cc95f9ca1,f52228936cec,2,1685260827238,38792,162772251,460,1879702,86215505
054cc95f9ca1,f52228936cec,36,1685260827300,38792,162772251,460,1879702,86215505
054cc95f9ca1,f52228936cec,20,1685260847529,38792,162772251,460,1879702,86215505
054cc95f9ca1,f52228936cec,4,1685260851766,38792,162772251,460,1879702,86215505
054cc95f9ca1,f52228936cec,2,1685260852066,38792,162772251,460,1879702,86215505
054cc95f9ca1,f52228936cec,36,1685260852127,38792,162772251,460,1879702,86215505
054cc95f9ca1,f52228936cec,20,1685260860876,38792,162772251,460,1879702,86215505
054cc95f9ca1,f52228936cec,4,1685260865114,38792,162772251,460,1879702,86215505
054cc95f9ca1,f52228936cec,20,1685260871529,38792,162772251,460,1879702,86215505
054cc95f9ca1,f52228936cec,20,1685260884877,38792,162772251,460,1879702,86215505
054cc95f9ca1,f52228936cec,36,1685260888927,38792,162772251,460,1879702,86215505
054cc95f9ca1,f52228936cec,20,1685260901520,38792,162772251,460,1879702,86215505
054cc95f9ca1,f52228936cec,2,1685260902213,38792,162772251,460,1879702,86215505
054cc95f9ca1,f52228936cec,36,1685260902275,38792,162772251,460,1879702,86215505
054cc95f9ca1,f52228936cec,2,1685260906865,38792,162772251,460,1879702,86215505
054cc95f9ca1,f52228936cec,36,1685260906928,38792,162772251,460,1879702,86215505
054cc95f9ca1,f52228936cec,20,1685260914867,38792,162772251,460,1879702,86215505
054cc95f9ca1,f52228936cec,20,1685260919530,38792,162772251,460,1879702,86215505
054cc95f9ca1,f52228936cec,2,1685260920213,38792,162772251,460,1879702,86215505
054cc95f9ca1,f52228936cec,36,1685260920275,38792,162772251,460,1879702,86215505
054cc95f9ca1,f52228936cec,2,1685260922486,38792,162772251,460,1879702,86215505
054cc95f9ca1,f52228936cec,36,1685260922580,38792,162772251,460,1879702,86215505
054cc95f9ca1,f52228936cec,2,1685260935833,38792,162772251,460,1879702,86215505
054cc95f9ca1,f52228936cec,20,1685260948878,38792,162772251,460,1879702,86215505
054cc95f9ca1,f52228936cec,2,1685260956515,38792,162772251,460,1879702,86215505
054cc95f9ca1,f52228936cec,36,1685260956642,38792,162772251,460,1879702,86215505
054cc95f9ca1,f52228936cec,2,1685260967811,38792,162772251,460,1879702,86215505
054cc95f9ca1,f52228936cec,4,1685260980765,38792,162772251,460,1879702,86215505
054cc95f9ca1,f52228936cec,36,1685260981218,38792,162772251,460,1879702,86215505
054cc95f9ca1,f52228936cec,20,1685260981521,38792,162772251,460,1879702,86215505
054cc95f9ca1,f52228936cec,20,1685260994869,38792,162772251,460,1879702,86215505
054cc95f9ca1,f52228936cec,20,1685261015534,38792,162772251,460,1879702,86215505
054cc95f9ca1,f52228936cec,36,1685261015555,38792,162772251,460,1879702,86215505
054cc95f9ca1,f52228936cec,20,1685261028882,38792,162772251,460,1879702,86215505
054cc95f9ca1,f52228936cec,2,1685261042170,38792,162772251,460,1879702,86215505
054cc95f9ca1,f52228936cec,36,1685261042233,38792,162772251,460,1879702,86215505
054cc95f9ca1,f52228936cec,20,1685261055532,38792,162772251,460,1879702,86215505
054cc95f9ca1,f52228936cec,2,1685261092131,38792,162772251,460,1879702,86215505
054cc95f9ca1,f52228936cec,2,1685261105479,38792,162772251,460,1879702,86215505
054cc95f9ca1,f52228936cec,20,1685261117522,38792,162772251,460,1879702,86215505
054cc95f9ca1,f52228936cec,20,1685261130870,38792,162772251,460,1879702,86215505
054cc95f9ca1,f52228936cec,36,1685261184189,38792,162772251,460,1879702,86215505
054cc95f9ca1,f52228936cec,2,1685261197473,38792,162772251,460,1879702,86215505
054cc95f9ca1,f52228936cec,20,1685261235534,38792,162772251,460,1879702,86215505
054cc95f9ca1,f52228936cec,2,1685261235979,38792,162772251,460,1879702,86215505
054cc95f9ca1,f52228936cec,2,1685261245666,38792,162772251,460,1879702,86215505
054cc95f9ca1,f52228936cec,36,1685261245731,38792,162772251,460,1879702,86215505
054cc95f9ca1,f52228936cec,20,1685261248882,38792,162772251,460,1879702,86215505
054cc95f9ca1,f52228936cec,20,1685261277524,38792,162772251,460,1879702,86215505
054cc95f9ca1,f52228936cec,2,1685261282205,38792,162772251,460,1879702,86215505
054cc95f9ca1,f52228936cec,36,1685261282270,38792,162772251,460,1879702,86215505
054cc95f9ca1,f52228936cec,20,1685261290872,38792,162772251,460,1879702,86215505
054cc95f9ca1,f52228936cec,2,1685261295554,38792,162772251,460,1879702,86215505
054cc95f9ca1,f52228936cec,36,1685261295618,38792,162772251,460,1879702,86215505
054cc95f9ca1,f52228936cec,4,1685261306107,38792,162772251,460,1879702,86215505
054cc95f9ca1,f52228936cec,2,1685261307005,38792,162772251,460,1879702,86215505
054cc95f9ca1,f52228936cec,20,1685261310872,38792,162772251,460,1879702,86215505
054cc95f9ca1,f52228936cec,4,1685261319456,38792,162772251,460,1879702,86215505
054cc95f9ca1,f52228936cec,2,1685261320354,38792,162772251,460,1879702,86215505
054cc95f9ca1,f52228936cec,36,1685261320417,38792,162772251,460,1879702,86215505
054cc95f9ca1,f52228936cec,20,1685261335535,38792,162772251,460,1879702,86215505
054cc95f9ca1,f52228936cec,36,1685261340732,38792,162772251,460,1879702,86215505
054cc95f9ca1,f52228936cec,20,1685261348883,38792,162772251,460,1879702,86215505
054cc95f9ca1,f52228936cec,36,1685261354080,38792,162772251,460,1879702,86215505
054cc95f9ca1,f52228936cec,20,1685261363525,38792,162772251,460,1879702,86215505
054cc95f9ca1,f52228936cec,2,1685261364466,38792,162772251,460,1879702,86215505
054cc95f9ca1,f52228936cec,36,1685261364527,38792,162772251,460,1879702,86215505
054cc95f9ca1,f52228936cec,20,1685261376873,38792,162772251,460,1879702,86215505
054cc95f9ca1,f52228936cec,20,1685261377527,38792,162772251,460,1879702,86215505
054cc95f9ca1,f52228936cec,36,1685261377876,38792,162772251,460,1879702,86215505
054cc95f9ca1,f52228936cec,2,1685261402666,38792,162772251,460,1879702,86215505
054cc95f9ca1,f52228936cec,36,1685261416074,38792,162772251,460,1879702,86215505
054cc95f9ca1,f52228936cec,20,1685261428878,38792,162772251,460,1879702,86215505
054cc95f9ca1,f52228936cec,4,1685261437096,38792,162772251,460,1879702,86215505
054cc95f9ca1,f52228936cec,2,1685261437565,38792,162772251,460,1879702,86215505
054cc95f9ca1,f52228936cec,36,1685261437626,38792,162772251,460,1879702,86215505
054cc95f9ca1,f52228936cec,4,1685261450444,38792,162772251,460,1879702,86215505
054cc95f9ca1,f52228936cec,2,1685261450913,38792,162772251,460,1879702,86215505
054cc95f9ca1,f52228936cec,36,1685261450975,38792,162772251,460,1879702,86215505
054cc95f9ca1,f52228936cec,36,1685261462735,38792,162772251,460,1879702,86215505
054cc95f9ca1,f52228936cec,20,1685261464875,38792,162772251,460,1879702,86215505
054cc95f9ca1,f52228936cec,2,1685261476019,38792,162772251,460,1879702,86215505
054cc95f9ca1,f52228936cec,36,1685261476084,38792,162772251,460,1879702,86215505
054cc95f9ca1,f52228936cec,20,1685261477518,38792,162772251,460,1879702,86215505
054cc95f9ca1,f52228936cec,2,1685261522686,38792,162772251,460,1879702,86215505
054cc95f9ca1,f52228936cec,36,1685261522750,38792,162772251,460,1879702,86215505
054cc95f9ca1,f52228936cec,20,1685261535531,38792,162772251,460,1879702,86215505
054cc95f9ca1,f52228936cec,2,1685261536034,38792,162772251,460,1879702,86215505
054cc95f9ca1,f52228936cec,2,1685261544950,38792,162772251,460,1879702,86215505
054cc95f9ca1,f52228936cec,20,1685261559518,38792,162772251,460,1879702,86215505
054cc95f9ca1,f52228936cec,20,1685261572866,38792,162772251,460,1879702,86215505
054cc95f9ca1,f52228936cec,2,1685261582690,38792,162772251,460,1879702,86215505
054cc95f9ca1,f52228936cec,36,1685261582746,38792,162772251,460,1879702,86215505
054cc95f9ca1,f52228936cec,2,1685261641445,38792,162772251,460,1879702,86215505
054cc95f9ca1,f52228936cec,36,1685261654856,38792,162772251,460,1879702,86215505
054cc95f9ca1,f52228936cec,20,1685261667519,38792,162772251,460,1879702,86215505
054cc95f9ca1,f52228936cec,20,1685261680868,38792,162772251,460,1879702,86215505
054cc95f9ca1,f52228936cec,2,1685261686493,38792,162772251,460,1879702,86215505
054cc95f9ca1,f52228936cec,20,1685261704868,38792,162772251,460,1879702,86215505
054cc95f9ca1,f52228936cec,36,1685261725497,38792,162772251,460,1879702,86215505
054cc95f9ca1,f52228936cec,20,1685261747520,38792,162772251,460,1879702,86215505
054cc95f9ca1,f52228936cec,20,1685261760869,38792,162772251,460,1879702,86215505
054cc95f9ca1,f52228936cec,36,1685261808955,38792,162772251,460,1879702,86215505
054cc95f9ca1,f52228936cec,20,1685261822870,38792,162772251,460,1879702,86215505
054cc95f9ca1,f52228936cec,20,1685261837521,38792,162772251,460,1879702,86215505
054cc95f9ca1,f52228936cec,2,1685261837979,38792,162772251,460,1879702,86215505
054cc95f9ca1,f52228936cec,2,1685261855570,38792,162772251,460,1879702,86215505
054cc95f9ca1,f52228936cec,2,1685261868919,38792,162772251,460,1879702,86215505
054cc95f9ca1,f52228936cec,36,1685261868980,38792,162772251,460,1879702,86215505
054cc95f9ca1,f52228936cec,20,1685261869522,38792,162772251,460,1879702,86215505
054cc95f9ca1,f52228936cec,2,1685261906008,38792,162772251,460,1879702,86215505
054cc95f9ca1,f52228936cec,36,1685261906071,38792,162772251,460,1879702,86215505
054cc95f9ca1,f52228936cec,2,1685261919357,38792,162772251,460,1879702,86215505
054cc95f9ca1,f52228936cec,36,1685261919420,38792,162772251,460,1879702,86215505
054cc95f9ca1,f52228936cec,20,1685261929522,38792,162772251,460,1879702,86215505
054cc95f9ca1,f52228936cec,4,1685261934156,38792,162772251,460,1879702,86215505
054cc95f9ca1,f52228936cec,20,1685261942871,38792,162772251,460,1879702,86215505
054cc95f9ca1,f52228936cec,2,1685261948840,38792,162772251,460,1879702,86215505
054cc95f9ca1,f52228936cec,20,1685261951523,38792,162772251,460,1879702,86215505
054cc95f9ca1,f52228936cec,20,1685261964872,38792,162772251,460,1879702,86215505
054cc95f9ca1,f52228936cec,4,1685261967277,38792,162772251,460,1879702,86215505
054cc95f9ca1,f52228936cec,4,1685261980626,38792,162772251,460,1879702,86215505
054cc95f9ca1,f52228936cec,2,1685261980839,38792,162772251,460,1879702,86215505
054cc95f9ca1,f52228936cec,36,1685261980902,38792,162772251,460,1879702,86215505
054cc95f9ca1,f52228936cec,20,1685262017524,38792,162772251,460,1879702,86215505
054cc95f9ca1,f52228936cec,2,1685262018335,38792,162772251,460,1879702,86215505
054cc95f9ca1,f52228936cec,20,1685262030873,38792,162772251,460,1879702,86215505
054cc95f9ca1,f52228936cec,36,1685262098662,38792,162772251,460,1879702,86215505
054cc95f9ca1,f52228936cec,20,1685262122874,38792,162772251,460,1879702,86215505
054cc95f9ca1,f52228936cec,4,1685262139586,38792,162772251,460,1879702,86215505
054cc95f9ca1,f52228936cec,36,1685262140347,38792,162772251,460,1879702,86215505
054cc95f9ca1,f52228936cec,4,1685262152935,38792,162772251,460,1879702,86215505
054cc95f9ca1,f52228936cec,2,1685262153635,38792,162772251,460,1879702,86215505
054cc95f9ca1,f52228936cec,36,1685262153696,38792,162772251,460,1879702,86215505
054cc95f9ca1,f52228936cec,20,1685262169525,38792,162772251,460,1879702,86215505
054cc95f9ca1,f52228936cec,2,1685262198675,38792,162772251,460,1879702,86215505
054cc95f9ca1,f52228936cec,36,1685262198738,38792,162772251,460,1879702,86215505
054cc95f9ca1,f52228936cec,36,1685262215666,38792,162772251,460,1879702,86215505
054cc95f9ca1,f52228936cec,20,1685262229526,38792,162772251,460,1879702,86215505
054cc95f9ca1,f52228936cec,2,1685262240661,38792,162772251,460,1879702,86215505
054cc95f9ca1,f52228936cec,36,1685262240727,38792,162772251,460,1879702,86215505
054cc95f9ca1,f52228936cec,20,1685262253526,38792,162772251,460,1879702,86215505
054cc95f9ca1,f52228936cec,18,1685262254011,38792,162772251,460,1879702,86215505
054cc95f9ca1,f52228936cec,36,1685262254077,38792,162772251,460,1879702,86215505
054cc95f9ca1,f52228936cec,2,1685262271211,38792,162772251,460,1879702,86215505
054cc95f9ca1,f52228936cec,36,1685262271281,38792,162772251,460,1879702,86215505
054cc95f9ca1,f52228936cec,20,1685262289516,38792,162772251,460,1879702,86215505
054cc95f9ca1,f52228936cec,2,1685262335610,38792,162772251,460,1879702,86215505
054cc95f9ca1,f52228936cec,36,1685262335672,38792,162772251,460,1879702,86215505
054cc95f9ca1,f52228936cec,2,1685262348960,38792,162772251,460,1879702,86215505
054cc95f9ca1,f52228936cec,2,1685262365612,38792,162772251,460,1879702,86215505
054cc95f9ca1,f52228936cec,2,1685262378961,38792,162772251,460,1879702,86215505
054cc95f9ca1,f52228936cec,36,1685262379027,38792,162772251,460,1879702,86215505
054cc95f9ca1,f52228936cec,2,1685262395604,38792,162772251,460,1879702,86215505
054cc95f9ca1,f52228936cec,20,1685262422867,38792,162772251,460,1879702,86215505
054cc95f9ca1,f52228936cec,2,1685262455610,38792,162772251,460,1879702,86215505
054cc95f9ca1,f52228936cec,36,1685262455672,38792,162772251,460,1879702,86215505
054cc95f9ca1,f52228936cec,20,1685262469519,38792,162772251,460,1879702,86215505
054cc95f9ca1,f52228936cec,20,1685262482869,38792,162772251,460,1879702,86215505
054cc95f9ca1,f52228936cec,36,1685262515687,38792,162772251,460,1879702,86215505
054cc95f9ca1,f52228936cec,2,1685262528976,38792,162772251,460,1879702,86215505
054cc95f9ca1,f52228936cec,2,1685262575625,38792,162772251,460,1879702,86215505
054cc95f9ca1,f52228936cec,2,1685262588975,38792,162772251,460,1879702,86215505
054cc95f9ca1,f52228936cec,36,1685262589036,38792,162772251,460,1879702,86215505
054cc95f9ca1,f52228936cec,2,1685262709405,38792,162772251,460,1879702,86215505
054cc95f9ca1,f52228936cec,18,1685262709407,38792,162772251,460,1879702,86215505
054cc95f9ca1,f52228936cec,2,1685262722755,38792,162772251,460,1879702,86215505
054cc95f9ca1,f52228936cec,18,1685262722756,38792,162772251,460,1879702,86215505
054cc95f9ca1,f52228936cec,20,1685262739522,38792,162772251,460,1879702,86215505
054cc95f9ca1,f52228936cec,20,1685262752872,38792,162772251,460,1879702,86215505
054cc95f9ca1,f52228936cec,2,1685262840405,38792,162772251,460,1879702,86215505
054cc95f9ca1,f52228936cec,36,1685262840466,38792,162772251,460,1879702,86215505
054cc95f9ca1,f52228936cec,2,1685262853755,38792,162772251,460,1879702,86215505
054cc95f9ca1,f52228936cec,36,1685262853816,38792,162772251,460,1879702,86215505
054cc95f9ca1,f52228936cec,20,1685262861524,38792,162772251,460,1879702,86215505
054cc95f9ca1,f52228936cec,36,1685262884188,38792,162772251,460,1879702,86215505
054cc95f9ca1,f52228936cec,36,1685262897538,38792,162772251,460,1879702,86215505
054cc95f9ca1,f52228936cec,20,1685262903524,38792,162772251,460,1879702,86215505
054cc95f9ca1,f52228936cec,2,1685262906225,38792,162772251,460,1879702,86215505
054cc95f9ca1,f52228936cec,36,1685262906287,38792,162772251,460,1879702,86215505
054cc95f9ca1,f52228936cec,20,1685262916874,38792,162772251,460,1879702,86215505
054cc95f9ca1,f52228936cec,20,1685262919524,38792,162772251,460,1879702,86215505
054cc95f9ca1,f52228936cec,2,1685262919575,38792,162772251,460,1879702,86215505
054cc95f9ca1,f52228936cec,36,1685262919637,38792,162772251,460,1879702,86215505
054cc95f9ca1,f52228936cec,2,1685262919945,38792,162772251,460,1879702,86215505
054cc95f9ca1,f52228936cec,36,1685262920008,38792,162772251,460,1879702,86215505
054cc95f9ca1,f52228936cec,20,1685262932874,38792,162772251,460,1879702,86215505
054cc95f9ca1,f52228936cec,2,1685262933295,38792,162772251,460,1879702,86215505
054cc95f9ca1,f52228936cec,36,1685262933358,38792,162772251,460,1879702,86215505
054cc95f9ca1,f52228936cec,20,1685262933525,38792,162772251,460,1879702,86215505
054cc95f9ca1,f52228936cec,4,1685262944734,38792,162772251,460,1879702,86215505
054cc95f9ca1,f52228936cec,36,1685262945467,38792,162772251,460,1879702,86215505
054cc95f9ca1,f52228936cec,20,1685262946875,38792,162772251,460,1879702,86215505
054cc95f9ca1,f52228936cec,4,1685262958084,38792,162772251,460,1879702,86215505
054cc95f9ca1,f52228936cec,2,1685262958755,38792,162772251,460,1879702,86215505
054cc95f9ca1,f52228936cec,20,1685262959535,38792,162772251,460,1879702,86215505
054cc95f9ca1,f52228936cec,18,1685262979967,38792,162772251,460,1879702,86215505
054cc95f9ca1,f52228936cec,36,1685262993381,38792,162772251,460,1879702,86215505
054cc95f9ca1,f52228936cec,20,1685262993527,38792,162772251,460,1879702,86215505
054cc95f9ca1,f52228936cec,20,1685263006877,38792,162772251,460,1879702,86215505
054cc95f9ca1,f52228936cec,2,1685263070985,38792,162772251,460,1879702,86215505
054cc95f9ca1,f52228936cec,36,1685263071084,38792,162772251,460,1879702,86215505
054cc95f9ca1,f52228936cec,20,1685263083518,38792,162772251,460,1879702,86215505
054cc95f9ca1,f52228936cec,2,1685263084336,38792,162772251,460,1879702,86215505
054cc95f9ca1,f52228936cec,18,1685263084342,38792,162772251,460,1879702,86215505
054cc95f9ca1,f52228936cec,2,1685263099840,38792,162772251,460,1879702,86215505
054cc95f9ca1,f52228936cec,36,1685263099902,38792,162772251,460,1879702,86215505
054cc95f9ca1,f52228936cec,36,1685263138693,38792,162772251,460,1879702,86215505
054cc95f9ca1,f52228936cec,2,1685263151980,38792,162772251,460,1879702,86215505
054cc95f9ca1,f52228936cec,36,1685263152043,38792,162772251,460,1879702,86215505
054cc95f9ca1,f52228936cec,20,1685263153519,38792,162772251,460,1879702,86215505
054cc95f9ca1,f52228936cec,2,1685263224415,38792,162772251,460,1879702,86215505
054cc95f9ca1,f52228936cec,36,1685263224477,38792,162772251,460,1879702,86215505
054cc95f9ca1,f52228936cec,20,1685263237518,38792,162772251,460,1879702,86215505
054cc95f9ca1,f52228936cec,18,1685263237766,38792,162772251,460,1879702,86215505
054cc95f9ca1,f52228936cec,36,1685263237828,38792,162772251,460,1879702,86215505
054cc95f9ca1,f52228936cec,2,1685263251344,38792,162772251,460,1879702,86215505
054cc95f9ca1,f52228936cec,36,1685263251406,38792,162772251,460,1879702,86215505
054cc95f9ca1,f52228936cec,2,1685263264695,38792,162772251,460,1879702,86215505
054cc95f9ca1,f52228936cec,20,1685263279518,38792,162772251,460,1879702,86215505
054cc95f9ca1,f52228936cec,20,1685263292869,38792,162772251,460,1879702,86215505
054cc95f9ca1,f52228936cec,2,1685263374305,38792,162772251,460,1879702,86215505
054cc95f9ca1,f52228936cec,36,1685263374366,38792,162772251,460,1879702,86215505
054cc95f9ca1,f52228936cec,2,1685263387656,38792,162772251,460,1879702,86215505
054cc95f9ca1,f52228936cec,20,1685263421521,38792,162772251,460,1879702,86215505
054cc95f9ca1,f52228936cec,20,1685263434872,38792,162772251,460,1879702,86215505
054cc95f9ca1,f52228936cec,2,1685263441139,38792,162772250,460,1879702,86215505
054cc95f9ca1,f52228936cec,2,1685263454490,38792,162772250,460,1879702,86215505
054cc95f9ca1,f52228936cec,36,1685263454552,38792,162772250,460,1879702,86215505
054cc95f9ca1,f52228936cec,20,1685263470821,38792,162772250,460,1879702,86215505
054cc95f9ca1,f52228936cec,36,1685263529406,38792,162772251,460,1879702,86215505
054cc95f9ca1,f52228936cec,2,1685263542696,38792,162772251,460,1879702,86215505
054cc95f9ca1,f52228936cec,20,1685264053518,38792,162772251,460,1879702,86215505
054cc95f9ca1,f52228936cec,2,1685264054929,38792,162772251,460,1879702,86215505
054cc95f9ca1,f52228936cec,36,1685264054990,38792,162772251,460,1879702,86215505
054cc95f9ca1,f52228936cec,4,1685264744601,38792,162772248,460,1879702,86215505
054cc95f9ca1,f52228936cec,2,1685264745094,38792,162772248,460,1879702,86215505
054cc95f9ca1,f52228936cec,36,1685264745170,38792,162772248,460,1879702,86215505
054cc95f9ca1,f52228936cec,4,1685264757953,38792,162772248,460,1879702,86215505
054cc95f9ca1,f52228936cec,2,1685264758446,38792,162772248,460,1879702,86215505
054cc95f9ca1,f52228936cec,36,1685264758522,38792,162772248,460,1879702,86215505
054cc95f9ca1,f52228936cec,20,1685264761237,38792,162772248,460,1879702,86215505
054cc95f9ca1,f52228936cec,2,1685264820134,38792,162772248,460,1879702,86215505
054cc95f9ca1,f52228936cec,36,1685264820199,38792,162772248,460,1879702,86215505
054cc95f9ca1,f52228936cec,36,1685264833551,38792,162772248,460,1879702,86215505
054cc95f9ca1,f52228936cec,36,1685264840292,38792,162772251,460,1879702,86215505
054cc95f9ca1,f52228936cec,4,1685264855650,38792,162772251,460,1879702,86215505
054cc95f9ca1,f52228936cec,2,1685264856463,38792,162772251,460,1879702,86215505
054cc95f9ca1,f52228936cec,20,1685264866870,38792,162772251,460,1879702,86215505
054cc95f9ca1,f52228936cec,20,1685264869518,38792,162772251,460,1879702,86215505
054cc95f9ca1,f52228936cec,36,1685264869876,38792,162772251,460,1879702,86215505
054cc95f9ca1,f52228936cec,2,1685264940284,38792,162772251,460,1879702,86215505
054cc95f9ca1,f52228936cec,18,1685264940288,38792,162772251,460,1879702,86215505
054cc95f9ca1,f52228936cec,36,1685264940350,38792,162772251,460,1879702,86215505
054cc95f9ca1,f52228936cec,2,1685264953637,38792,162772251,460,1879702,86215505
054cc95f9ca1,f52228936cec,18,1685264953640,38792,162772251,460,1879702,86215505
054cc95f9ca1,f52228936cec,36,1685264953702,38792,162772251,460,1879702,86215505
054cc95f9ca1,f52228936cec,36,1685264997847,38792,162772251,460,1879702,86215505
054cc95f9ca1,f52228936cec,20,1685265006873,38792,162772251,460,1879702,86215505
054cc95f9ca1,f52228936cec,18,1685265011136,38792,162772251,460,1879702,86215505
054cc95f9ca1,f52228936cec,36,1685265011199,38792,162772251,460,1879702,86215505
054cc95f9ca1,f52228936cec,20,1685265019520,38792,162772251,460,1879702,86215505
054cc95f9ca1,f52228936cec,2,1685265037609,38792,162772251,460,1879702,86215505
054cc95f9ca1,f52228936cec,36,1685265037670,38792,162772251,460,1879702,86215505
054cc95f9ca1,f52228936cec,2,1685265050961,38792,162772251,460,1879702,86215505
054cc95f9ca1,f52228936cec,20,1685265066872,38792,162772251,460,1879702,86215505
054cc95f9ca1,f52228936cec,2,1685265088143,38792,162772251,460,1879702,86215505
054cc95f9ca1,f52228936cec,20,1685265101521,38792,162772251,460,1879702,86215505
054cc95f9ca1,f52228936cec,20,1685265114873,38792,162772251,460,1879702,86215505
054cc95f9ca1,f52228936cec,4,1685265163065,38792,162772251,460,1879702,86215505
054cc95f9ca1,f52228936cec,2,1685265163663,38792,162772251,460,1879702,86215505
054cc95f9ca1,f52228936cec,36,1685265163730,38792,162772251,460,1879702,86215505
054cc95f9ca1,f52228936cec,4,1685265176417,38792,162772251,460,1879702,86215505
054cc95f9ca1,f52228936cec,36,1685265177082,38792,162772251,460,1879702,86215505
054cc95f9ca1,f52228936cec,2,1685265195663,38792,162772251,460,1879702,86215505
054cc95f9ca1,f52228936cec,36,1685265195726,38792,162772251,460,1879702,86215505
054cc95f9ca1,f52228936cec,4,1685265208657,38792,162772251,460,1879702,86215505
054cc95f9ca1,f52228936cec,20,1685265215523,38792,162772251,460,1879702,86215505
054cc95f9ca1,f52228936cec,20,1685265228875,38792,162772251,460,1879702,86215505
054cc95f9ca1,f52228936cec,2,1685265255518,38792,162772251,460,1879702,86215505
054cc95f9ca1,f52228936cec,36,1685265255594,38792,162772251,460,1879702,86215505
054cc95f9ca1,f52228936cec,20,1685265257523,38792,162772251,460,1879702,86215505
054cc95f9ca1,f52228936cec,20,1685265270876,38792,162772251,460,1879702,86215505
054cc95f9ca1,f52228936cec,36,1685265304510,38792,162772251,460,1879702,86215505
054cc95f9ca1,f52228936cec,36,1685265317863,38792,162772251,460,1879702,86215505
054cc95f9ca1,f52228936cec,4,1685265344934,38792,162772248,460,1879702,86215505
054cc95f9ca1,f52228936cec,2,1685265345414,38792,162772248,460,1879702,86215505
054cc95f9ca1,f52228936cec,4,1685265358287,38792,162772248,460,1879702,86215505
054cc95f9ca1,f52228936cec,2,1685265358766,38792,162772248,460,1879702,86215505
054cc95f9ca1,f52228936cec,36,1685265358829,38792,162772248,460,1879702,86215505
054cc95f9ca1,f52228936cec,2,1685265413184,38792,162772248,460,1879702,86215505
054cc95f9ca1,f52228936cec,2,1685265426537,38792,162772248,460,1879702,86215505
054cc95f9ca1,f52228936cec,18,1685265474723,38792,162772248,460,1879702,86215505
054cc95f9ca1,f52228936cec,36,1685265474786,38792,162772248,460,1879702,86215505
054cc95f9ca1,f52228936cec,20,1685265484409,38792,162772248,460,1879702,86215505
054cc95f9ca1,f52228936cec,2,1685265485929,38792,162772251,460,1879702,86215505
054cc95f9ca1,f52228936cec,4,1685265487402,38792,162772248,460,1879702,86215505
054cc95f9ca1,f52228936cec,2,1685265488066,38792,162772248,460,1879702,86215505
054cc95f9ca1,f52228936cec,18,1685265488076,38792,162772248,460,1879702,86215505
054cc95f9ca1,f52228936cec,36,1685265488139,38792,162772248,460,1879702,86215505
054cc95f9ca1,f52228936cec,2,1685266930223,38792,162772251,460,1879702,86215505
054cc95f9ca1,f52228936cec,36,1685266943638,38792,162772251,460,1879702,86215505
054cc95f9ca1,f52228936cec,20,1685266956877,38792,162772251,460,1879702,86215505
054cc95f9ca1,f52228936cec,36,1685266964118,38792,162772251,460,1879702,86215505
054cc95f9ca1,f52228936cec,36,1685267041281,38792,162772250,460,1879702,86215505
054cc95f9ca1,f52228936cec,36,1685267054634,38792,162772250,460,1879702,86215505
054cc95f9ca1,f52228936cec,20,1685267061102,38792,162772250,460,1879702,86215505
054cc95f9ca1,f52228936cec,36,1685267136237,38792,162772248,460,1879702,86215505
054cc95f9ca1,f52228936cec,20,1685267149096,38792,162772248,460,1879702,86215505
054cc95f9ca1,f52228936cec,4,1685267149171,38792,162772248,460,1879702,86215505
054cc95f9ca1,f52228936cec,36,1685267149589,38792,162772248,460,1879702,86215505
054cc95f9ca1,f52228936cec,20,1685267162449,38792,162772248,460,1879702,86215505
054cc95f9ca1,f52228936cec,36,1685267341252,38792,162772250,460,1879702,86215505
054cc95f9ca1,f52228936cec,36,1685267354605,38792,162772250,460,1879702,86215505
054cc95f9ca1,f52228936cec,2,1685267640289,38792,162772248,460,1879702,86215505
054cc95f9ca1,f52228936cec,36,1685267640361,38792,162772248,460,1879702,86215505
054cc95f9ca1,f52228936cec,4,1685267857831,38792,162772251,460,1879702,86215505
054cc95f9ca1,f52228936cec,2,1685267858065,38792,162772251,460,1879702,86215505
054cc95f9ca1,f52228936cec,2,1685267871418,38792,162772251,460,1879702,86215505
054cc95f9ca1,f52228936cec,36,1685267871479,38792,162772251,460,1879702,86215505
054cc95f9ca1,f52228936cec,20,1685267884868,38792,162772251,460,1879702,86215505
054cc95f9ca1,f52228936cec,2,1685267941153,38792,162772248,460,1879702,86215505
054cc95f9ca1,f52228936cec,36,1685267941225,38792,162772248,460,1879702,86215505
054cc95f9ca1,f52228936cec,2,1685267954506,38792,162772248,460,1879702,86215505
054cc95f9ca1,f52228936cec,20,1685267961487,38792,162772248,460,1879702,86215505
054cc95f9ca1,f52228936cec,2,1685267976453,38792,162772248,460,1879702,86215505
054cc95f9ca1,f52228936cec,2,1685267989806,38792,162772248,460,1879702,86215505
054cc95f9ca1,f52228936cec,20,1685267991161,38792,162772248,460,1879702,86215505
054cc95f9ca1,f52228936cec,4,1685267997735,38792,162772248,460,1879702,86215505
054cc95f9ca1,f52228936cec,36,1685267998915,38792,162772248,460,1879702,86215505
054cc95f9ca1,f52228936cec,20,1685268004514,38792,162772248,460,1879702,86215505
054cc95f9ca1,f52228936cec,4,1685268011088,38792,162772248,460,1879702,86215505
054cc95f9ca1,f52228936cec,36,1685268012268,38792,162772248,460,1879702,86215505
054cc95f9ca1,f52228936cec,20,1685268021172,38792,162772248,460,1879702,86215505
054cc95f9ca1,f52228936cec,36,1685268040899,38792,162772248,460,1879702,86215505
054cc95f9ca1,f52228936cec,20,1685268066851,38792,162772248,460,1879702,86215505
054cc95f9ca1,f52228936cec,2,1685268088038,38792,162772248,460,1879702,86215505
054cc95f9ca1,f52228936cec,36,1685268088106,38792,162772248,460,1879702,86215505
054cc95f9ca1,f52228936cec,2,1685268101391,38792,162772248,460,1879702,86215505
054cc95f9ca1,f52228936cec,36,1685268101459,38792,162772248,460,1879702,86215505
054cc95f9ca1,f52228936cec,20,1685268101499,38792,162772248,460,1879702,86215505
054cc95f9ca1,f52228936cec,20,1685268139189,38792,162772248,460,1879702,86215505
054cc95f9ca1,f52228936cec,4,1685268151950,38792,162772250,460,1879702,86215505
054cc95f9ca1,f52228936cec,2,1685268152448,38792,162772250,460,1879702,86215505
054cc95f9ca1,f52228936cec,36,1685268152510,38792,162772250,460,1879702,86215505
054cc95f9ca1,f52228936cec,4,1685268165302,38792,162772250,460,1879702,86215505
054cc95f9ca1,f52228936cec,20,1685268167190,38792,162772250,460,1879702,86215505
054cc95f9ca1,f52228936cec,20,1685268255191,38792,162772250,460,1879702,86215505
054cc95f9ca1,f52228936cec,2,1685268258693,38792,162772250,460,1879702,86215505
054cc95f9ca1,f52228936cec,36,1685268258755,38792,162772250,460,1879702,86215505
054cc95f9ca1,f52228936cec,2,1685268260483,38792,162772250,460,1879702,86215505
054cc95f9ca1,f52228936cec,20,1685268268543,38792,162772250,460,1879702,86215505
054cc95f9ca1,f52228936cec,2,1685268272045,38792,162772250,460,1879702,86215505
054cc95f9ca1,f52228936cec,36,1685268272108,38792,162772250,460,1879702,86215505
054cc95f9ca1,f52228936cec,2,1685268273836,38792,162772250,460,1879702,86215505
054cc95f9ca1,f52228936cec,2,1685268554158,38792,162772250,460,1879702,86215505
054cc95f9ca1,f52228936cec,36,1685268554251,38792,162772250,460,1879702,86215505
054cc95f9ca1,f52228936cec,20,1685268567509,38792,162772250,460,1879702,86215505
054cc95f9ca1,f52228936cec,2,1685268567510,38792,162772250,460,1879702,86215505
054cc95f9ca1,f52228936cec,18,1685268567540,38792,162772250,460,1879702,86215505
054cc95f9ca1,f52228936cec,36,1685268567603,38792,162772250,460,1879702,86215505
054cc95f9ca1,f52228936cec,20,1685268676898,38792,162772250,460,1879702,86215505
054cc95f9ca1,f52228936cec,36,1685268690120,38792,162772248,460,1879702,86215505
054cc95f9ca1,f52228936cec,4,1685268702246,38792,162772248,460,1879702,86215505
054cc95f9ca1,f52228936cec,2,1685268703401,38792,162772248,460,1879702,86215505
054cc95f9ca1,f52228936cec,36,1685268703472,38792,162772248,460,1879702,86215505
054cc95f9ca1,f52228936cec,20,1685268718908,38792,162772248,460,1879702,86215505
054cc95f9ca1,f52228936cec,4,1685268745059,38792,162772250,460,1879702,86215505
054cc95f9ca1,f52228936cec,2,1685268745640,38792,162772250,460,1879702,86215505
054cc95f9ca1,f52228936cec,20,1685268759527,38792,162772250,460,1879702,86215505
054cc95f9ca1,f52228936cec,20,1685268772879,38792,162772250,460,1879702,86215505
054cc95f9ca1,f52228936cec,4,1685268801926,38792,162772248,460,1879702,86215505
054cc95f9ca1,f52228936cec,4,1685268815277,38792,162772248,460,1879702,86215505
054cc95f9ca1,f52228936cec,2,1685268816040,38792,162772248,460,1879702,86215505
054cc95f9ca1,f52228936cec,20,1685268817557,38792,162772248,460,1879702,86215505
054cc95f9ca1,f52228936cec,20,1685268830909,38792,162772248,460,1879702,86215505
054cc95f9ca1,f52228936cec,2,1685268841183,38792,162772251,460,1879702,86215505
054cc95f9ca1,f52228936cec,36,1685268841245,38792,162772251,460,1879702,86215505
054cc95f9ca1,f52228936cec,2,1685268854535,38792,162772251,460,1879702,86215505
054cc95f9ca1,f52228936cec,20,1685268855518,38792,162772251,460,1879702,86215505
054cc95f9ca1,f52228936cec,2,1685268929426,38792,162772248,460,1879702,86215505
054cc95f9ca1,f52228936cec,36,1685268929486,38792,162772248,460,1879702,86215505
054cc95f9ca1,f52228936cec,20,1685268942590,38792,162772248,460,1879702,86215505
054cc95f9ca1,f52228936cec,36,1685268991536,38792,162772248,460,1879702,86215505
054cc95f9ca1,f52228936cec,20,1685268991881,38792,162772248,460,1879702,86215505
054cc95f9ca1,f52228936cec,2,1685268991883,38792,162772248,460,1879702,86215505
054cc95f9ca1,f52228936cec,2,1685269004790,38792,162772248,460,1879702,86215505
054cc95f9ca1,f52228936cec,36,1685269004888,38792,162772248,460,1879702,86215505
054cc95f9ca1,f52228936cec,2,1685269005235,38792,162772248,460,1879702,86215505
054cc95f9ca1,f52228936cec,20,1685269663518,38792,162772248,460,1879702,86215505
054cc95f9ca1,f52228936cec,20,1685269676869,38792,162772248,460,1879702,86215505
054cc95f9ca1,f52228936cec,4,1685269706971,38792,162772251,460,1879702,86215505
054cc95f9ca1,f52228936cec,2,1685269707644,38792,162772251,460,1879702,86215505
054cc95f9ca1,f52228936cec,20,1685269719481,38792,162772251,460,1879702,86215505
054cc95f9ca1,f52228936cec,2,1685269719484,38792,162772251,460,1879702,86215505
054cc95f9ca1,f52228936cec,18,1685269719514,38792,162772251,460,1879702,86215505
054cc95f9ca1,f52228936cec,4,1685269720321,38792,162772251,460,1879702,86215505
054cc95f9ca1,f52228936cec,20,1685269732832,38792,162772251,460,1879702,86215505
054cc95f9ca1,f52228936cec,2,1685269732835,38792,162772251,460,1879702,86215505
054cc95f9ca1,f52228936cec,18,1685269732865,38792,162772251,460,1879702,86215505
054cc95f9ca1,f52228936cec,36,1685269732931,38792,162772251,460,1879702,86215505
054cc95f9ca1,f52228936cec,20,1685271329519,38792,162772251,460,1879702,86215505
054cc95f9ca1,f52228936cec,20,1685271342866,38792,162772251,460,1879702,86215505
054cc95f9ca1,f52228936cec,18,1685271358590,38792,162772251,460,1879702,86215505
054cc95f9ca1,f52228936cec,2,1685271358590,38792,162772251,460,1879702,86215505
054cc95f9ca1,f52228936cec,36,1685271358651,38792,162772251,460,1879702,86215505
054cc95f9ca1,f52228936cec,36,1685271396198,38792,162772248,460,1879702,86215505
054cc95f9ca1,f52228936cec,2,1685271409480,38792,162772248,460,1879702,86215505
054cc95f9ca1,f52228936cec,36,1685271409545,38792,162772248,460,1879702,86215505
054cc95f9ca1,f52228936cec,20,1685271409780,38792,162772248,460,1879702,86215505
054cc95f9ca1,f52228936cec,2,1685271489407,38792,162772248,460,1879702,86215505
054cc95f9ca1,f52228936cec,36,1685271489469,38792,162772248,460,1879702,86215505
054cc95f9ca1,f52228936cec,20,1685271501792,38792,162772248,460,1879702,86215505
054cc95f9ca1,f52228936cec,4,1685271502324,38792,162772248,460,1879702,86215505
054cc95f9ca1,f52228936cec,2,1685271502754,38792,162772248,460,1879702,86215505
054cc95f9ca1,f52228936cec,36,1685271502815,38792,162772248,460,1879702,86215505
054cc95f9ca1,f52228936cec,20,1685271515138,38792,162772248,460,1879702,86215505
054cc95f9ca1,f52228936cec,2,1685271542133,38792,162772248,460,1879702,86215505
054cc95f9ca1,f52228936cec,36,1685271542194,38792,162772248,460,1879702,86215505
054cc95f9ca1,f52228936cec,2,1685271555480,38792,162772248,460,1879702,86215505
054cc95f9ca1,f52228936cec,36,1685271555541,38792,162772248,460,1879702,86215505
054cc95f9ca1,f52228936cec,20,1685271555803,38792,162772248,460,1879702,86215505
054cc95f9ca1,f52228936cec,2,1685271565473,38792,162772248,460,1879702,86215505
054cc95f9ca1,f52228936cec,36,1685271565534,38792,162772248,460,1879702,86215505
054cc95f9ca1,f52228936cec,20,1685271569149,38792,162772248,460,1879702,86215505
054cc95f9ca1,f52228936cec,2,1685272951168,38792,162772248,460,1879702,86215505
054cc95f9ca1,f52228936cec,18,1685272951173,38792,162772248,460,1879702,86215505
054cc95f9ca1,f52228936cec,36,1685272951254,38792,162772248,460,1879702,86215505
054cc95f9ca1,f52228936cec,4,1685272963303,38792,162772248,460,1879702,86215505
054cc95f9ca1,f52228936cec,20,1685272963939,38792,162772248,460,1879702,86215505
054cc95f9ca1,f52228936cec,18,1685272964516,38792,162772248,460,1879702,86215505
054cc95f9ca1,f52228936cec,36,1685272964598,38792,162772248,460,1879702,86215505
054cc95f9ca1,f52228936cec,20,1685272977283,38792,162772248,460,1879702,86215505
054cc95f9ca1,f52228936cec,36,1685272984214,38792,162772248,460,1879702,86215505
054cc95f9ca1,f52228936cec,2,1685272997496,38792,162772248,460,1879702,86215505
054cc95f9ca1,f52228936cec,36,1685272997558,38792,162772248,460,1879702,86215505
054cc95f9ca1,f52228936cec,20,1685273011284,38792,162772248,460,1879702,86215505
054cc95f9ca1,f52228936cec,4,1685273013593,38792,162772248,460,1879702,86215505
054cc95f9ca1,f52228936cec,2,1685273027232,38792,162772248,460,1879702,86215505
054cc95f9ca1,f52228936cec,20,1685273027940,38792,162772248,460,1879702,86215505
054cc95f9ca1,f52228936cec,2,1685273041148,38792,162772248,460,1879702,86215505
054cc95f9ca1,f52228936cec,20,1685273053941,38792,162772248,460,1879702,86215505
054cc95f9ca1,f52228936cec,36,1685273054553,38792,162772248,460,1879702,86215505
054cc95f9ca1,f52228936cec,20,1685273067284,38792,162772248,460,1879702,86215505
054cc95f9ca1,f52228936cec,2,1685273321958,38792,162772248,460,1879702,86215505
054cc95f9ca1,f52228936cec,36,1685273322020,38792,162772248,460,1879702,86215505
054cc95f9ca1,f52228936cec,20,1685273339965,38792,162772248,460,1879702,86215505
054cc95f9ca1,f52228936cec,2,1685273340367,38792,162772248,460,1879702,86215505
054cc95f9ca1,f52228936cec,2,1685273353711,38792,162772248,460,1879702,86215505
054cc95f9ca1,f52228936cec,36,1685273353788,38792,162772248,460,1879702,86215505
054cc95f9ca1,f52228936cec,20,1685273357964,38792,162772248,460,1879702,86215505
054cc95f9ca1,f52228936cec,20,1685273371308,38792,162772248,460,1879702,86215505
054cc95f9ca1,f52228936cec,2,1685273383802,38792,162772250,460,1879702,86215505
054cc95f9ca1,f52228936cec,36,1685273383863,38792,162772250,460,1879702,86215505
054cc95f9ca1,f52228936cec,4,1685273396950,38792,162772250,460,1879702,86215505
054cc95f9ca1,f52228936cec,2,1685273397146,38792,162772250,460,1879702,86215505
054cc95f9ca1,f52228936cec,20,1685273397645,38792,162772250,460,1879702,86215505
054cc95f9ca1,f52228936cec,2,1685273404382,38792,162772250,460,1879702,86215505
054cc95f9ca1,f52228936cec,36,1685273404444,38792,162772250,460,1879702,86215505
054cc95f9ca1,f52228936cec,20,1685273410988,38792,162772250,460,1879702,86215505
054cc95f9ca1,f52228936cec,2,1685273417726,38792,162772250,460,1879702,86215505
054cc95f9ca1,f52228936cec,36,1685273417787,38792,162772250,460,1879702,86215505
054cc95f9ca1,f52228936cec,4,1685275560438,38792,162772251,460,1879702,86215505
054cc95f9ca1,f52228936cec,20,1685275563724,38792,162772251,460,1879702,86215505
054cc95f9ca1,f52228936cec,2,1685275563727,38792,162772251,460,1879702,86215505
054cc95f9ca1,f52228936cec,18,1685275563756,38792,162772251,460,1879702,86215505
054cc95f9ca1,f52228936cec,4,1685275573780,38792,162772251,460,1879702,86215505
054cc95f9ca1,f52228936cec,2,1685275574424,38792,162772251,460,1879702,86215505
054cc95f9ca1,f52228936cec,36,1685275574484,38792,162772251,460,1879702,86215505
054cc95f9ca1,f52228936cec,20,1685275577066,38792,162772251,460,1879702,86215505
054cc95f9ca1,f52228936cec,18,1685275577098,38792,162772251,460,1879702,86215505
054cc95f9ca1,f52228936cec,36,1685275577160,38792,162772251,460,1879702,86215505
054cc95f9ca1,f52228936cec,20,1685275597521,38792,162772251,460,1879702,86215505
054cc95f9ca1,f52228936cec,20,1685275610863,38792,162772251,460,1879702,86215505
054cc95f9ca1,f52228936cec,2,1685275617542,38792,162772248,460,1879702,86215505
054cc95f9ca1,f52228936cec,36,1685275617608,38792,162772248,460,1879702,86215505
054cc95f9ca1,f52228936cec,4,1685277728130,38792,162772251,460,1879702,86215505
054cc95f9ca1,f52228936cec,2,1685277729412,38792,162772251,460,1879702,86215505
054cc95f9ca1,f52228936cec,4,1685277741469,38792,162772251,460,1879702,86215505
054cc95f9ca1,f52228936cec,2,1685277742752,38792,162772251,460,1879702,86215505
054cc95f9ca1,f52228936cec,20,1685277763518,38792,162772251,460,1879702,86215505
054cc95f9ca1,f52228936cec,20,1685277776858,38792,162772251,460,1879702,86215505
054cc95f9ca1,f52228936cec,4,1685277831380,38792,162772248,460,1879702,86215505
054cc95f9ca1,f52228936cec,2,1685277831806,38792,162772248,460,1879702,86215505
054cc95f9ca1,f52228936cec,4,1685277844719,38792,162772248,460,1879702,86215505
054cc95f9ca1,f52228936cec,2,1685277845145,38792,162772248,460,1879702,86215505
054cc95f9ca1,f52228936cec,36,1685277845207,38792,162772248,460,1879702,86215505
054cc95f9ca1,f52228936cec,4,1685277967504,38792,162772248,460,1879702,86215505
054cc95f9ca1,f52228936cec,2,1685277968760,38792,162772248,460,1879702,86215505
054cc95f9ca1,f52228936cec,4,1685277980843,38792,162772248,460,1879702,86215505
054cc95f9ca1,f52228936cec,2,1685277982099,38792,162772248,460,1879702,86215505
054cc95f9ca1,f52228936cec,20,1685277982342,38792,162772248,460,1879702,86215505
054cc95f9ca1,f52228936cec,20,1685277995681,38792,162772248,460,1879702,86215505
054cc95f9ca1,f52228936cec,36,1685280582304,38792,162772251,460,1879702,86215505
054cc95f9ca1,f52228936cec,2,1685280595578,38792,162772251,460,1879702,86215505
054cc95f9ca1,f52228936cec,36,1685280595642,38792,162772251,460,1879702,86215505
054cc95f9ca1,f52228936cec,20,1685280608852,38792,162772251,460,1879702,86215505
054cc95f9ca1,f52228936cec,4,1685282630611,38792,162772248,460,1879702,86215505
054cc95f9ca1,f52228936cec,2,1685282631798,38792,162772248,460,1879702,86215505
054cc95f9ca1,f52228936cec,36,1685282631861,38792,162772248,460,1879702,86215505
054cc95f9ca1,f52228936cec,4,1685282643949,38792,162772248,460,1879702,86215505
054cc95f9ca1,f52228936cec,2,1685282645136,38792,162772248,460,1879702,86215505
054cc95f9ca1,f52228936cec,36,1685282645199,38792,162772248,460,1879702,86215505
054cc95f9ca1,f52228936cec,20,1685282657988,38792,162772248,460,1879702,86215505
054cc95f9ca1,f52228936cec,2,1685283582849,38792,162772248,460,1879702,86215505
054cc95f9ca1,f52228936cec,36,1685283582922,38792,162772248,460,1879702,86215505
054cc95f9ca1,f52228936cec,2,1685283596188,38792,162772248,460,1879702,86215505
054cc95f9ca1,f52228936cec,20,1685283596732,38792,162772248,460,1879702,86215505
054cc95f9ca1,f52228936cec,20,1685283610071,38792,162772248,460,1879702,86215505
054cc95f9ca1,f52228936cec,2,1685286583258,38792,162772251,460,1879702,86215505
054cc95f9ca1,f52228936cec,36,1685286583320,38792,162772251,460,1879702,86215505
054cc95f9ca1,f52228936cec,20,1685286595520,38792,162772251,460,1879702,86215505
054cc95f9ca1,f52228936cec,2,1685286596600,38792,162772251,460,1879702,86215505
054cc95f9ca1,f52228936cec,20,1685286608862,38792,162772251,460,1879702,86215505
