0a8632b2e4b4,943b5daf68b0,2,1685204193951,38842,116478168,460,1587669,35396510
0a8632b2e4b4,943b5daf68b0,18,1685204193955,38842,116478168,460,1587669,35396510
0a8632b2e4b4,943b5daf68b0,36,1685204194732,38842,116478168,460,1587669,35396510
0a8632b2e4b4,943b5daf68b0,39,1685204194772,38842,116478168,460,1587669,35396510
0a8632b2e4b4,943b5daf68b0,14,1685204195217,38842,251528284,460,1587669,35396510
0a8632b2e4b4,943b5daf68b0,14,1685204195747,38842,84951704,460,1587669,35396510
0a8632b2e4b4,943b5daf68b0,39,1685204195795,38842,84951704,460,1587669,35396510
0a8632b2e4b4,943b5daf68b0,36,1685204661067,38842,84951704,460,1587669,35396510
0a8632b2e4b4,943b5daf68b0,39,1685204661111,38842,84951704,460,1587669,35396510
0a8632b2e4b4,943b5daf68b0,14,1685204661568,38842,251528284,460,1587669,35396510
0a8632b2e4b4,943b5daf68b0,39,1685204661619,38842,251528284,460,1587669,35396510
0a8632b2e4b4,943b5daf68b0,2,1685204911941,38842,84951704,460,1587669,35396510
0a8632b2e4b4,943b5daf68b0,18,1685204911943,38842,84951704,460,1587669,35396510
0a8632b2e4b4,943b5daf68b0,36,1685204912027,38842,84951704,460,1587669,35396510
0a8632b2e4b4,943b5daf68b0,39,1685204912081,38842,84951704,460,1587669,35396510
0a8632b2e4b4,943b5daf68b0,14,1685204913876,38842,84951704,460,1587669,35396510
0a8632b2e4b4,943b5daf68b0,20,1685204927766,38842,84951704,460,1587669,35396510
0a8632b2e4b4,943b5daf68b0,4,1685205174170,38842,84951704,460,1587669,35396510
0a8632b2e4b4,943b5daf68b0,18,1685205174774,38842,84951704,460,1587669,35396510
0a8632b2e4b4,943b5daf68b0,39,1685205174901,38842,84951704,460,1587669,35396510
0a8632b2e4b4,943b5daf68b0,14,1685205175356,38842,251528284,460,1587669,35396510
0a8632b2e4b4,943b5daf68b0,39,1685205175408,38842,251528284,460,1587669,35396510
0a8632b2e4b4,943b5daf68b0,14,1685205177157,38842,251528284,460,1587669,35396510
0a8632b2e4b4,943b5daf68b0,39,1685205177205,38842,251528284,460,1587669,35396510
0a8632b2e4b4,943b5daf68b0,18,1685207191963,38842,116478168,460,1587669,35396510
0a8632b2e4b4,943b5daf68b0,2,1685207201851,38842,116478168,460,1587669,35396510
0a8632b2e4b4,943b5daf68b0,36,1685207202631,38842,116478168,460,1587669,35396510
0a8632b2e4b4,943b5daf68b0,39,1685207203997,38842,250801497,460,1587669,35396510
0a8632b2e4b4,943b5daf68b0,14,1685207204975,38842,251587682,460,1587669,35396510
0a8632b2e4b4,943b5daf68b0,39,1685207205026,38842,251587682,460,1587669,35396510
0a8632b2e4b4,943b5daf68b0,14,1685207205491,38842,250801497,460,1587669,35396510
0a8632b2e4b4,943b5daf68b0,14,1685207206495,38842,251587682,460,1587669,35396510
0a8632b2e4b4,943b5daf68b0,20,1685207216440,38842,251587682,460,1587669,35396510
0a8632b2e4b4,943b5daf68b0,18,1685208417964,38842,116478168,460,1587669,35396510
0a8632b2e4b4,943b5daf68b0,39,1685208418091,38842,116478168,460,1587669,35396510
0a8632b2e4b4,943b5daf68b0,14,1685208419356,38842,251528284,460,1587669,35396510
0a8632b2e4b4,943b5daf68b0,39,1685208419410,38842,251528284,460,1587669,35396510
0a8632b2e4b4,943b5daf68b0,4,1685208694371,38842,250801497,460,1587669,35396510
0a8632b2e4b4,943b5daf68b0,2,1685208694771,38842,250801497,460,1587669,35396510
0a8632b2e4b4,943b5daf68b0,18,1685208694774,38842,250801497,460,1587669,35396510
0a8632b2e4b4,943b5daf68b0,36,1685208694820,38842,250801497,460,1587669,35396510
0a8632b2e4b4,943b5daf68b0,39,1685208695934,38842,251587682,460,1587669,35396510
0a8632b2e4b4,943b5daf68b0,14,1685208697421,38842,250801497,460,1587669,35396510
0a8632b2e4b4,943b5daf68b0,39,1685208697467,38842,250801497,460,1587669,35396510
0a8632b2e4b4,943b5daf68b0,14,1685208698620,38842,251587682,460,1587669,35396510
0a8632b2e4b4,943b5daf68b0,14,1685208699116,38842,250801497,460,1587669,35396510
0a8632b2e4b4,943b5daf68b0,39,1685208699160,38842,250801497,460,1587669,35396510
0a8632b2e4b4,943b5daf68b0,20,1685208709060,38842,250801497,460,1587669,35396510
0a8632b2e4b4,943b5daf68b0,2,1685210130972,38842,250801498,460,1587669,35396510
0a8632b2e4b4,943b5daf68b0,36,1685210131021,38842,250801498,460,1587669,35396510
0a8632b2e4b4,943b5daf68b0,39,1685210131066,38842,250801498,460,1587669,35396510
0a8632b2e4b4,943b5daf68b0,20,1685210140953,38842,250801498,460,1587669,35396510
0a8632b2e4b4,943b5daf68b0,2,1685210163446,38842,250801498,460,1587669,35396510
0a8632b2e4b4,943b5daf68b0,39,1685210163536,38842,250801498,460,1587669,35396510
0a8632b2e4b4,943b5daf68b0,4,1685211113519,38842,250801498,460,1587669,35396510
0a8632b2e4b4,943b5daf68b0,2,1685211113977,38842,250801498,460,1587669,35396510
0a8632b2e4b4,943b5daf68b0,36,1685211114029,38842,250801498,460,1587669,35396510
0a8632b2e4b4,943b5daf68b0,39,1685211114073,38842,250801498,460,1587669,35396510
0a8632b2e4b4,943b5daf68b0,20,1685211123958,38842,250801498,460,1587669,35396510
0a8632b2e4b4,943b5daf68b0,2,1685211652952,38842,250801498,460,1587669,35396510
0a8632b2e4b4,943b5daf68b0,36,1685211653001,38842,250801498,460,1587669,35396510
0a8632b2e4b4,943b5daf68b0,39,1685211653039,38842,250801498,460,1587669,35396510
0a8632b2e4b4,943b5daf68b0,20,1685211668932,38842,250801498,460,1587669,35396510
0a8632b2e4b4,943b5daf68b0,4,1685212199602,38842,250801497,460,1587669,35396510
0a8632b2e4b4,943b5daf68b0,2,1685212200696,38842,250801497,460,1587669,35396510
0a8632b2e4b4,943b5daf68b0,18,1685212200700,38842,250801497,460,1587669,35396510
0a8632b2e4b4,943b5daf68b0,36,1685212200746,38842,250801497,460,1587669,35396510
0a8632b2e4b4,943b5daf68b0,39,1685212200783,38842,250801497,460,1587669,35396510
0a8632b2e4b4,943b5daf68b0,20,1685212211779,38842,250801498,460,1587669,35396510
0a8632b2e4b4,943b5daf68b0,2,1685213005015,38842,250801498,460,1587669,35396510
0a8632b2e4b4,943b5daf68b0,18,1685213005019,38842,250801498,460,1587669,35396510
0a8632b2e4b4,943b5daf68b0,36,1685213005272,38842,250801498,460,1587669,35396510
0a8632b2e4b4,943b5daf68b0,20,1685213020997,38842,250801498,460,1587669,35396510
0a8632b2e4b4,943b5daf68b0,36,1685214831021,38842,250801497,460,1587669,35396510
0a8632b2e4b4,943b5daf68b0,18,1685215435260,38842,250801497,460,1587669,35396510
0a8632b2e4b4,943b5daf68b0,36,1685215435307,38842,250801497,460,1587669,35396510
0a8632b2e4b4,943b5daf68b0,20,1685215447237,38842,250801497,460,1587669,35396510
0a8632b2e4b4,943b5daf68b0,2,1685216001998,38842,250801497,460,1587669,35396510
0a8632b2e4b4,943b5daf68b0,18,1685216002000,38842,250801497,460,1587669,35396510
0a8632b2e4b4,943b5daf68b0,36,1685216002393,38842,250801497,460,1587669,35396510
0a8632b2e4b4,943b5daf68b0,18,1685218007009,38842,116446936,460,1587669,35396510
0a8632b2e4b4,943b5daf68b0,36,1685218007055,38842,116446936,460,1587669,35396510
0a8632b2e4b4,943b5daf68b0,39,1685218007093,38842,116446936,460,1587669,35396510
0a8632b2e4b4,943b5daf68b0,20,1685218014829,38842,116446936,460,1587669,35396510
0a8632b2e4b4,943b5daf68b0,18,1685218014833,38842,116446936,460,1587669,35396510
0a8632b2e4b4,943b5daf68b0,39,1685218015407,38842,116446936,460,1587669,35396510
0a8632b2e4b4,943b5daf68b0,20,1685218034808,38842,116446936,460,1587669,35396510
0a8632b2e4b4,943b5daf68b0,4,1685218614979,38842,116478168,460,1587669,35396510
0a8632b2e4b4,943b5daf68b0,18,1685218616052,38842,116478168,460,1587669,35396510
0a8632b2e4b4,943b5daf68b0,36,1685218616140,38842,116478168,460,1587669,35396510
0a8632b2e4b4,943b5daf68b0,39,1685218616189,38842,116478168,460,1587669,35396510
0a8632b2e4b4,943b5daf68b0,14,1685218618076,38842,116446936,460,1587669,35396510
0a8632b2e4b4,943b5daf68b0,39,1685218618110,38842,116446936,460,1587669,35396510
0a8632b2e4b4,943b5daf68b0,20,1685218638015,38842,116446936,460,1587669,35396510
0a8632b2e4b4,943b5daf68b0,2,1685218998989,38842,116478168,460,1587669,35396510
0a8632b2e4b4,943b5daf68b0,18,1685218998992,38842,116478168,460,1587669,35396510
0a8632b2e4b4,943b5daf68b0,36,1685218999090,38842,116478168,460,1587669,35396510
0a8632b2e4b4,943b5daf68b0,39,1685218999139,38842,116478168,460,1587669,35396510
0a8632b2e4b4,943b5daf68b0,14,1685219000936,38842,116446936,460,1587669,35396510
0a8632b2e4b4,943b5daf68b0,39,1685219000985,38842,116446936,460,1587669,35396510
0a8632b2e4b4,943b5daf68b0,2,1685221357999,38842,116478168,460,1587669,35396510
0a8632b2e4b4,943b5daf68b0,18,1685221358002,38842,116478168,460,1587669,35396510
0a8632b2e4b4,943b5daf68b0,36,1685221358119,38842,116478168,460,1587669,35396510
0a8632b2e4b4,943b5daf68b0,39,1685221358169,38842,116478168,460,1587669,35396510
0a8632b2e4b4,943b5daf68b0,14,1685221360285,38842,116446936,460,1587669,35396510
0a8632b2e4b4,943b5daf68b0,39,1685221360335,38842,116446936,460,1587669,35396510
0a8632b2e4b4,943b5daf68b0,4,1685221790160,38842,116446936,460,1587669,35396510
0a8632b2e4b4,943b5daf68b0,18,1685221790458,38842,116446936,460,1587669,35396510
0a8632b2e4b4,943b5daf68b0,36,1685221790505,38842,116446936,460,1587669,35396510
0a8632b2e4b4,943b5daf68b0,39,1685221790541,38842,116446936,460,1587669,35396510
0a8632b2e4b4,943b5daf68b0,20,1685221810437,38842,116446936,460,1587669,35396510
0a8632b2e4b4,943b5daf68b0,2,1685221997002,38842,116446936,460,1587669,35396510
0a8632b2e4b4,943b5daf68b0,36,1685221997053,38842,116446936,460,1587669,35396510
0a8632b2e4b4,943b5daf68b0,39,1685221997091,38842,116446936,460,1587669,35396510
0a8632b2e4b4,943b5daf68b0,20,1685222018976,38842,116446936,460,1587669,35396510
0a8632b2e4b4,943b5daf68b0,2,1685223351729,38842,116446936,460,1587669,35396510
0a8632b2e4b4,943b5daf68b0,18,1685223351733,38842,116446936,460,1587669,35396510
0a8632b2e4b4,943b5daf68b0,36,1685223351888,38842,116446936,460,1587669,35396510
0a8632b2e4b4,943b5daf68b0,2,1685224693483,38842,116478168,460,1587669,35396510
0a8632b2e4b4,943b5daf68b0,18,1685224693486,38842,116478168,460,1587669,35396510
0a8632b2e4b4,943b5daf68b0,36,1685224693568,38842,116478168,460,1587669,35396510
0a8632b2e4b4,943b5daf68b0,39,1685224693612,38842,116478168,460,1587669,35396510
0a8632b2e4b4,943b5daf68b0,14,1685224695334,38842,116446936,460,1587669,35396510
0a8632b2e4b4,943b5daf68b0,39,1685224695365,38842,116446936,460,1587669,35396510
0a8632b2e4b4,943b5daf68b0,20,1685224715268,38842,116446936,460,1587669,35396510
0a8632b2e4b4,943b5daf68b0,2,1685224913007,38842,116478168,460,1587669,35396510
0a8632b2e4b4,943b5daf68b0,18,1685224913010,38842,116478168,460,1587669,35396510
0a8632b2e4b4,943b5daf68b0,36,1685224913098,38842,116478168,460,1587669,35396510
0a8632b2e4b4,943b5daf68b0,39,1685224913147,38842,116478168,460,1587669,35396510
0a8632b2e4b4,943b5daf68b0,14,1685224915074,38842,116446936,460,1587669,35396510
0a8632b2e4b4,943b5daf68b0,39,1685224915120,38842,116446936,460,1587669,35396510
0a8632b2e4b4,943b5daf68b0,20,1685224935013,38842,116446936,460,1587669,35396510
0a8632b2e4b4,943b5daf68b0,2,1685225526469,38842,116446936,460,1587669,35396510
0a8632b2e4b4,943b5daf68b0,18,1685225526472,38842,116446936,460,1587669,35396510
0a8632b2e4b4,943b5daf68b0,39,1685225526643,38842,116446936,460,1587669,35396510
0a8632b2e4b4,943b5daf68b0,20,1685225546445,38842,116446936,460,1587669,35396510
0a8632b2e4b4,943b5daf68b0,2,1685227910023,38842,116446936,460,1587669,35396510
0a8632b2e4b4,943b5daf68b0,2,1685227918263,38842,116446936,460,1587669,35396510
0a8632b2e4b4,943b5daf68b0,20,1685227918267,38842,116446936,460,1587669,35396510
0a8632b2e4b4,943b5daf68b0,18,1685227918272,38842,116446936,460,1587669,35396510
0a8632b2e4b4,943b5daf68b0,36,1685227918634,38842,116446936,460,1587669,35396510
0a8632b2e4b4,943b5daf68b0,39,1685227918671,38842,116446936,460,1587669,35396510
0a8632b2e4b4,943b5daf68b0,18,1685228530008,38842,116478168,460,1587669,35396510
0a8632b2e4b4,943b5daf68b0,36,1685228530091,38842,116478168,460,1587669,35396510
0a8632b2e4b4,943b5daf68b0,39,1685228530136,38842,116478168,460,1587669,35396510
0a8632b2e4b4,943b5daf68b0,14,1685228533863,38842,116446936,460,1587669,35396510
0a8632b2e4b4,943b5daf68b0,20,1685228553801,38842,116446936,460,1587669,35396510
0a8632b2e4b4,943b5daf68b0,2,1685228696051,38842,116478168,460,1587669,35396510
0a8632b2e4b4,943b5daf68b0,36,1685228696141,38842,116478168,460,1587669,35396510
0a8632b2e4b4,943b5daf68b0,39,1685228696191,38842,116478168,460,1587669,35396510
0a8632b2e4b4,943b5daf68b0,14,1685228698142,38842,116446936,460,1587669,35396510
0a8632b2e4b4,943b5daf68b0,39,1685228698175,38842,116446936,460,1587669,35396510
0a8632b2e4b4,943b5daf68b0,20,1685228718086,38842,116446936,460,1587669,35396510
0a8632b2e4b4,943b5daf68b0,2,1685230907021,38842,116446936,460,1587669,35396510
0a8632b2e4b4,943b5daf68b0,18,1685230907025,38842,116446936,460,1587669,35396510
0a8632b2e4b4,943b5daf68b0,36,1685230907070,38842,116446936,460,1587669,35396510
0a8632b2e4b4,943b5daf68b0,39,1685230907108,38842,116446936,460,1587669,35396510
0a8632b2e4b4,943b5daf68b0,20,1685230933003,38842,116446936,460,1587669,35396510
0a8632b2e4b4,943b5daf68b0,2,1685232037041,38842,116446936,460,1587669,35396510
0a8632b2e4b4,943b5daf68b0,36,1685232037157,38842,116446936,460,1587669,35396510
0a8632b2e4b4,943b5daf68b0,39,1685232037194,38842,116446936,460,1587669,35396510
0a8632b2e4b4,943b5daf68b0,20,1685232063023,38842,116446936,460,1587669,35396510
0a8632b2e4b4,943b5daf68b0,4,1685232310808,38842,116446936,460,1587669,35396510
0a8632b2e4b4,943b5daf68b0,2,1685232312067,38842,116446936,460,1587669,35396510
0a8632b2e4b4,943b5daf68b0,39,1685232312157,38842,116446936,460,1587669,35396510
0a8632b2e4b4,943b5daf68b0,20,1685232332033,38842,116446936,460,1587669,35396510
0a8632b2e4b4,943b5daf68b0,2,1685233828029,38842,116478168,460,1587669,35396510
0a8632b2e4b4,943b5daf68b0,18,1685233828032,38842,116478168,460,1587669,35396510
0a8632b2e4b4,943b5daf68b0,14,1685233830461,38842,116446936,460,1587669,35396510
0a8632b2e4b4,943b5daf68b0,39,1685233830512,38842,116446936,460,1587669,35396510
0a8632b2e4b4,943b5daf68b0,20,1685233854395,38842,116446936,460,1587669,35396510
0a8632b2e4b4,943b5daf68b0,2,1685235494041,38842,116446936,460,1587669,35396510
0a8632b2e4b4,943b5daf68b0,18,1685235494045,38842,116446936,460,1587669,35396510
0a8632b2e4b4,943b5daf68b0,36,1685235494090,38842,116446936,460,1587669,35396510
0a8632b2e4b4,943b5daf68b0,20,1685235514022,38842,116446936,460,1587669,35396510
0a8632b2e4b4,943b5daf68b0,4,1685235821049,38842,116478168,460,1587669,35396510
0a8632b2e4b4,943b5daf68b0,2,1685235821804,38842,116478168,460,1587669,35396510
0a8632b2e4b4,943b5daf68b0,39,1685235821939,38842,116478168,460,1587669,35396510
0a8632b2e4b4,943b5daf68b0,14,1685235824051,38842,116446936,460,1587669,35396510
0a8632b2e4b4,943b5daf68b0,20,1685235843985,38842,116446936,460,1587669,35396510
0a8632b2e4b4,943b5daf68b0,2,1685236824034,38842,116478168,460,1587669,35396510
0a8632b2e4b4,943b5daf68b0,18,1685236824037,38842,116478168,460,1587669,35396510
0a8632b2e4b4,943b5daf68b0,36,1685236824125,38842,116478168,460,1587669,35396510
0a8632b2e4b4,943b5daf68b0,39,1685236824179,38842,116478168,460,1587669,35396510
0a8632b2e4b4,943b5daf68b0,14,1685236826321,38842,116446936,460,1587669,35396510
0a8632b2e4b4,943b5daf68b0,20,1685236846255,38842,116446936,460,1587669,35396510
0a8632b2e4b4,943b5daf68b0,4,1685237013590,38842,116478168,460,1587669,35396510
0a8632b2e4b4,943b5daf68b0,36,1685238772078,38842,116446936,460,1587669,35396510
0a8632b2e4b4,943b5daf68b0,39,1685238772135,38842,116446936,460,1587669,35396510
0a8632b2e4b4,943b5daf68b0,20,1685238792012,38842,116446936,460,1587669,35396510
0a8632b2e4b4,943b5daf68b0,4,1685239276284,38842,116446936,460,1587669,35396510
0a8632b2e4b4,943b5daf68b0,18,1685239276533,38842,116446936,460,1587669,35396510
0a8632b2e4b4,943b5daf68b0,20,1685239298511,38842,116446936,460,1587669,35396510
0a8632b2e4b4,943b5daf68b0,18,1685239710053,38842,116446936,460,1587669,35396510
0a8632b2e4b4,943b5daf68b0,36,1685239710100,38842,116446936,460,1587669,35396510
0a8632b2e4b4,943b5daf68b0,20,1685239730032,38842,116446936,460,1587669,35396510
0a8632b2e4b4,943b5daf68b0,36,1685239948483,38842,116446936,460,1587669,35396510
0a8632b2e4b4,943b5daf68b0,39,1685239948530,38842,116446936,460,1587669,35396510
0a8632b2e4b4,943b5daf68b0,20,1685239968412,38842,116446936,460,1587669,35396510
0a8632b2e4b4,943b5daf68b0,18,1685241952496,38842,116446936,460,1587669,35396510
0a8632b2e4b4,943b5daf68b0,36,1685241952541,38842,116446936,460,1587669,35396510
0a8632b2e4b4,943b5daf68b0,20,1685241978471,38842,116446936,460,1587669,35396510
0a8632b2e4b4,943b5daf68b0,39,1685242710158,38842,116478168,460,1587669,35396510
0a8632b2e4b4,943b5daf68b0,5,1685245097244,38842,116446936,460,1587669,35396510
0a8632b2e4b4,943b5daf68b0,20,1685245097268,38842,116446936,460,1587669,35396510
0a8632b2e4b4,943b5daf68b0,67,1685245097268,38842,116446936,460,1587669,35396510
0a8632b2e4b4,943b5daf68b0,39,1685245134958,38842,116446936,460,1587669,35396510
0a8632b2e4b4,943b5daf68b0,2,1685245722580,38842,116446936,460,1587669,35396510
0a8632b2e4b4,943b5daf68b0,36,1685245723176,38842,116446936,460,1587669,35396510
0a8632b2e4b4,943b5daf68b0,39,1685245723240,38842,116446936,460,1587669,35396510
0a8632b2e4b4,943b5daf68b0,18,1685248315510,38842,161573912,460,1587669,35396510
0a8632b2e4b4,943b5daf68b0,36,1685248315604,38842,161573912,460,1587669,35396510
0a8632b2e4b4,943b5daf68b0,14,1685248317009,38842,161581336,460,1587669,35396510
0a8632b2e4b4,943b5daf68b0,39,1685248317056,38842,161581336,460,1587669,35396510
0a8632b2e4b4,943b5daf68b0,2,1685248819641,38842,116478168,460,1587669,35396510
0a8632b2e4b4,943b5daf68b0,36,1685248819737,38842,116478168,460,1587669,35396510
0a8632b2e4b4,943b5daf68b0,39,1685248819781,38842,116478168,460,1587669,35396510
0a8632b2e4b4,943b5daf68b0,20,1685248835585,38842,116478168,460,1587669,35396510
0a8632b2e4b4,943b5daf68b0,18,1685251608179,38696,250762584,460,1587669,35396510
0a8632b2e4b4,943b5daf68b0,36,1685251608629,38696,250762584,460,1587669,35396510
0a8632b2e4b4,943b5daf68b0,20,1685251618153,38696,250762584,460,1587669,35396510
0a8632b2e4b4,943b5daf68b0,18,1685251641654,38696,250762584,460,1587669,35396510
0a8632b2e4b4,943b5daf68b0,39,1685251641762,38696,250762584,460,1587669,35396510
0a8632b2e4b4,943b5daf68b0,36,1685251944234,38696,250762584,460,1587669,35396510
0a8632b2e4b4,943b5daf68b0,39,1685251944285,38696,250762584,460,1587669,35396510
0a8632b2e4b4,943b5daf68b0,20,1685251960163,38696,250762584,460,1587669,35396510
0a8632b2e4b4,943b5daf68b0,20,1685253340003,38706,85078940,460,1587669,35396510
0a8632b2e4b4,943b5daf68b0,5,1685253342595,38842,116478168,460,1587669,35396510
0a8632b2e4b4,943b5daf68b0,20,1685253342669,38842,116478168,460,1587669,35396510
0a8632b2e4b4,943b5daf68b0,5,1685254393445,38696,250762584,460,1587669,35396510
0a8632b2e4b4,943b5daf68b0,2,1685254921591,38842,250801498,460,1587669,35396510
0a8632b2e4b4,943b5daf68b0,18,1685254921594,38842,250801498,460,1587669,35396510
0a8632b2e4b4,943b5daf68b0,36,1685254921640,38842,250801498,460,1587669,35396510
0a8632b2e4b4,943b5daf68b0,39,1685254921683,38842,250801498,460,1587669,35396510
0a8632b2e4b4,943b5daf68b0,39,1685255231286,38842,250801498,460,1587669,35396510
0a8632b2e4b4,943b5daf68b0,4,1685255392401,38842,250801498,460,1587669,35396510
0a8632b2e4b4,943b5daf68b0,2,1685255393008,38842,250801498,460,1587669,35396510
0a8632b2e4b4,943b5daf68b0,36,1685255393057,38842,250801498,460,1587669,35396510
0a8632b2e4b4,943b5daf68b0,20,1685255404989,38842,250801498,460,1587669,35396510
0a8632b2e4b4,943b5daf68b0,5,1685256830009,38706,117402331,460,1587669,35396510
0a8632b2e4b4,943b5daf68b0,20,1685256830070,38706,117402331,460,1587669,35396510
0a8632b2e4b4,943b5daf68b0,5,1685256838409,38842,250632547,460,1587669,35396510
0a8632b2e4b4,943b5daf68b0,20,1685256838472,38842,250632547,460,1587669,35396510
0a8632b2e4b4,943b5daf68b0,5,1685257725955,38842,161547545,460,1587669,35396510
0a8632b2e4b4,943b5daf68b0,18,1685257956582,38842,250770264,460,1587669,35396510
0a8632b2e4b4,943b5daf68b0,36,1685257956905,38842,250770264,460,1587669,35396510
0a8632b2e4b4,943b5daf68b0,39,1685257956961,38842,250770264,460,1587669,35396510
0a8632b2e4b4,943b5daf68b0,20,1685257973708,38842,85261468,460,1587669,35396510
0a8632b2e4b4,943b5daf68b0,5,1685258586839,38710,250707288,460,1587669,35396510
0a8632b2e4b4,943b5daf68b0,5,1685258589696,38842,161547546,460,1587669,35396510
0a8632b2e4b4,943b5daf68b0,20,1685258592541,38710,250707288,460,1587669,35396510
0a8632b2e4b4,943b5daf68b0,5,1685258602409,38842,251463012,460,1587669,35396510
0a8632b2e4b4,943b5daf68b0,20,1685258602504,38842,251463012,460,1587669,35396510
0a8632b2e4b4,943b5daf68b0,5,1685258605254,38710,250850648,460,1587669,35396510
0a8632b2e4b4,943b5daf68b0,20,1685258608771,38842,251463012,460,1587669,35396510
0a8632b2e4b4,943b5daf68b0,5,1685258616528,38705,161731099,460,1587669,35396510
0a8632b2e4b4,943b5daf68b0,5,1685258644905,38706,250741081,460,1587669,35396510
0a8632b2e4b4,943b5daf68b0,5,1685259708163,38842,251463012,460,1587669,35396510
0a8632b2e4b4,943b5daf68b0,20,1685259772875,38710,250850648,460,1587669,35396510
0a8632b2e4b4,943b5daf68b0,5,1685259778734,38842,161547545,460,1587669,35396510
0a8632b2e4b4,943b5daf68b0,20,1685259778806,38842,161547545,460,1587669,35396510
0a8632b2e4b4,943b5daf68b0,5,1685259842112,38710,85068440,460,1587669,35396510
0a8632b2e4b4,943b5daf68b0,20,1685259842176,38710,85068440,460,1587669,35396510
0a8632b2e4b4,943b5daf68b0,20,1685260272454,38841,85156775,460,1587669,35396510
0a8632b2e4b4,943b5daf68b0,5,1685260329680,38842,250742617,460,1587669,35396510
0a8632b2e4b4,943b5daf68b0,20,1685260329752,38842,250742617,460,1587669,35396510
0a8632b2e4b4,943b5daf68b0,20,1685260332611,38841,117402584,460,1587669,35396510
0a8632b2e4b4,943b5daf68b0,2,1685260866243,38841,117402584,460,1587669,35396510
0a8632b2e4b4,943b5daf68b0,39,1685260866397,38841,117402584,460,1587669,35396510
0a8632b2e4b4,943b5daf68b0,20,1685260890197,38841,117402584,460,1587669,35396510
0a8632b2e4b4,943b5daf68b0,2,1685261965183,38841,117402584,460,1587669,35396510
0a8632b2e4b4,943b5daf68b0,18,1685261965185,38841,117402584,460,1587669,35396510
0a8632b2e4b4,943b5daf68b0,36,1685261965288,38841,117402584,460,1587669,35396510
0a8632b2e4b4,943b5daf68b0,20,1685261990342,38841,117402584,460,1587669,35396510
0a8632b2e4b4,943b5daf68b0,4,1685262447861,38841,117402584,460,1587669,35396510
0a8632b2e4b4,943b5daf68b0,2,1685262448352,38841,117402584,460,1587669,35396510
0a8632b2e4b4,943b5daf68b0,18,1685262448356,38841,117402584,460,1587669,35396510
0a8632b2e4b4,943b5daf68b0,36,1685262448453,38841,117402584,460,1587669,35396510
0a8632b2e4b4,943b5daf68b0,39,1685262448482,38841,117402584,460,1587669,35396510
0a8632b2e4b4,943b5daf68b0,5,1685262693393,38839,116872664,460,1587669,35396510
0a8632b2e4b4,943b5daf68b0,20,1685262693424,38839,116872664,460,1587669,35396510
0a8632b2e4b4,943b5daf68b0,20,1685262794575,38710,116394200,460,1587669,35396510
0a8632b2e4b4,943b5daf68b0,5,1685263203822,38710,250707294,460,1587669,35396510
0a8632b2e4b4,943b5daf68b0,5,1685263219509,38710,250850648,460,1587669,35396510
0a8632b2e4b4,943b5daf68b0,20,1685263219582,38710,250850648,460,1587669,35396510
0a8632b2e4b4,943b5daf68b0,5,1685263236807,38842,251463012,460,1587669,35396510
0a8632b2e4b4,943b5daf68b0,4,1685263324761,38842,161683749,460,1587669,35396510
0a8632b2e4b4,943b5daf68b0,2,1685263325175,38842,161683749,460,1587669,35396510
0a8632b2e4b4,943b5daf68b0,36,1685263325267,38842,161683749,460,1587669,35396510
0a8632b2e4b4,943b5daf68b0,39,1685263325315,38842,161683749,460,1587669,35396510
0a8632b2e4b4,943b5daf68b0,20,1685263335095,38842,161683749,460,1587669,35396510
0a8632b2e4b4,943b5daf68b0,36,1685263775424,38842,85024931,460,1587669,35396510
0a8632b2e4b4,943b5daf68b0,20,1685263791615,38842,161676831,460,1587669,35396510
0a8632b2e4b4,943b5daf68b0,18,1685265619260,38842,116478168,460,1587669,35396510
0a8632b2e4b4,943b5daf68b0,36,1685265619347,38842,116478168,460,1587669,35396510
0a8632b2e4b4,943b5daf68b0,39,1685265619391,38842,116478168,460,1587669,35396510
0a8632b2e4b4,943b5daf68b0,14,1685265621463,38842,116446936,460,1587669,35396510
0a8632b2e4b4,943b5daf68b0,39,1685265621510,38842,116446936,460,1587669,35396510
0a8632b2e4b4,943b5daf68b0,20,1685265641397,38842,116446936,460,1587669,35396510
0a8632b2e4b4,943b5daf68b0,2,1685265749486,38842,116478168,460,1587669,35396510
0a8632b2e4b4,943b5daf68b0,36,1685265749587,38842,116478168,460,1587669,35396510
0a8632b2e4b4,943b5daf68b0,39,1685265749641,38842,116478168,460,1587669,35396510
0a8632b2e4b4,943b5daf68b0,39,1685265752025,38842,116446936,460,1587669,35396510
0a8632b2e4b4,943b5daf68b0,20,1685265771928,38842,116446936,460,1587669,35396510
0a8632b2e4b4,943b5daf68b0,2,1685266771246,38842,84951704,460,1587669,35396510
0a8632b2e4b4,943b5daf68b0,36,1685266771336,38842,84951704,460,1587669,35396510
0a8632b2e4b4,943b5daf68b0,39,1685266771381,38842,84951704,460,1587669,35396510
0a8632b2e4b4,943b5daf68b0,20,1685266787127,38842,84951704,460,1587669,35396510
0a8632b2e4b4,943b5daf68b0,2,1685269228236,38842,84951704,460,1587669,35396510
0a8632b2e4b4,943b5daf68b0,36,1685269228321,38842,84951704,460,1587669,35396510
0a8632b2e4b4,943b5daf68b0,39,1685269228366,38842,84951704,460,1587669,35396510
0a8632b2e4b4,943b5daf68b0,20,1685269245194,38842,84951704,460,1587669,35396510
0a8632b2e4b4,943b5daf68b0,4,1685269403367,38842,84951704,460,1587669,35396510
0a8632b2e4b4,943b5daf68b0,2,1685269403881,38842,84951704,460,1587669,35396510
0a8632b2e4b4,943b5daf68b0,18,1685269403885,38842,84951704,460,1587669,35396510
0a8632b2e4b4,943b5daf68b0,36,1685269403971,38842,84951704,460,1587669,35396510
0a8632b2e4b4,943b5daf68b0,39,1685269404021,38842,84951704,460,1587669,35396510
0a8632b2e4b4,943b5daf68b0,14,1685269405671,38842,161573912,460,1587669,35396510
0a8632b2e4b4,943b5daf68b0,20,1685269415528,38842,161573912,460,1587669,35396510
0a8632b2e4b4,943b5daf68b0,2,1685269731261,38842,84951704,460,1587669,35396510
0a8632b2e4b4,943b5daf68b0,18,1685269731265,38842,84951704,460,1587669,35396510
0a8632b2e4b4,943b5daf68b0,36,1685269731351,38842,84951704,460,1587669,35396510
0a8632b2e4b4,943b5daf68b0,20,1685269748167,38842,84951704,460,1587669,35396510
0a8632b2e4b4,943b5daf68b0,5,1685270034161,38706,85078940,460,1587669,35396510
0a8632b2e4b4,943b5daf68b0,20,1685270034236,38706,85078940,460,1587669,35396510
0a8632b2e4b4,943b5daf68b0,5,1685270037322,38842,161577248,460,1587669,35396510
0a8632b2e4b4,943b5daf68b0,5,1685270349677,38696,250826840,460,1587669,35396510
0a8632b2e4b4,943b5daf68b0,20,1685270349705,38696,250826840,460,1587669,35396510
0a8632b2e4b4,943b5daf68b0,5,1685270380839,38706,85078940,460,1587669,35396510
0a8632b2e4b4,943b5daf68b0,20,1685270380916,38706,85078940,460,1587669,35396510
0a8632b2e4b4,943b5daf68b0,20,1685270389803,38842,251587682,460,1587669,35396510
0a8632b2e4b4,943b5daf68b0,5,1685270569782,38706,85078940,460,1587669,35396510
0a8632b2e4b4,943b5daf68b0,20,1685270569862,38706,85078940,460,1587669,35396510
0a8632b2e4b4,943b5daf68b0,5,1685271327901,38706,85078940,460,1587669,35396510
0a8632b2e4b4,943b5daf68b0,20,1685271331804,38842,116478168,460,1587669,35396510
0a8632b2e4b4,943b5daf68b0,2,1685272408325,38842,84951704,460,1587669,35396510
0a8632b2e4b4,943b5daf68b0,18,1685272408327,38842,84951704,460,1587669,35396510
0a8632b2e4b4,943b5daf68b0,36,1685272408410,38842,84951704,460,1587669,35396510
0a8632b2e4b4,943b5daf68b0,18,1685272869919,38842,161577242,460,1587669,35396510
0a8632b2e4b4,943b5daf68b0,36,1685272870007,38842,161577242,460,1587669,35396510
0a8632b2e4b4,943b5daf68b0,20,1685272879873,38842,161577242,460,1587669,35396510
0a8632b2e4b4,943b5daf68b0,2,1685272891635,38842,161577242,460,1587669,35396510
0a8632b2e4b4,943b5daf68b0,18,1685272891638,38842,161577242,460,1587669,35396510
0a8632b2e4b4,943b5daf68b0,36,1685272891802,38842,161577242,460,1587669,35396510
0a8632b2e4b4,943b5daf68b0,39,1685272891856,38842,161577242,460,1587669,35396510
0a8632b2e4b4,943b5daf68b0,20,1685272901573,38842,161577242,460,1587669,35396510
0a8632b2e4b4,943b5daf68b0,5,1685275028015,38706,85078940,460,1587669,35396510
0a8632b2e4b4,943b5daf68b0,5,1685275038588,38842,116478168,460,1587669,35396510
0a8632b2e4b4,943b5daf68b0,20,1685275038666,38842,116478168,460,1587669,35396510
0a8632b2e4b4,943b5daf68b0,2,1685275364050,38842,250801497,460,1587669,35396510
0a8632b2e4b4,943b5daf68b0,34,1685275364370,38842,250801497,460,1587669,35396510
0a8632b2e4b4,943b5daf68b0,41,1685275364370,38842,250801497,460,1587669,35396510
0a8632b2e4b4,943b5daf68b0,39,1685275365212,38706,85078940,460,1587669,35396510
0a8632b2e4b4,943b5daf68b0,5,1685275365248,38706,85078940,460,1587669,35396510
0a8632b2e4b4,943b5daf68b0,14,1685275368988,38696,250762584,460,1587669,35396510
0a8632b2e4b4,943b5daf68b0,39,1685275369037,38696,250762584,460,1587669,35396510
0a8632b2e4b4,943b5daf68b0,5,1685275369060,38696,250762584,460,1587669,35396510
0a8632b2e4b4,943b5daf68b0,39,1685275370219,38706,85078940,460,1587669,35396510
0a8632b2e4b4,943b5daf68b0,20,1685275383106,38706,85078940,460,1587669,35396510
0a8632b2e4b4,943b5daf68b0,5,1685275385473,38842,116478168,460,1587669,35396510
0a8632b2e4b4,943b5daf68b0,5,1685275390209,38696,250762584,460,1587669,35396510
0a8632b2e4b4,943b5daf68b0,20,1685275390237,38696,250762584,460,1587669,35396510
0a8632b2e4b4,943b5daf68b0,18,1685275604568,38842,250801497,460,1587669,35396510
0a8632b2e4b4,943b5daf68b0,36,1685275604616,38842,250801497,460,1587669,35396510
0a8632b2e4b4,943b5daf68b0,39,1685275604671,38842,250801497,460,1587669,35396510
0a8632b2e4b4,943b5daf68b0,21,1685275604703,38842,250801497,460,1587669,35396510
0a8632b2e4b4,943b5daf68b0,20,1685275662798,38696,250762584,460,1587669,35396510
0a8632b2e4b4,943b5daf68b0,18,1685275868880,38842,250801497,460,1587669,35396510
0a8632b2e4b4,943b5daf68b0,20,1685275884855,38842,250801497,460,1587669,35396510
0a8632b2e4b4,943b5daf68b0,2,1685276169448,38842,250801497,460,1587669,35396510
0a8632b2e4b4,943b5daf68b0,2,1685279029869,38696,250762584,460,1587669,35396510
0a8632b2e4b4,943b5daf68b0,18,1685279029876,38696,250762584,460,1587669,35396510
0a8632b2e4b4,943b5daf68b0,36,1685279029923,38696,250762584,460,1587669,35396510
0a8632b2e4b4,943b5daf68b0,39,1685279029991,38696,250762584,460,1587669,35396510
0a8632b2e4b4,943b5daf68b0,2,1685279455335,38842,161577242,460,1587669,35396510
0a8632b2e4b4,943b5daf68b0,36,1685279455432,38842,161577242,460,1587669,35396510
0a8632b2e4b4,943b5daf68b0,39,1685279455487,38842,161577242,460,1587669,35396510
0a8632b2e4b4,943b5daf68b0,20,1685279465256,38842,161577242,460,1587669,35396510
0a8632b2e4b4,943b5daf68b0,2,1685279646403,38842,161577242,460,1587669,35396510
0a8632b2e4b4,943b5daf68b0,18,1685279646406,38842,161577242,460,1587669,35396510
0a8632b2e4b4,943b5daf68b0,36,1685279646935,38842,161577242,460,1587669,35396510
0a8632b2e4b4,943b5daf68b0,39,1685279646984,38842,161577242,460,1587669,35396510
0a8632b2e4b4,943b5daf68b0,20,1685279665314,38842,161577242,460,1587669,35396510
0a8632b2e4b4,943b5daf68b0,4,1685279668484,38842,161577242,460,1587669,35396510
0a8632b2e4b4,943b5daf68b0,2,1685279669498,38842,161577242,460,1587669,35396510
0a8632b2e4b4,943b5daf68b0,18,1685279669503,38842,161577242,460,1587669,35396510
0a8632b2e4b4,943b5daf68b0,36,1685279669592,38842,161577242,460,1587669,35396510
0a8632b2e4b4,943b5daf68b0,20,1685279679445,38842,161577242,460,1587669,35396510
0a8632b2e4b4,943b5daf68b0,2,1685282030415,38842,161577248,460,1587669,35396510
0a8632b2e4b4,943b5daf68b0,18,1685282030419,38842,161577248,460,1587669,35396510
0a8632b2e4b4,943b5daf68b0,36,1685282030511,38842,161577248,460,1587669,35396510
0a8632b2e4b4,943b5daf68b0,20,1685282046367,38842,161577248,460,1587669,35396510
0a8632b2e4b4,943b5daf68b0,2,1685282635342,38842,161577248,460,1587669,35396510
0a8632b2e4b4,943b5daf68b0,18,1685282635344,38842,161577248,460,1587669,35396510
0a8632b2e4b4,943b5daf68b0,36,1685282635449,38842,161577248,460,1587669,35396510
0a8632b2e4b4,943b5daf68b0,39,1685282635502,38842,161577248,460,1587669,35396510
0a8632b2e4b4,943b5daf68b0,20,1685282651271,38842,161577248,460,1587669,35396510
0a8632b2e4b4,943b5daf68b0,4,1685283239299,38842,161577248,460,1587669,35396510
0a8632b2e4b4,943b5daf68b0,2,1685283240672,38842,161577248,460,1587669,35396510
0a8632b2e4b4,943b5daf68b0,18,1685283240676,38842,161577248,460,1587669,35396510
0a8632b2e4b4,943b5daf68b0,36,1685283240768,38842,161577248,460,1587669,35396510
0a8632b2e4b4,943b5daf68b0,39,1685283240821,38842,161577248,460,1587669,35396510
0a8632b2e4b4,943b5daf68b0,2,1685285031227,38842,161577248,460,1587669,35396510
0a8632b2e4b4,943b5daf68b0,18,1685285031230,38842,161577248,460,1587669,35396510
0a8632b2e4b4,943b5daf68b0,36,1685285031314,38842,161577248,460,1587669,35396510
0a8632b2e4b4,943b5daf68b0,39,1685285031362,38842,161577248,460,1587669,35396510
0a8632b2e4b4,943b5daf68b0,20,1685285048117,38842,161577248,460,1587669,35396510
0a8632b2e4b4,943b5daf68b0,2,1685285815897,38842,161581342,460,1587669,35396510
0a8632b2e4b4,943b5daf68b0,18,1685285815899,38842,161581342,460,1587669,35396510
0a8632b2e4b4,943b5daf68b0,36,1685285816544,38842,161581342,460,1587669,35396510
0a8632b2e4b4,943b5daf68b0,39,1685285816609,38842,161581342,460,1587669,35396510
0a8632b2e4b4,943b5daf68b0,4,1685286419522,38842,250801497,460,1587669,35396510
0a8632b2e4b4,943b5daf68b0,2,1685286420197,38842,250801497,460,1587669,35396510
0a8632b2e4b4,943b5daf68b0,18,1685286420199,38842,250801497,460,1587669,35396510
0a8632b2e4b4,943b5daf68b0,36,1685286420248,38842,250801497,460,1587669,35396510
0a8632b2e4b4,943b5daf68b0,39,1685286420290,38842,250801497,460,1587669,35396510
0a8632b2e4b4,943b5daf68b0,20,1685286430179,38842,250801497,460,1587669,35396510
0a8632b2e4b4,943b5daf68b0,2,1685288022422,38842,251528284,460,1587669,35396510
0a8632b2e4b4,943b5daf68b0,18,1685288022426,38842,251528284,460,1587669,35396510
0a8632b2e4b4,943b5daf68b0,36,1685288022509,38842,251528284,460,1587669,35396510
0a8632b2e4b4,943b5daf68b0,20,1685288038304,38842,251528284,460,1587669,35396510
0a8632b2e4b4,943b5daf68b0,5,1685288603777,38706,85078940,460,1587669,35396510
0a8632b2e4b4,943b5daf68b0,20,1685288603867,38706,85078940,460,1587669,35396510
0a8632b2e4b4,943b5daf68b0,5,1685288605976,38842,116478168,460,1587669,35396510
0a8632b2e4b4,943b5daf68b0,20,1685288606059,38842,116478168,460,1587669,35396510
0a8632b2e4b4,943b5daf68b0,5,1685288729655,38706,85078940,460,1587669,35396510
0a8632b2e4b4,943b5daf68b0,5,1685288732418,38842,250801497,460,1587669,35396510
0a8632b2e4b4,943b5daf68b0,20,1685288732488,38842,250801497,460,1587669,35396510
0a8632b2e4b4,943b5daf68b0,5,1685288735319,38706,85078940,460,1587669,35396510
0a8632b2e4b4,943b5daf68b0,20,1685288735408,38706,85078940,460,1587669,35396510
0a8632b2e4b4,943b5daf68b0,5,1685288738173,38842,250801497,460,1587669,35396510
0a8632b2e4b4,943b5daf68b0,20,1685288738249,38842,250801497,460,1587669,35396510
0a8632b2e4b4,943b5daf68b0,2,1685289088441,38842,250670937,460,1587669,35396510
0a8632b2e4b4,943b5daf68b0,18,1685289088446,38842,250670937,460,1587669,35396510
0a8632b2e4b4,943b5daf68b0,36,1685289088538,38842,250670937,460,1587669,35396510
0a8632b2e4b4,943b5daf68b0,39,1685289088602,38842,250670937,460,1587669,35396510
0a8632b2e4b4,943b5daf68b0,20,1685289104329,38842,250670937,460,1587669,35396510
