15b9532af5f9,976f908a60da,2,1685203358227,38841,251472484,460,1399730,35673711
15b9532af5f9,976f908a60da,18,1685203358231,38841,251472484,460,1399730,35673711
15b9532af5f9,976f908a60da,36,1685203358337,38841,251472484,460,1399730,35673711
15b9532af5f9,976f908a60da,2,1685203960517,38841,251472484,460,1399730,35673711
15b9532af5f9,976f908a60da,18,1685203960520,38841,251472484,460,1399730,35673711
15b9532af5f9,976f908a60da,20,1685203970448,38841,251472484,460,1399730,35673711
15b9532af5f9,976f908a60da,4,1685204798756,38841,251472484,460,1399730,35673711
15b9532af5f9,976f908a60da,2,1685204798916,38841,251472484,460,1399730,35673711
15b9532af5f9,976f908a60da,18,1685204798919,38841,251472484,460,1399730,35673711
15b9532af5f9,976f908a60da,36,1685204799021,38841,251472484,460,1399730,35673711
15b9532af5f9,976f908a60da,39,1685204799046,38841,251472484,460,1399730,35673711
15b9532af5f9,976f908a60da,20,1685204810804,38841,251472484,460,1399730,35673711
15b9532af5f9,976f908a60da,2,1685205787181,38841,251472484,460,1399730,35673711
15b9532af5f9,976f908a60da,18,1685205787184,38841,251472484,460,1399730,35673711
15b9532af5f9,976f908a60da,39,1685205787311,38841,251472484,460,1399730,35673711
15b9532af5f9,976f908a60da,2,1685206355176,38841,251472484,460,1399730,35673711
15b9532af5f9,976f908a60da,18,1685206355179,38841,251472484,460,1399730,35673711
15b9532af5f9,976f908a60da,39,1685206355311,38841,251472484,460,1399730,35673711
15b9532af5f9,976f908a60da,4,1685207795426,38841,251472484,460,1399730,35673711
15b9532af5f9,976f908a60da,2,1685207796671,38841,251472484,460,1399730,35673711
15b9532af5f9,976f908a60da,18,1685207796675,38841,251472484,460,1399730,35673711
15b9532af5f9,976f908a60da,36,1685207796776,38841,251472484,460,1399730,35673711
15b9532af5f9,976f908a60da,39,1685207796801,38841,251472484,460,1399730,35673711
15b9532af5f9,976f908a60da,20,1685207809625,38841,251472484,460,1399730,35673711
15b9532af5f9,976f908a60da,2,1685208945151,38841,251472484,460,1399730,35673711
15b9532af5f9,976f908a60da,39,1685208945291,38841,251472484,460,1399730,35673711
15b9532af5f9,976f908a60da,2,1685209352166,38841,251472484,460,1399730,35673711
15b9532af5f9,976f908a60da,18,1685209352170,38841,251472484,460,1399730,35673711
15b9532af5f9,976f908a60da,36,1685209352276,38841,251472484,460,1399730,35673711
15b9532af5f9,976f908a60da,39,1685209352321,38841,251472484,460,1399730,35673711
15b9532af5f9,976f908a60da,18,1685212103133,38841,251472484,460,1399730,35673711
15b9532af5f9,976f908a60da,36,1685212103236,38841,251472484,460,1399730,35673711
15b9532af5f9,976f908a60da,39,1685212103261,38841,251472484,460,1399730,35673711
15b9532af5f9,976f908a60da,20,1685212113071,38841,251472484,460,1399730,35673711
15b9532af5f9,976f908a60da,2,1685212349136,38841,251472484,460,1399730,35673711
15b9532af5f9,976f908a60da,18,1685212349139,38841,251472484,460,1399730,35673711
15b9532af5f9,976f908a60da,20,1685212365046,38841,251472484,460,1399730,35673711
15b9532af5f9,976f908a60da,2,1685215261130,38841,251472484,460,1399730,35673711
15b9532af5f9,976f908a60da,20,1685215271069,38841,251472484,460,1399730,35673711
15b9532af5f9,976f908a60da,2,1685215726450,38841,251472484,460,1399730,35673711
15b9532af5f9,976f908a60da,36,1685215726555,38841,251472484,460,1399730,35673711
15b9532af5f9,976f908a60da,39,1685215726585,38841,251472484,460,1399730,35673711
15b9532af5f9,976f908a60da,20,1685215736374,38841,251472484,460,1399730,35673711
15b9532af5f9,976f908a60da,4,1685216555779,38841,251472484,460,1399730,35673711
15b9532af5f9,976f908a60da,2,1685216556990,38841,251472484,460,1399730,35673711
15b9532af5f9,976f908a60da,36,1685216557100,38841,251472484,460,1399730,35673711
15b9532af5f9,976f908a60da,39,1685216557130,38841,251472484,460,1399730,35673711
15b9532af5f9,976f908a60da,20,1685216566925,38841,251472484,460,1399730,35673711
15b9532af5f9,976f908a60da,2,1685218257675,38841,251472484,460,1399730,35673711
15b9532af5f9,976f908a60da,36,1685218257785,38841,251472484,460,1399730,35673711
15b9532af5f9,976f908a60da,39,1685218257810,38841,251472484,460,1399730,35673711
15b9532af5f9,976f908a60da,7,1685218267499,38841,251472484,460,1399730,35673711
15b9532af5f9,976f908a60da,34,1685218267632,38841,251472484,460,1399730,35673711
15b9532af5f9,976f908a60da,41,1685218267632,38841,251472484,460,1399730,35673711
15b9532af5f9,976f908a60da,20,1685218268660,38841,251472484,460,1399730,35673711
15b9532af5f9,976f908a60da,4,1685218268752,38841,251472474,460,1399730,35673711
15b9532af5f9,976f908a60da,2,1685218276695,38841,251472474,460,1399730,35673711
15b9532af5f9,976f908a60da,18,1685218276699,38841,251472474,460,1399730,35673711
15b9532af5f9,976f908a60da,39,1685218276835,38841,251472474,460,1399730,35673711
15b9532af5f9,976f908a60da,4,1685218277597,38841,161632797,460,1399730,35673711
15b9532af5f9,976f908a60da,2,1685218282448,38841,161632797,460,1399730,35673711
15b9532af5f9,976f908a60da,18,1685218282451,38841,161632797,460,1399730,35673711
15b9532af5f9,976f908a60da,20,1685218479434,38841,161632797,460,1399730,35673711
15b9532af5f9,976f908a60da,4,1685218479716,38841,161632797,460,1399730,35673711
15b9532af5f9,976f908a60da,18,1685218480835,38841,161632797,460,1399730,35673711
15b9532af5f9,976f908a60da,36,1685218480924,38841,161632797,460,1399730,35673711
15b9532af5f9,976f908a60da,39,1685218480978,38841,161632797,460,1399730,35673711
15b9532af5f9,976f908a60da,20,1685218519811,38841,161632797,460,1399730,35673711
15b9532af5f9,976f908a60da,2,1685218552509,38841,251472474,460,1399730,35673711
15b9532af5f9,976f908a60da,36,1685218552615,38841,251472474,460,1399730,35673711
15b9532af5f9,976f908a60da,39,1685218552644,38841,251472474,460,1399730,35673711
15b9532af5f9,976f908a60da,18,1685218639735,38841,161632794,460,1399730,35673711
15b9532af5f9,976f908a60da,39,1685218639881,38841,161632794,460,1399730,35673711
15b9532af5f9,976f908a60da,20,1685218655705,38841,161632794,460,1399730,35673711
15b9532af5f9,976f908a60da,4,1685218701917,38841,161632794,460,1399730,35673711
15b9532af5f9,976f908a60da,39,1685218702432,38841,161632794,460,1399730,35673711
15b9532af5f9,976f908a60da,4,1685218763359,38841,161632794,460,1399730,35673711
15b9532af5f9,976f908a60da,2,1685218763727,38841,161632794,460,1399730,35673711
15b9532af5f9,976f908a60da,4,1685218824798,38841,161632794,460,1399730,35673711
15b9532af5f9,976f908a60da,2,1685218825160,38841,161632794,460,1399730,35673711
15b9532af5f9,976f908a60da,18,1685218825163,38841,161632794,460,1399730,35673711
15b9532af5f9,976f908a60da,36,1685218825275,38841,161632794,460,1399730,35673711
15b9532af5f9,976f908a60da,39,1685218825316,38841,161632794,460,1399730,35673711
15b9532af5f9,976f908a60da,20,1685218840102,38841,161632794,460,1399730,35673711
15b9532af5f9,976f908a60da,4,1685218876840,38841,161632794,460,1399730,35673711
15b9532af5f9,976f908a60da,2,1685218877640,38841,161632794,460,1399730,35673711
15b9532af5f9,976f908a60da,18,1685218877643,38841,161632794,460,1399730,35673711
15b9532af5f9,976f908a60da,36,1685218877756,38841,161632794,460,1399730,35673711
15b9532af5f9,976f908a60da,20,1685218908556,38841,161632794,460,1399730,35673711
15b9532af5f9,976f908a60da,4,1685218919189,38841,161632794,460,1399730,35673711
15b9532af5f9,976f908a60da,2,1685218919880,38841,161632794,460,1399730,35673711
15b9532af5f9,976f908a60da,18,1685218919883,38841,161632794,460,1399730,35673711
15b9532af5f9,976f908a60da,36,1685218919997,38841,161632794,460,1399730,35673711
15b9532af5f9,976f908a60da,4,1685218947677,38841,161632794,460,1399730,35673711
15b9532af5f9,976f908a60da,18,1685218948063,38841,161632794,460,1399730,35673711
15b9532af5f9,976f908a60da,36,1685218948165,38841,161632794,460,1399730,35673711
15b9532af5f9,976f908a60da,39,1685218948210,38841,161632794,460,1399730,35673711
15b9532af5f9,976f908a60da,20,1685218963038,38841,161632794,460,1399730,35673711
15b9532af5f9,976f908a60da,4,1685218964245,38841,161632794,460,1399730,35673711
15b9532af5f9,976f908a60da,2,1685218964671,38841,161632794,460,1399730,35673711
15b9532af5f9,976f908a60da,36,1685218964790,38841,161632794,460,1399730,35673711
15b9532af5f9,976f908a60da,2,1685219009470,38841,161632794,460,1399730,35673711
15b9532af5f9,976f908a60da,18,1685219009472,38841,161632794,460,1399730,35673711
15b9532af5f9,976f908a60da,36,1685219009580,38841,161632794,460,1399730,35673711
15b9532af5f9,976f908a60da,4,1685219036840,38841,161632794,460,1399730,35673711
15b9532af5f9,976f908a60da,2,1685219037630,38841,161632794,460,1399730,35673711
15b9532af5f9,976f908a60da,18,1685219037632,38841,161632794,460,1399730,35673711
15b9532af5f9,976f908a60da,39,1685219037781,38841,161632794,460,1399730,35673711
15b9532af5f9,976f908a60da,20,1685219047569,38841,161632794,460,1399730,35673711
15b9532af5f9,976f908a60da,2,1685219070910,38841,161632794,460,1399730,35673711
15b9532af5f9,976f908a60da,18,1685219070914,38841,161632794,460,1399730,35673711
15b9532af5f9,976f908a60da,36,1685219071030,38841,161632794,460,1399730,35673711
15b9532af5f9,976f908a60da,39,1685219071070,38841,161632794,460,1399730,35673711
15b9532af5f9,976f908a60da,20,1685219086876,38841,161632794,460,1399730,35673711
15b9532af5f9,976f908a60da,4,1685219131997,38841,161632794,460,1399730,35673711
15b9532af5f9,976f908a60da,2,1685219132350,38841,161632794,460,1399730,35673711
15b9532af5f9,976f908a60da,18,1685219132353,38841,161632794,460,1399730,35673711
15b9532af5f9,976f908a60da,39,1685219132510,38841,161632794,460,1399730,35673711
15b9532af5f9,976f908a60da,20,1685219147306,38841,161632794,460,1399730,35673711
15b9532af5f9,976f908a60da,4,1685219177181,38841,161632794,460,1399730,35673711
15b9532af5f9,976f908a60da,2,1685219178430,38841,161632794,460,1399730,35673711
15b9532af5f9,976f908a60da,18,1685219178432,38841,161632794,460,1399730,35673711
15b9532af5f9,976f908a60da,39,1685219178580,38841,161632794,460,1399730,35673711
15b9532af5f9,976f908a60da,20,1685219188315,38841,161632794,460,1399730,35673711
15b9532af5f9,976f908a60da,18,1685221258145,38841,161632794,460,1399730,35673711
15b9532af5f9,976f908a60da,36,1685221258265,38841,161632794,460,1399730,35673711
15b9532af5f9,976f908a60da,39,1685221258313,38841,161632794,460,1399730,35673711
15b9532af5f9,976f908a60da,20,1685221274096,38841,161632794,460,1399730,35673711
15b9532af5f9,976f908a60da,2,1685221801069,38841,161632794,460,1399730,35673711
15b9532af5f9,976f908a60da,18,1685221801072,38841,161632794,460,1399730,35673711
15b9532af5f9,976f908a60da,36,1685221801185,38841,161632794,460,1399730,35673711
15b9532af5f9,976f908a60da,39,1685221801229,38841,161632794,460,1399730,35673711
15b9532af5f9,976f908a60da,20,1685221810968,38841,161632794,460,1399730,35673711
15b9532af5f9,976f908a60da,2,1685224258688,38841,161632794,460,1399730,35673711
15b9532af5f9,976f908a60da,18,1685224258690,38841,161632794,460,1399730,35673711
15b9532af5f9,976f908a60da,36,1685224258804,38841,161632794,460,1399730,35673711
15b9532af5f9,976f908a60da,39,1685224258848,38841,161632794,460,1399730,35673711
15b9532af5f9,976f908a60da,20,1685224274669,38841,161632794,460,1399730,35673711
15b9532af5f9,976f908a60da,36,1685224962498,38841,161632794,460,1399730,35673711
15b9532af5f9,976f908a60da,39,1685224962539,38841,161632794,460,1399730,35673711
15b9532af5f9,976f908a60da,20,1685224972373,38841,161632794,460,1399730,35673711
15b9532af5f9,976f908a60da,2,1685225060778,38841,161632794,460,1399730,35673711
15b9532af5f9,976f908a60da,39,1685225060929,38841,161632794,460,1399730,35673711
15b9532af5f9,976f908a60da,20,1685225061976,38841,161632794,460,1399730,35673711
15b9532af5f9,976f908a60da,4,1685225062010,38841,161632794,460,1399730,35673711
15b9532af5f9,976f908a60da,5,1685227296462,38841,161632805,460,1399730,35673711
15b9532af5f9,976f908a60da,2,1685227322532,38841,251472474,460,1399730,35673711
15b9532af5f9,976f908a60da,30,1685227322583,38841,251472474,460,1399730,35673711
15b9532af5f9,976f908a60da,31,1685227322744,38841,251472474,460,1399730,35673711
15b9532af5f9,976f908a60da,18,1685227322758,38841,251472474,460,1399730,35673711
15b9532af5f9,976f908a60da,36,1685227322862,38841,251472474,460,1399730,35673711
15b9532af5f9,976f908a60da,7,1685227322887,38841,251472474,460,1399730,35673711
15b9532af5f9,976f908a60da,39,1685227322887,38841,251472474,460,1399730,35673711
15b9532af5f9,976f908a60da,34,1685227323073,38841,251472474,460,1399730,35673711
15b9532af5f9,976f908a60da,41,1685227323073,38841,251472474,460,1399730,35673711
15b9532af5f9,976f908a60da,2,1685228276301,38841,251472474,460,1399730,35673711
15b9532af5f9,976f908a60da,30,1685228276356,38841,251472474,460,1399730,35673711
15b9532af5f9,976f908a60da,18,1685228276529,38841,251472474,460,1399730,35673711
15b9532af5f9,976f908a60da,36,1685228276631,38841,251472474,460,1399730,35673711
15b9532af5f9,976f908a60da,39,1685228276656,38841,251472474,460,1399730,35673711
15b9532af5f9,976f908a60da,20,1685228286188,38841,251472474,460,1399730,35673711
15b9532af5f9,976f908a60da,4,1685228536239,38841,161632794,460,1399730,35673711
15b9532af5f9,976f908a60da,2,1685228536524,38841,161632794,460,1399730,35673711
15b9532af5f9,976f908a60da,18,1685228536527,38841,161632794,460,1399730,35673711
15b9532af5f9,976f908a60da,36,1685228536640,38841,161632794,460,1399730,35673711
15b9532af5f9,976f908a60da,39,1685228536688,38841,161632794,460,1399730,35673711
15b9532af5f9,976f908a60da,20,1685228546468,38841,161632794,460,1399730,35673711
15b9532af5f9,976f908a60da,2,1685229258886,38841,161632794,460,1399730,35673711
15b9532af5f9,976f908a60da,18,1685229258889,38841,161632794,460,1399730,35673711
15b9532af5f9,976f908a60da,5,1685229293628,38841,161632805,460,1399730,35673711
15b9532af5f9,976f908a60da,20,1685229293836,38841,161632805,460,1399730,35673711
15b9532af5f9,976f908a60da,2,1685230261310,38841,251472474,460,1399730,35673711
15b9532af5f9,976f908a60da,30,1685230261356,38841,251472474,460,1399730,35673711
15b9532af5f9,976f908a60da,31,1685230261517,38841,251472474,460,1399730,35673711
15b9532af5f9,976f908a60da,36,1685230261635,38841,251472474,460,1399730,35673711
15b9532af5f9,976f908a60da,39,1685230261665,38841,251472474,460,1399730,35673711
15b9532af5f9,976f908a60da,36,1685231437972,38841,161632794,460,1399730,35673711
15b9532af5f9,976f908a60da,18,1685233262018,38841,161632794,460,1399730,35673711
15b9532af5f9,976f908a60da,36,1685233262133,38841,161632794,460,1399730,35673711
15b9532af5f9,976f908a60da,39,1685233262182,38841,161632794,460,1399730,35673711
15b9532af5f9,976f908a60da,20,1685233277942,38841,161632794,460,1399730,35673711
15b9532af5f9,976f908a60da,2,1685234599195,38841,161632794,460,1399730,35673711
15b9532af5f9,976f908a60da,18,1685234599199,38841,161632794,460,1399730,35673711
15b9532af5f9,976f908a60da,2,1685234879533,38841,161632794,460,1399730,35673711
15b9532af5f9,976f908a60da,18,1685234879535,38841,161632794,460,1399730,35673711
15b9532af5f9,976f908a60da,36,1685234879660,38841,161632794,460,1399730,35673711
15b9532af5f9,976f908a60da,39,1685234879705,38841,161632794,460,1399730,35673711
15b9532af5f9,976f908a60da,41,1685234879816,38841,161632794,460,1399730,35673711
15b9532af5f9,976f908a60da,20,1685234880809,38841,161632794,460,1399730,35673711
15b9532af5f9,976f908a60da,20,1685235467409,38841,161632805,460,1399730,35673711
15b9532af5f9,976f908a60da,2,1685235488873,38841,161632805,460,1399730,35673711
15b9532af5f9,976f908a60da,30,1685235488923,38841,161632805,460,1399730,35673711
15b9532af5f9,976f908a60da,36,1685235489240,38841,161632805,460,1399730,35673711
15b9532af5f9,976f908a60da,39,1685235489285,38841,161632805,460,1399730,35673711
15b9532af5f9,976f908a60da,7,1685235489286,38841,161632805,460,1399730,35673711
15b9532af5f9,976f908a60da,34,1685235489408,38841,161632805,460,1399730,35673711
15b9532af5f9,976f908a60da,41,1685235489408,38841,161632805,460,1399730,35673711
15b9532af5f9,976f908a60da,2,1685235787709,38841,251472474,460,1399730,35673711
15b9532af5f9,976f908a60da,31,1685235787922,38841,251472474,460,1399730,35673711
15b9532af5f9,976f908a60da,36,1685235788039,38841,251472474,460,1399730,35673711
15b9532af5f9,976f908a60da,39,1685235788069,38841,251472474,460,1399730,35673711
15b9532af5f9,976f908a60da,18,1685236262319,38841,161632794,460,1399730,35673711
15b9532af5f9,976f908a60da,36,1685236262431,38841,161632794,460,1399730,35673711
15b9532af5f9,976f908a60da,39,1685236262483,38841,161632794,460,1399730,35673711
15b9532af5f9,976f908a60da,2,1685237760618,38841,161632794,460,1399730,35673711
15b9532af5f9,976f908a60da,18,1685237760620,38841,161632794,460,1399730,35673711
15b9532af5f9,976f908a60da,36,1685237760742,38841,161632794,460,1399730,35673711
15b9532af5f9,976f908a60da,39,1685237760798,38841,161632794,460,1399730,35673711
15b9532af5f9,976f908a60da,18,1685240918153,38841,161632794,460,1399730,35673711
15b9532af5f9,976f908a60da,36,1685240918275,38841,161632794,460,1399730,35673711
15b9532af5f9,976f908a60da,39,1685240918325,38841,161632794,460,1399730,35673711
15b9532af5f9,976f908a60da,39,1685241957143,38841,161632794,460,1399730,35673711
15b9532af5f9,976f908a60da,7,1685241957143,38841,161632794,460,1399730,35673711
15b9532af5f9,976f908a60da,20,1685241957942,38841,161632794,460,1399730,35673711
15b9532af5f9,976f908a60da,5,1685245256924,38841,161632805,460,1399730,35673711
15b9532af5f9,976f908a60da,2,1685245264235,38841,161632805,460,1399730,35673711
15b9532af5f9,976f908a60da,30,1685245264275,38841,161632805,460,1399730,35673711
15b9532af5f9,976f908a60da,18,1685245264473,38841,161632805,460,1399730,35673711
15b9532af5f9,976f908a60da,36,1685245264589,38841,161632805,460,1399730,35673711
15b9532af5f9,976f908a60da,39,1685245264641,38841,161632805,460,1399730,35673711
15b9532af5f9,976f908a60da,20,1685245280146,38841,161632805,460,1399730,35673711
15b9532af5f9,976f908a60da,36,1685246741207,38841,251472484,460,1399730,35673711
15b9532af5f9,976f908a60da,7,1685246741232,38841,251472484,460,1399730,35673711
15b9532af5f9,976f908a60da,39,1685246741232,38841,251472484,460,1399730,35673711
15b9532af5f9,976f908a60da,34,1685246741403,38841,251472484,460,1399730,35673711
15b9532af5f9,976f908a60da,41,1685246741403,38841,251472484,460,1399730,35673711
15b9532af5f9,976f908a60da,20,1685246742252,38841,251472484,460,1399730,35673711
15b9532af5f9,976f908a60da,2,1685247240332,38841,251472484,460,1399730,35673711
15b9532af5f9,976f908a60da,30,1685247240382,38841,251472484,460,1399730,35673711
15b9532af5f9,976f908a60da,36,1685247240682,38841,251472484,460,1399730,35673711
15b9532af5f9,976f908a60da,39,1685247240732,38841,251472484,460,1399730,35673711
15b9532af5f9,976f908a60da,18,1685248167439,38841,251472484,460,1399730,35673711
15b9532af5f9,976f908a60da,20,1685248183375,38841,251472484,460,1399730,35673711
15b9532af5f9,976f908a60da,18,1685248241051,38841,251472484,460,1399730,35673711
15b9532af5f9,976f908a60da,39,1685248241182,38841,251472484,460,1399730,35673711
15b9532af5f9,976f908a60da,20,1685248458906,38841,161632805,460,1399730,35673711
15b9532af5f9,976f908a60da,2,1685249244026,38841,251472484,460,1399730,35673711
15b9532af5f9,976f908a60da,31,1685249244245,38841,251472484,460,1399730,35673711
15b9532af5f9,976f908a60da,36,1685249244371,38841,251472484,460,1399730,35673711
15b9532af5f9,976f908a60da,41,1685249244548,38841,251472484,460,1399730,35673711
15b9532af5f9,976f908a60da,20,1685249288554,38841,161632805,460,1399730,35673711
15b9532af5f9,976f908a60da,2,1685250401496,38841,251472474,460,1399730,35673711
15b9532af5f9,976f908a60da,18,1685250401730,38841,251472474,460,1399730,35673711
15b9532af5f9,976f908a60da,36,1685250401831,38841,251472474,460,1399730,35673711
15b9532af5f9,976f908a60da,39,1685250401862,38841,251472474,460,1399730,35673711
15b9532af5f9,976f908a60da,36,1685251167588,38841,161632794,460,1399730,35673711
15b9532af5f9,976f908a60da,2,1685253373622,38841,161632794,460,1399730,35673711
15b9532af5f9,976f908a60da,36,1685253373749,38841,161632794,460,1399730,35673711
15b9532af5f9,976f908a60da,39,1685253373799,38841,161632794,460,1399730,35673711
15b9532af5f9,976f908a60da,20,1685253385542,38841,161632794,460,1399730,35673711
15b9532af5f9,976f908a60da,36,1685253386463,38841,161632794,460,1399730,35673711
15b9532af5f9,976f908a60da,7,1685253386522,38841,161632794,460,1399730,35673711
15b9532af5f9,976f908a60da,34,1685253386643,38841,161632794,460,1399730,35673711
15b9532af5f9,976f908a60da,20,1685253574113,38841,161632795,460,1399730,35673711
15b9532af5f9,976f908a60da,2,1685253574395,38841,161632795,460,1399730,35673711
15b9532af5f9,976f908a60da,30,1685253574440,38841,161632795,460,1399730,35673711
15b9532af5f9,976f908a60da,18,1685253574639,38841,161632795,460,1399730,35673711
15b9532af5f9,976f908a60da,36,1685253574733,38841,161632795,460,1399730,35673711
15b9532af5f9,976f908a60da,39,1685253574774,38841,161632795,460,1399730,35673711
15b9532af5f9,976f908a60da,20,1685253597938,38841,161632797,460,1399730,35673711
15b9532af5f9,976f908a60da,4,1685253599104,38841,161632797,460,1399730,35673711
15b9532af5f9,976f908a60da,2,1685253600200,38841,161632797,460,1399730,35673711
15b9532af5f9,976f908a60da,36,1685253600291,38841,161632797,460,1399730,35673711
15b9532af5f9,976f908a60da,39,1685253600341,38841,161632797,460,1399730,35673711
15b9532af5f9,976f908a60da,20,1685253613179,38841,161632797,460,1399730,35673711
15b9532af5f9,976f908a60da,2,1685253644365,38841,251472474,460,1399730,35673711
15b9532af5f9,976f908a60da,39,1685253644516,38841,251472474,460,1399730,35673711
15b9532af5f9,976f908a60da,20,1685253667298,38841,251472474,460,1399730,35673711
15b9532af5f9,976f908a60da,2,1685253743487,38841,161632794,460,1399730,35673711
15b9532af5f9,976f908a60da,36,1685253743601,38841,161632794,460,1399730,35673711
15b9532af5f9,976f908a60da,20,1685253760420,38841,161632794,460,1399730,35673711
15b9532af5f9,976f908a60da,2,1685253801158,38841,161632794,460,1399730,35673711
15b9532af5f9,976f908a60da,36,1685253801289,38841,161632794,460,1399730,35673711
15b9532af5f9,976f908a60da,39,1685253823298,38841,161632792,460,1399730,35673711
15b9532af5f9,976f908a60da,4,1685253887907,38841,161632796,460,1399730,35673711
15b9532af5f9,976f908a60da,2,1685253888196,38841,161632796,460,1399730,35673711
15b9532af5f9,976f908a60da,18,1685253888445,38841,161632796,460,1399730,35673711
15b9532af5f9,976f908a60da,36,1685253888535,38841,161632796,460,1399730,35673711
15b9532af5f9,976f908a60da,39,1685253913381,38841,161632795,460,1399730,35673711
15b9532af5f9,976f908a60da,14,1685253939474,38842,250742617,460,1399730,35673711
15b9532af5f9,976f908a60da,39,1685253939543,38842,250742617,460,1399730,35673711
15b9532af5f9,976f908a60da,39,1685253941769,38841,161567280,460,1399730,35673711
15b9532af5f9,976f908a60da,20,1685253951654,38841,161567280,460,1399730,35673711
15b9532af5f9,976f908a60da,18,1685253966268,38841,161632798,460,1399730,35673711
15b9532af5f9,976f908a60da,39,1685253966442,38841,161632798,460,1399730,35673711
15b9532af5f9,976f908a60da,5,1685254034052,38841,161567280,460,1399730,35673711
15b9532af5f9,976f908a60da,5,1685254034688,38842,250742617,460,1399730,35673711
15b9532af5f9,976f908a60da,20,1685254108407,38842,250742617,460,1399730,35673711
15b9532af5f9,976f908a60da,5,1685254154152,38842,250742617,460,1399730,35673711
15b9532af5f9,976f908a60da,2,1685254155494,38842,250742617,460,1399730,35673711
15b9532af5f9,976f908a60da,39,1685254155885,38842,250742617,460,1399730,35673711
15b9532af5f9,976f908a60da,4,1685254223675,38842,250742617,460,1399730,35673711
15b9532af5f9,976f908a60da,2,1685254224820,38842,250742617,460,1399730,35673711
15b9532af5f9,976f908a60da,18,1685254224826,38842,250742617,460,1399730,35673711
15b9532af5f9,976f908a60da,36,1685254224920,38842,250742617,460,1399730,35673711
15b9532af5f9,976f908a60da,39,1685254224960,38842,250742617,460,1399730,35673711
15b9532af5f9,976f908a60da,4,1685254235471,38842,250742617,460,1399730,35673711
15b9532af5f9,976f908a60da,2,1685254236354,38842,250742617,460,1399730,35673711
15b9532af5f9,976f908a60da,36,1685254236444,38842,250742617,460,1399730,35673711
15b9532af5f9,976f908a60da,39,1685254236484,38842,250742617,460,1399730,35673711
15b9532af5f9,976f908a60da,20,1685254322045,38842,250742617,460,1399730,35673711
15b9532af5f9,976f908a60da,5,1685254343186,38841,85156775,460,1399730,35673711
15b9532af5f9,976f908a60da,36,1685254343442,38841,85156775,460,1399730,35673711
15b9532af5f9,976f908a60da,39,1685254343474,38841,85156775,460,1399730,35673711
15b9532af5f9,976f908a60da,39,1685254344710,38842,250742617,460,1399730,35673711
15b9532af5f9,976f908a60da,5,1685254344710,38842,250742617,460,1399730,35673711
15b9532af5f9,976f908a60da,5,1685254346302,38841,85156775,460,1399730,35673711
15b9532af5f9,976f908a60da,39,1685254346303,38841,85156775,460,1399730,35673711
15b9532af5f9,976f908a60da,20,1685254400347,38841,85156775,460,1399730,35673711
15b9532af5f9,976f908a60da,5,1685254418230,38841,85579160,460,1399730,35673711
15b9532af5f9,976f908a60da,18,1685254418403,38841,85579160,460,1399730,35673711
15b9532af5f9,976f908a60da,36,1685254418516,38841,85579160,460,1399730,35673711
15b9532af5f9,976f908a60da,39,1685254418540,38841,85579160,460,1399730,35673711
15b9532af5f9,976f908a60da,14,1685254483435,38841,85579420,460,1399730,35673711
15b9532af5f9,976f908a60da,2,1685254537335,38841,85579420,460,1399730,35673711
15b9532af5f9,976f908a60da,30,1685254537383,38841,85579420,460,1399730,35673711
15b9532af5f9,976f908a60da,31,1685254537556,38841,85579420,460,1399730,35673711
15b9532af5f9,976f908a60da,20,1685254575266,38841,85579420,460,1399730,35673711
15b9532af5f9,976f908a60da,2,1685254578885,38841,85579420,460,1399730,35673711
15b9532af5f9,976f908a60da,36,1685254579015,38841,85579420,460,1399730,35673711
15b9532af5f9,976f908a60da,39,1685254579042,38841,85579420,460,1399730,35673711
15b9532af5f9,976f908a60da,4,1685255179479,38841,85579420,460,1399730,35673711
15b9532af5f9,976f908a60da,39,1685255179845,38841,85579420,460,1399730,35673711
15b9532af5f9,976f908a60da,4,1685255771192,38841,85579420,460,1399730,35673711
15b9532af5f9,976f908a60da,2,1685255772334,38841,85579420,460,1399730,35673711
15b9532af5f9,976f908a60da,36,1685255772445,38841,85579420,460,1399730,35673711
15b9532af5f9,976f908a60da,2,1685255841454,38841,85579420,460,1399730,35673711
15b9532af5f9,976f908a60da,18,1685255841458,38841,85579420,460,1399730,35673711
15b9532af5f9,976f908a60da,36,1685255841565,38841,85579420,460,1399730,35673711
15b9532af5f9,976f908a60da,20,1685255857394,38841,85579420,460,1399730,35673711
15b9532af5f9,976f908a60da,18,1685256391088,38841,85579420,460,1399730,35673711
15b9532af5f9,976f908a60da,36,1685256391194,38841,85579420,460,1399730,35673711
15b9532af5f9,976f908a60da,39,1685256391239,38841,85579420,460,1399730,35673711
15b9532af5f9,976f908a60da,20,1685256407063,38841,85579420,460,1399730,35673711
15b9532af5f9,976f908a60da,2,1685256722214,38841,85579420,460,1399730,35673711
15b9532af5f9,976f908a60da,18,1685256722218,38841,85579420,460,1399730,35673711
15b9532af5f9,976f908a60da,36,1685256722325,38841,85579420,460,1399730,35673711
15b9532af5f9,976f908a60da,39,1685256722350,38841,85579420,460,1399730,35673711
15b9532af5f9,976f908a60da,4,1685256982018,38841,85579420,460,1399730,35673711
15b9532af5f9,976f908a60da,2,1685256983214,38841,85579420,460,1399730,35673711
15b9532af5f9,976f908a60da,18,1685256983218,38841,85579420,460,1399730,35673711
15b9532af5f9,976f908a60da,2,1685257166254,38841,85579420,460,1399730,35673711
15b9532af5f9,976f908a60da,18,1685257166259,38841,85579420,460,1399730,35673711
15b9532af5f9,976f908a60da,36,1685257166364,38841,85579420,460,1399730,35673711
15b9532af5f9,976f908a60da,39,1685257166390,38841,85579420,460,1399730,35673711
15b9532af5f9,976f908a60da,20,1685257176226,38841,85579420,460,1399730,35673711
15b9532af5f9,976f908a60da,36,1685257435205,38841,85579420,460,1399730,35673711
15b9532af5f9,976f908a60da,18,1685257559828,38841,85579420,460,1399730,35673711
15b9532af5f9,976f908a60da,36,1685257559934,38841,85579420,460,1399730,35673711
15b9532af5f9,976f908a60da,39,1685257559964,38841,85579420,460,1399730,35673711
15b9532af5f9,976f908a60da,20,1685257575742,38841,85579420,460,1399730,35673711
15b9532af5f9,976f908a60da,4,1685258151603,38841,85579420,460,1399730,35673711
15b9532af5f9,976f908a60da,36,1685258151964,38841,85579420,460,1399730,35673711
15b9532af5f9,976f908a60da,18,1685258176176,38841,85579420,460,1399730,35673711
15b9532af5f9,976f908a60da,20,1685258186095,38841,85579420,460,1399730,35673711
15b9532af5f9,976f908a60da,4,1685258198884,38841,85579420,460,1399730,35673711
15b9532af5f9,976f908a60da,18,1685258199217,38841,85579420,460,1399730,35673711
15b9532af5f9,976f908a60da,20,1685258209176,38841,85579420,460,1399730,35673711
15b9532af5f9,976f908a60da,2,1685258247854,38841,85579420,460,1399730,35673711
15b9532af5f9,976f908a60da,36,1685258247969,38841,85579420,460,1399730,35673711
15b9532af5f9,976f908a60da,39,1685258247999,38841,85579420,460,1399730,35673711
15b9532af5f9,976f908a60da,20,1685258257755,38841,85579420,460,1399730,35673711
15b9532af5f9,976f908a60da,4,1685258311605,38841,85579420,460,1399730,35673711
15b9532af5f9,976f908a60da,2,1685258311864,38841,85579420,460,1399730,35673711
15b9532af5f9,976f908a60da,36,1685258311975,38841,85579420,460,1399730,35673711
15b9532af5f9,976f908a60da,20,1685258321822,38841,85579420,460,1399730,35673711
15b9532af5f9,976f908a60da,2,1685259883904,38842,250742617,460,1399730,35673711
15b9532af5f9,976f908a60da,20,1685259893879,38842,250742617,460,1399730,35673711
15b9532af5f9,976f908a60da,2,1685260166438,38842,250742617,460,1399730,35673711
15b9532af5f9,976f908a60da,18,1685260166442,38842,250742617,460,1399730,35673711
15b9532af5f9,976f908a60da,20,1685260184409,38842,250742617,460,1399730,35673711
15b9532af5f9,976f908a60da,20,1685261317820,38841,85579160,460,1399730,35673711
15b9532af5f9,976f908a60da,5,1685261386693,38839,116869082,460,1399730,35673711
15b9532af5f9,976f908a60da,5,1685261540463,38842,250742620,460,1399730,35673711
15b9532af5f9,976f908a60da,20,1685261540547,38842,250742620,460,1399730,35673711
15b9532af5f9,976f908a60da,5,1685261809225,38842,250742617,460,1399730,35673711
15b9532af5f9,976f908a60da,36,1685261809507,38842,250742617,460,1399730,35673711
15b9532af5f9,976f908a60da,39,1685261809577,38842,250742617,460,1399730,35673711
15b9532af5f9,976f908a60da,20,1685261853178,38842,250742617,460,1399730,35673711
15b9532af5f9,976f908a60da,4,1685261865744,38842,161559320,460,1399730,35673711
15b9532af5f9,976f908a60da,2,1685261868980,38842,161559320,460,1399730,35673711
15b9532af5f9,976f908a60da,30,1685261869035,38842,161559320,460,1399730,35673711
15b9532af5f9,976f908a60da,31,1685261869207,38842,161559320,460,1399730,35673711
15b9532af5f9,976f908a60da,2,1685261899244,38842,161559320,460,1399730,35673711
15b9532af5f9,976f908a60da,18,1685261899247,38842,161559320,460,1399730,35673711
15b9532af5f9,976f908a60da,36,1685261899366,38842,161559320,460,1399730,35673711
15b9532af5f9,976f908a60da,39,1685261899432,38842,161559320,460,1399730,35673711
15b9532af5f9,976f908a60da,20,1685261909188,38842,161559320,460,1399730,35673711
15b9532af5f9,976f908a60da,20,1685261942291,38842,250742626,460,1399730,35673711
15b9532af5f9,976f908a60da,39,1685262200699,38841,161632798,460,1399730,35673711
15b9532af5f9,976f908a60da,20,1685262221443,38841,161632798,460,1399730,35673711
15b9532af5f9,976f908a60da,2,1685262257320,38841,161632798,460,1399730,35673711
15b9532af5f9,976f908a60da,36,1685262257434,38841,161632798,460,1399730,35673711
15b9532af5f9,976f908a60da,39,1685262257480,38841,161632798,460,1399730,35673711
15b9532af5f9,976f908a60da,5,1685262301743,38841,161632796,460,1399730,35673711
15b9532af5f9,976f908a60da,39,1685262302087,38841,161632796,460,1399730,35673711
15b9532af5f9,976f908a60da,39,1685262310157,38841,161632797,460,1399730,35673711
15b9532af5f9,976f908a60da,5,1685262370560,38841,161632805,460,1399730,35673711
15b9532af5f9,976f908a60da,18,1685262370738,38841,161632805,460,1399730,35673711
15b9532af5f9,976f908a60da,39,1685262370910,38841,161632805,460,1399730,35673711
15b9532af5f9,976f908a60da,30,1685263114759,38841,251472474,460,1399730,35673711
15b9532af5f9,976f908a60da,31,1685263114920,38841,251472474,460,1399730,35673711
15b9532af5f9,976f908a60da,20,1685263124632,38841,251472474,460,1399730,35673711
15b9532af5f9,976f908a60da,2,1685263168746,38841,161632794,460,1399730,35673711
15b9532af5f9,976f908a60da,18,1685263168749,38841,161632794,460,1399730,35673711
15b9532af5f9,976f908a60da,39,1685263168925,38841,161632794,460,1399730,35673711
15b9532af5f9,976f908a60da,20,1685263184701,38841,161632794,460,1399730,35673711
15b9532af5f9,976f908a60da,2,1685264070846,38841,161632794,460,1399730,35673711
15b9532af5f9,976f908a60da,39,1685264071019,38841,161632794,460,1399730,35673711
15b9532af5f9,976f908a60da,41,1685264071145,38841,161632794,460,1399730,35673711
15b9532af5f9,976f908a60da,34,1685264071145,38841,161632794,460,1399730,35673711
15b9532af5f9,976f908a60da,4,1685264072054,38841,161632794,460,1399730,35673711
15b9532af5f9,976f908a60da,39,1685264110348,38841,161632805,460,1399730,35673711
15b9532af5f9,976f908a60da,20,1685264119877,38841,161632805,460,1399730,35673711
15b9532af5f9,976f908a60da,2,1685266169711,38841,251472474,460,1399730,35673711
15b9532af5f9,976f908a60da,30,1685266169768,38841,251472474,460,1399730,35673711
15b9532af5f9,976f908a60da,31,1685266169928,38841,251472474,460,1399730,35673711
15b9532af5f9,976f908a60da,18,1685266169945,38841,251472474,460,1399730,35673711
15b9532af5f9,976f908a60da,20,1685266185645,38841,251472474,460,1399730,35673711
15b9532af5f9,976f908a60da,18,1685266276721,38841,161632794,460,1399730,35673711
15b9532af5f9,976f908a60da,39,1685266276880,38841,161632794,460,1399730,35673711
15b9532af5f9,976f908a60da,20,1685266286662,38841,161632794,460,1399730,35673711
15b9532af5f9,976f908a60da,2,1685266948029,38841,161632794,460,1399730,35673711
15b9532af5f9,976f908a60da,18,1685266948033,38841,161632794,460,1399730,35673711
15b9532af5f9,976f908a60da,36,1685266948138,38841,161632794,460,1399730,35673711
15b9532af5f9,976f908a60da,39,1685266948189,38841,161632794,460,1399730,35673711
15b9532af5f9,976f908a60da,2,1685268662282,38841,161632794,460,1399730,35673711
15b9532af5f9,976f908a60da,36,1685268662403,38841,161632794,460,1399730,35673711
15b9532af5f9,976f908a60da,7,1685268662470,38841,161632794,460,1399730,35673711
15b9532af5f9,976f908a60da,34,1685268662609,38841,161632794,460,1399730,35673711
15b9532af5f9,976f908a60da,20,1685268663521,38841,161632794,460,1399730,35673711
15b9532af5f9,976f908a60da,4,1685268663573,38841,161632794,460,1399730,35673711
15b9532af5f9,976f908a60da,5,1685269032639,38841,161632805,460,1399730,35673711
15b9532af5f9,976f908a60da,36,1685269032940,38841,161632805,460,1399730,35673711
15b9532af5f9,976f908a60da,39,1685269032984,38841,161632805,460,1399730,35673711
15b9532af5f9,976f908a60da,18,1685269170766,38841,161632794,460,1399730,35673711
15b9532af5f9,976f908a60da,36,1685269170888,38841,161632794,460,1399730,35673711
15b9532af5f9,976f908a60da,2,1685269438074,38841,161632794,460,1399730,35673711
15b9532af5f9,976f908a60da,18,1685269438077,38841,161632794,460,1399730,35673711
15b9532af5f9,976f908a60da,36,1685269438189,38841,161632794,460,1399730,35673711
15b9532af5f9,976f908a60da,39,1685269438235,38841,161632794,460,1399730,35673711
15b9532af5f9,976f908a60da,18,1685271403436,38841,161632794,460,1399730,35673711
15b9532af5f9,976f908a60da,39,1685271403609,38841,161632794,460,1399730,35673711
15b9532af5f9,976f908a60da,34,1685271403775,38841,161632794,460,1399730,35673711
15b9532af5f9,976f908a60da,41,1685271403775,38841,161632794,460,1399730,35673711
15b9532af5f9,976f908a60da,20,1685271404411,38841,161632794,460,1399730,35673711
15b9532af5f9,976f908a60da,36,1685271474568,38841,161632805,460,1399730,35673711
15b9532af5f9,976f908a60da,39,1685271474620,38841,161632805,460,1399730,35673711
15b9532af5f9,976f908a60da,20,1685271484176,38841,161632805,460,1399730,35673711
15b9532af5f9,976f908a60da,2,1685272171330,38841,251472474,460,1399730,35673711
15b9532af5f9,976f908a60da,30,1685272171364,38841,251472474,460,1399730,35673711
15b9532af5f9,976f908a60da,31,1685272171523,38841,251472474,460,1399730,35673711
15b9532af5f9,976f908a60da,36,1685272171650,38841,251472474,460,1399730,35673711
15b9532af5f9,976f908a60da,39,1685272171675,38841,251472474,460,1399730,35673711
15b9532af5f9,976f908a60da,36,1685272527077,38841,161632794,460,1399730,35673711
15b9532af5f9,976f908a60da,7,1685272527137,38841,161632794,460,1399730,35673711
15b9532af5f9,976f908a60da,34,1685272527303,38841,161632794,460,1399730,35673711
15b9532af5f9,976f908a60da,41,1685272527303,38841,161632794,460,1399730,35673711
15b9532af5f9,976f908a60da,20,1685272527919,38841,161632794,460,1399730,35673711
15b9532af5f9,976f908a60da,18,1685274191280,38841,161632805,460,1399730,35673711
15b9532af5f9,976f908a60da,36,1685274191387,38841,161632805,460,1399730,35673711
15b9532af5f9,976f908a60da,39,1685274191439,38841,161632805,460,1399730,35673711
15b9532af5f9,976f908a60da,20,1685274200994,38841,161632805,460,1399730,35673711
15b9532af5f9,976f908a60da,2,1685275172053,38841,251472484,460,1399730,35673711
15b9532af5f9,976f908a60da,31,1685275172273,38841,251472484,460,1399730,35673711
15b9532af5f9,976f908a60da,18,1685275172290,38841,251472484,460,1399730,35673711
15b9532af5f9,976f908a60da,36,1685275172398,38841,251472484,460,1399730,35673711
15b9532af5f9,976f908a60da,39,1685275172428,38841,251472484,460,1399730,35673711
15b9532af5f9,976f908a60da,20,1685275187946,38841,251472484,460,1399730,35673711
15b9532af5f9,976f908a60da,2,1685275760608,38841,251472484,460,1399730,35673711
15b9532af5f9,976f908a60da,39,1685275760748,38841,251472484,460,1399730,35673711
15b9532af5f9,976f908a60da,20,1685275770496,38841,251472484,460,1399730,35673711
15b9532af5f9,976f908a60da,2,1685278172818,38841,251472484,460,1399730,35673711
15b9532af5f9,976f908a60da,18,1685278172820,38841,251472484,460,1399730,35673711
15b9532af5f9,976f908a60da,39,1685278172953,38841,251472484,460,1399730,35673711
15b9532af5f9,976f908a60da,20,1685278188714,38841,251472484,460,1399730,35673711
15b9532af5f9,976f908a60da,2,1685278921928,38841,251472484,460,1399730,35673711
15b9532af5f9,976f908a60da,18,1685278921931,38841,251472484,460,1399730,35673711
15b9532af5f9,976f908a60da,36,1685278922033,38841,251472484,460,1399730,35673711
15b9532af5f9,976f908a60da,39,1685278922058,38841,251472484,460,1399730,35673711
15b9532af5f9,976f908a60da,20,1685278931875,38841,251472484,460,1399730,35673711
15b9532af5f9,976f908a60da,4,1685278932727,38841,251472484,460,1399730,35673711
15b9532af5f9,976f908a60da,2,1685278933948,38841,251472484,460,1399730,35673711
15b9532af5f9,976f908a60da,18,1685278933951,38841,251472484,460,1399730,35673711
15b9532af5f9,976f908a60da,36,1685278934053,38841,251472484,460,1399730,35673711
15b9532af5f9,976f908a60da,39,1685278934078,38841,251472484,460,1399730,35673711
15b9532af5f9,976f908a60da,18,1685280209240,38841,251472474,460,1399730,35673711
15b9532af5f9,976f908a60da,39,1685280209367,38841,251472474,460,1399730,35673711
15b9532af5f9,976f908a60da,7,1685280209387,38841,251472474,460,1399730,35673711
15b9532af5f9,976f908a60da,34,1685280209541,38841,251472474,460,1399730,35673711
15b9532af5f9,976f908a60da,41,1685280209541,38841,251472474,460,1399730,35673711
15b9532af5f9,976f908a60da,4,1685280210460,38841,251472474,460,1399730,35673711
15b9532af5f9,976f908a60da,5,1685280326798,38841,161632805,460,1399730,35673711
15b9532af5f9,976f908a60da,36,1685280327103,38841,161632805,460,1399730,35673711
15b9532af5f9,976f908a60da,39,1685280327143,38841,161632805,460,1399730,35673711
15b9532af5f9,976f908a60da,2,1685280514138,38841,161632797,460,1399730,35673711
15b9532af5f9,976f908a60da,31,1685280514360,38841,161632797,460,1399730,35673711
15b9532af5f9,976f908a60da,18,1685280514377,38841,161632797,460,1399730,35673711
15b9532af5f9,976f908a60da,36,1685280514464,38841,161632797,460,1399730,35673711
15b9532af5f9,976f908a60da,7,1685280514516,38841,161632797,460,1399730,35673711
15b9532af5f9,976f908a60da,41,1685280514689,38841,161632797,460,1399730,35673711
15b9532af5f9,976f908a60da,34,1685280514689,38841,161632797,460,1399730,35673711
15b9532af5f9,976f908a60da,20,1685280515279,38841,161632797,460,1399730,35673711
15b9532af5f9,976f908a60da,5,1685280718190,38841,161632805,460,1399730,35673711
15b9532af5f9,976f908a60da,18,1685280718382,38841,161632805,460,1399730,35673711
15b9532af5f9,976f908a60da,36,1685280718498,38841,161632805,460,1399730,35673711
15b9532af5f9,976f908a60da,39,1685280718543,38841,161632805,460,1399730,35673711
15b9532af5f9,976f908a60da,20,1685280728084,38841,161632805,460,1399730,35673711
15b9532af5f9,976f908a60da,2,1685281173270,38841,161632797,460,1399730,35673711
15b9532af5f9,976f908a60da,30,1685281173305,38841,161632797,460,1399730,35673711
15b9532af5f9,976f908a60da,31,1685281173479,38841,161632797,460,1399730,35673711
15b9532af5f9,976f908a60da,18,1685281173500,38841,161632797,460,1399730,35673711
15b9532af5f9,976f908a60da,36,1685281173590,38841,161632797,460,1399730,35673711
15b9532af5f9,976f908a60da,39,1685281173648,38841,161632797,460,1399730,35673711
15b9532af5f9,976f908a60da,20,1685281189254,38841,161632797,460,1399730,35673711
15b9532af5f9,976f908a60da,2,1685282083292,38841,251472474,460,1399730,35673711
15b9532af5f9,976f908a60da,18,1685282083296,38841,251472474,460,1399730,35673711
15b9532af5f9,976f908a60da,36,1685282083397,38841,251472474,460,1399730,35673711
15b9532af5f9,976f908a60da,39,1685282083427,38841,251472474,460,1399730,35673711
15b9532af5f9,976f908a60da,20,1685282093178,38841,251472474,460,1399730,35673711
15b9532af5f9,976f908a60da,2,1685284174052,38841,161632794,460,1399730,35673711
15b9532af5f9,976f908a60da,18,1685284174054,38841,161632794,460,1399730,35673711
15b9532af5f9,976f908a60da,36,1685284174162,38841,161632794,460,1399730,35673711
15b9532af5f9,976f908a60da,39,1685284174208,38841,161632794,460,1399730,35673711
15b9532af5f9,976f908a60da,20,1685284189964,38841,161632794,460,1399730,35673711
15b9532af5f9,976f908a60da,2,1685285244647,38841,161632794,460,1399730,35673711
15b9532af5f9,976f908a60da,18,1685285244650,38841,161632794,460,1399730,35673711
15b9532af5f9,976f908a60da,36,1685285244757,38841,161632794,460,1399730,35673711
15b9532af5f9,976f908a60da,39,1685285244805,38841,161632794,460,1399730,35673711
15b9532af5f9,976f908a60da,20,1685285254563,38841,161632794,460,1399730,35673711
15b9532af5f9,976f908a60da,2,1685287088312,38841,161632794,460,1399730,35673711
15b9532af5f9,976f908a60da,18,1685287088317,38841,161632794,460,1399730,35673711
15b9532af5f9,976f908a60da,36,1685287088427,38841,161632794,460,1399730,35673711
15b9532af5f9,976f908a60da,39,1685287088468,38841,161632794,460,1399730,35673711
15b9532af5f9,976f908a60da,20,1685287104242,38841,161632794,460,1399730,35673711
15b9532af5f9,976f908a60da,2,1685288402282,38841,161632794,460,1399730,35673711
15b9532af5f9,976f908a60da,18,1685288402286,38841,161632794,460,1399730,35673711
15b9532af5f9,976f908a60da,36,1685288402397,38841,161632794,460,1399730,35673711
15b9532af5f9,976f908a60da,39,1685288402442,38841,161632794,460,1399730,35673711
15b9532af5f9,976f908a60da,20,1685288412213,38841,161632794,460,1399730,35673711
