1737677c33f5,1bca8a041ef1,36,1685203843774,38703,85065887,460,1829713,35672608
1737677c33f5,1bca8a041ef1,39,1685203843803,38703,85065887,460,1829713,35672608
1737677c33f5,1bca8a041ef1,20,1685203859652,38703,85065887,460,1829713,35672608
1737677c33f5,1bca8a041ef1,2,1685206621697,38703,85065887,460,1829713,35672608
1737677c33f5,1bca8a041ef1,18,1685206621700,38703,85065887,460,1829713,35672608
1737677c33f5,1bca8a041ef1,36,1685206621748,38703,85065887,460,1829713,35672608
1737677c33f5,1bca8a041ef1,39,1685206621772,38703,85065887,460,1829713,35672608
1737677c33f5,1bca8a041ef1,2,1685206883742,38703,85065887,460,1829713,35672608
1737677c33f5,1bca8a041ef1,36,1685206883793,38703,85065887,460,1829713,35672608
1737677c33f5,1bca8a041ef1,39,1685206883822,38703,85065887,460,1829713,35672608
1737677c33f5,1bca8a041ef1,20,1685206899624,38703,85065887,460,1829713,35672608
1737677c33f5,1bca8a041ef1,18,1685209846734,38703,85065887,460,1829713,35672608
1737677c33f5,1bca8a041ef1,36,1685209846783,38703,85065887,460,1829713,35672608
1737677c33f5,1bca8a041ef1,39,1685209846812,38703,85065887,460,1829713,35672608
1737677c33f5,1bca8a041ef1,2,1685210114702,38703,85065887,460,1829713,35672608
1737677c33f5,1bca8a041ef1,36,1685210114752,38703,85065887,460,1829713,35672608
1737677c33f5,1bca8a041ef1,39,1685210114782,38703,85065887,460,1829713,35672608
1737677c33f5,1bca8a041ef1,2,1685212790727,38703,85065887,460,1829713,35672608
1737677c33f5,1bca8a041ef1,18,1685212790731,38703,85065887,460,1829713,35672608
1737677c33f5,1bca8a041ef1,36,1685212790777,38703,85065887,460,1829713,35672608
1737677c33f5,1bca8a041ef1,2,1685212932678,38703,85065887,460,1829713,35672608
1737677c33f5,1bca8a041ef1,36,1685212932727,38703,85065887,460,1829713,35672608
1737677c33f5,1bca8a041ef1,39,1685212932760,38703,85065887,460,1829713,35672608
1737677c33f5,1bca8a041ef1,20,1685212942568,38703,85065887,460,1829713,35672608
1737677c33f5,1bca8a041ef1,2,1685213480727,38703,85065887,460,1829713,35672608
1737677c33f5,1bca8a041ef1,18,1685213480731,38703,85065887,460,1829713,35672608
1737677c33f5,1bca8a041ef1,36,1685213480777,38703,85065887,460,1829713,35672608
1737677c33f5,1bca8a041ef1,39,1685213480803,38703,85065887,460,1829713,35672608
1737677c33f5,1bca8a041ef1,2,1685215527066,38703,85065887,460,1829713,35672608
1737677c33f5,1bca8a041ef1,18,1685215527069,38703,85065887,460,1829713,35672608
1737677c33f5,1bca8a041ef1,36,1685215527117,38703,85065887,460,1829713,35672608
1737677c33f5,1bca8a041ef1,20,1685215536994,38703,85065887,460,1829713,35672608
1737677c33f5,1bca8a041ef1,2,1685215768737,38703,85065887,460,1829713,35672608
1737677c33f5,1bca8a041ef1,18,1685215768739,38703,85065887,460,1829713,35672608
1737677c33f5,1bca8a041ef1,20,1685215784626,38703,85065887,460,1829713,35672608
1737677c33f5,1bca8a041ef1,2,1685216977726,38703,85065887,460,1829713,35672608
1737677c33f5,1bca8a041ef1,18,1685216977729,38703,85065887,460,1829713,35672608
1737677c33f5,1bca8a041ef1,36,1685216977776,38703,85065887,460,1829713,35672608
1737677c33f5,1bca8a041ef1,39,1685216977801,38703,85065887,460,1829713,35672608
1737677c33f5,1bca8a041ef1,2,1685218766775,38703,85065887,460,1829713,35672608
1737677c33f5,1bca8a041ef1,18,1685218766779,38703,85065887,460,1829713,35672608
1737677c33f5,1bca8a041ef1,20,1685218782676,38703,85065887,460,1829713,35672608
1737677c33f5,1bca8a041ef1,18,1685220437668,38703,85065887,460,1829713,35672608
1737677c33f5,1bca8a041ef1,36,1685220437716,38703,85065887,460,1829713,35672608
1737677c33f5,1bca8a041ef1,39,1685220437745,38703,85065887,460,1829713,35672608
1737677c33f5,1bca8a041ef1,2,1685221650760,38703,85065887,460,1829713,35672608
1737677c33f5,1bca8a041ef1,18,1685221650763,38703,85065887,460,1829713,35672608
1737677c33f5,1bca8a041ef1,20,1685221666690,38703,85065887,460,1829713,35672608
1737677c33f5,1bca8a041ef1,2,1685223957745,38703,85065887,460,1829713,35672608
1737677c33f5,1bca8a041ef1,18,1685223957747,38703,85065887,460,1829713,35672608
1737677c33f5,1bca8a041ef1,36,1685223957795,38703,85065887,460,1829713,35672608
1737677c33f5,1bca8a041ef1,39,1685223957824,38703,85065887,460,1829713,35672608
1737677c33f5,1bca8a041ef1,2,1685224565763,38703,85065887,460,1829713,35672608
1737677c33f5,1bca8a041ef1,18,1685224565768,38703,85065887,460,1829713,35672608
1737677c33f5,1bca8a041ef1,36,1685224565814,38703,85065887,460,1829713,35672608
1737677c33f5,1bca8a041ef1,39,1685224565838,38703,85065887,460,1829713,35672608
1737677c33f5,1bca8a041ef1,20,1685224581689,38703,85065887,460,1829713,35672608
1737677c33f5,1bca8a041ef1,36,1685227297809,38703,85065887,460,1829713,35672608
1737677c33f5,1bca8a041ef1,39,1685227297838,38703,85065887,460,1829713,35672608
1737677c33f5,1bca8a041ef1,18,1685227601766,38703,85065887,460,1829713,35672608
1737677c33f5,1bca8a041ef1,36,1685227601813,38703,85065887,460,1829713,35672608
1737677c33f5,1bca8a041ef1,39,1685227601837,38703,85065887,460,1829713,35672608
1737677c33f5,1bca8a041ef1,20,1685227617686,38703,85065887,460,1829713,35672608
1737677c33f5,1bca8a041ef1,4,1685229733785,38703,85065887,460,1829713,35672608
1737677c33f5,1bca8a041ef1,18,1685229735075,38703,85065887,460,1829713,35672608
1737677c33f5,1bca8a041ef1,36,1685229735122,38703,85065887,460,1829713,35672608
1737677c33f5,1bca8a041ef1,20,1685229745019,38703,85065887,460,1829713,35672608
1737677c33f5,1bca8a041ef1,20,1685230339968,38703,85065887,460,1829713,35672608
1737677c33f5,1bca8a041ef1,2,1685230766331,38703,85065887,460,1829713,35672608
1737677c33f5,1bca8a041ef1,18,1685230766334,38703,85065887,460,1829713,35672608
1737677c33f5,1bca8a041ef1,36,1685230766382,38703,85065887,460,1829713,35672608
1737677c33f5,1bca8a041ef1,39,1685230766414,38703,85065887,460,1829713,35672608
1737677c33f5,1bca8a041ef1,20,1685230782305,38703,85065887,460,1829713,35672608
1737677c33f5,1bca8a041ef1,2,1685233761746,38703,85065887,460,1829713,35672608
1737677c33f5,1bca8a041ef1,36,1685233761798,38703,85065887,460,1829713,35672608
1737677c33f5,1bca8a041ef1,20,1685233777622,38703,85065887,460,1829713,35672608
1737677c33f5,1bca8a041ef1,2,1685236759770,38703,85065887,460,1829713,35672608
1737677c33f5,1bca8a041ef1,36,1685236759821,38703,85065887,460,1829713,35672608
1737677c33f5,1bca8a041ef1,39,1685236759852,38703,85065887,460,1829713,35672608
1737677c33f5,1bca8a041ef1,20,1685236775684,38703,85065887,460,1829713,35672608
1737677c33f5,1bca8a041ef1,2,1685237196470,38703,85065887,460,1829713,35672608
1737677c33f5,1bca8a041ef1,18,1685237196473,38703,85065887,460,1829713,35672608
1737677c33f5,1bca8a041ef1,36,1685237196521,38703,85065887,460,1829713,35672608
1737677c33f5,1bca8a041ef1,39,1685237196546,38703,85065887,460,1829713,35672608
1737677c33f5,1bca8a041ef1,18,1685239760739,38703,85065887,460,1829713,35672608
1737677c33f5,1bca8a041ef1,39,1685239760813,38703,85065887,460,1829713,35672608
1737677c33f5,1bca8a041ef1,36,1685240228734,38703,85065887,460,1829713,35672608
1737677c33f5,1bca8a041ef1,39,1685240228767,38703,85065887,460,1829713,35672608
1737677c33f5,1bca8a041ef1,20,1685240238600,38703,85065887,460,1829713,35672608
1737677c33f5,1bca8a041ef1,4,1685241564556,38703,85065887,460,1829713,35672608
1737677c33f5,1bca8a041ef1,2,1685241564820,38703,85065887,460,1829713,35672608
1737677c33f5,1bca8a041ef1,36,1685241564882,38703,85065887,460,1829713,35672608
1737677c33f5,1bca8a041ef1,39,1685241564912,38703,85065887,460,1829713,35672608
1737677c33f5,1bca8a041ef1,20,1685241574766,38703,85065887,460,1829713,35672608
1737677c33f5,1bca8a041ef1,2,1685242635567,38703,85065891,460,1829713,35672608
1737677c33f5,1bca8a041ef1,18,1685242635569,38703,85065891,460,1829713,35672608
1737677c33f5,1bca8a041ef1,36,1685242635621,38703,85065891,460,1829713,35672608
1737677c33f5,1bca8a041ef1,39,1685242635658,38703,85065891,460,1829713,35672608
1737677c33f5,1bca8a041ef1,20,1685242645450,38703,85065891,460,1829713,35672608
1737677c33f5,1bca8a041ef1,18,1685242771102,38703,85065891,460,1829713,35672608
1737677c33f5,1bca8a041ef1,20,1685242781041,38703,85065891,460,1829713,35672608
1737677c33f5,1bca8a041ef1,36,1685243296260,38703,85065887,460,1829713,35672608
1737677c33f5,1bca8a041ef1,7,1685243296294,38703,85065887,460,1829713,35672608
1737677c33f5,1bca8a041ef1,34,1685243296360,38703,85065887,460,1829713,35672608
1737677c33f5,1bca8a041ef1,2,1685243371324,38703,85065887,460,1829713,35672608
1737677c33f5,1bca8a041ef1,36,1685243371377,38703,85065887,460,1829713,35672608
1737677c33f5,1bca8a041ef1,39,1685243371404,38703,85065887,460,1829713,35672608
1737677c33f5,1bca8a041ef1,20,1685243381240,38703,85065887,460,1829713,35672608
1737677c33f5,1bca8a041ef1,2,1685243553220,38703,85065887,460,1829713,35672608
1737677c33f5,1bca8a041ef1,36,1685243553274,38703,85065887,460,1829713,35672608
1737677c33f5,1bca8a041ef1,20,1685243563099,38703,85065887,460,1829713,35672608
1737677c33f5,1bca8a041ef1,2,1685243744659,38703,85065887,460,1829713,35672608
1737677c33f5,1bca8a041ef1,18,1685243744661,38703,85065887,460,1829713,35672608
1737677c33f5,1bca8a041ef1,36,1685243744709,38703,85065887,460,1829713,35672608
1737677c33f5,1bca8a041ef1,39,1685243744739,38703,85065887,460,1829713,35672608
1737677c33f5,1bca8a041ef1,20,1685243760571,38703,85065887,460,1829713,35672608
1737677c33f5,1bca8a041ef1,4,1685244351171,38703,85065887,460,1829713,35672608
1737677c33f5,1bca8a041ef1,2,1685244351384,38703,85065887,460,1829713,35672608
1737677c33f5,1bca8a041ef1,18,1685244351387,38703,85065887,460,1829713,35672608
1737677c33f5,1bca8a041ef1,36,1685244351436,38703,85065887,460,1829713,35672608
1737677c33f5,1bca8a041ef1,39,1685244954339,38703,85065887,460,1829713,35672608
1737677c33f5,1bca8a041ef1,20,1685244964235,38703,85065887,460,1829713,35672608
1737677c33f5,1bca8a041ef1,2,1685245555865,38703,85065887,460,1829713,35672608
1737677c33f5,1bca8a041ef1,39,1685245555954,38703,85065887,460,1829713,35672608
1737677c33f5,1bca8a041ef1,20,1685245571785,38703,85065887,460,1829713,35672608
1737677c33f5,1bca8a041ef1,4,1685246156553,38703,85065887,460,1829713,35672608
1737677c33f5,1bca8a041ef1,2,1685246157463,38703,85065887,460,1829713,35672608
1737677c33f5,1bca8a041ef1,36,1685246157514,38703,85065887,460,1829713,35672608
1737677c33f5,1bca8a041ef1,20,1685246167419,38703,85065887,460,1829713,35672608
1737677c33f5,1bca8a041ef1,18,1685246760358,38703,85065887,460,1829713,35672608
1737677c33f5,1bca8a041ef1,20,1685246770246,38703,85065887,460,1829713,35672608
1737677c33f5,1bca8a041ef1,18,1685246878682,38703,85065881,460,1829713,35672608
1737677c33f5,1bca8a041ef1,4,1685247362003,38703,85065887,460,1829713,35672608
1737677c33f5,1bca8a041ef1,36,1685247363278,38703,85065887,460,1829713,35672608
1737677c33f5,1bca8a041ef1,20,1685247373132,38703,85065887,460,1829713,35672608
1737677c33f5,1bca8a041ef1,4,1685247965088,38703,85065887,460,1829713,35672608
1737677c33f5,1bca8a041ef1,2,1685247966105,38703,85065887,460,1829713,35672608
1737677c33f5,1bca8a041ef1,18,1685247966108,38703,85065887,460,1829713,35672608
1737677c33f5,1bca8a041ef1,39,1685247966183,38703,85065887,460,1829713,35672608
1737677c33f5,1bca8a041ef1,4,1685248422091,38703,85065887,460,1829713,35672608
1737677c33f5,1bca8a041ef1,2,1685248423078,38703,85065887,460,1829713,35672608
1737677c33f5,1bca8a041ef1,18,1685248423082,38703,85065887,460,1829713,35672608
1737677c33f5,1bca8a041ef1,36,1685248423129,38703,85065887,460,1829713,35672608
1737677c33f5,1bca8a041ef1,39,1685248423163,38703,85065887,460,1829713,35672608
1737677c33f5,1bca8a041ef1,20,1685248433040,38703,85065887,460,1829713,35672608
1737677c33f5,1bca8a041ef1,18,1685248531682,38703,85065887,460,1829713,35672608
1737677c33f5,1bca8a041ef1,20,1685248550606,38703,85065887,460,1829713,35672608
1737677c33f5,1bca8a041ef1,18,1685249111857,38703,85065887,460,1829713,35672608
1737677c33f5,1bca8a041ef1,39,1685249111939,38703,85065887,460,1829713,35672608
1737677c33f5,1bca8a041ef1,2,1685249713307,38703,85065887,460,1829713,35672608
1737677c33f5,1bca8a041ef1,18,1685249713311,38703,85065887,460,1829713,35672608
1737677c33f5,1bca8a041ef1,39,1685249713382,38703,85065887,460,1829713,35672608
1737677c33f5,1bca8a041ef1,2,1685249911734,38703,85065887,460,1829713,35672608
1737677c33f5,1bca8a041ef1,18,1685249911738,38703,85065887,460,1829713,35672608
1737677c33f5,1bca8a041ef1,39,1685249911819,38703,85065887,460,1829713,35672608
1737677c33f5,1bca8a041ef1,18,1685250314911,38703,85065887,460,1829713,35672608
1737677c33f5,1bca8a041ef1,4,1685250916206,38703,85065887,460,1829713,35672608
1737677c33f5,1bca8a041ef1,2,1685250916503,38703,85065887,460,1829713,35672608
1737677c33f5,1bca8a041ef1,18,1685250916505,38703,85065887,460,1829713,35672608
1737677c33f5,1bca8a041ef1,36,1685250916553,38703,85065887,460,1829713,35672608
1737677c33f5,1bca8a041ef1,20,1685250926419,38703,85065887,460,1829713,35672608
1737677c33f5,1bca8a041ef1,4,1685251517872,38703,85065887,460,1829713,35672608
1737677c33f5,1bca8a041ef1,2,1685251518097,38703,85065887,460,1829713,35672608
1737677c33f5,1bca8a041ef1,18,1685251518100,38703,85065887,460,1829713,35672608
1737677c33f5,1bca8a041ef1,36,1685251518152,38703,85065887,460,1829713,35672608
1737677c33f5,1bca8a041ef1,39,1685251518182,38703,85065887,460,1829713,35672608
1737677c33f5,1bca8a041ef1,20,1685251528005,38703,85065887,460,1829713,35672608
1737677c33f5,1bca8a041ef1,36,1685251532042,38703,85065881,460,1829713,35672608
1737677c33f5,1bca8a041ef1,39,1685251532068,38703,85065881,460,1829713,35672608
1737677c33f5,1bca8a041ef1,36,1685252119763,38703,85065887,460,1829713,35672608
1737677c33f5,1bca8a041ef1,2,1685252721296,38703,85065887,460,1829713,35672608
1737677c33f5,1bca8a041ef1,18,1685252721301,38703,85065887,460,1829713,35672608
1737677c33f5,1bca8a041ef1,39,1685252721381,38703,85065887,460,1829713,35672608
1737677c33f5,1bca8a041ef1,20,1685252731248,38703,85065887,460,1829713,35672608
1737677c33f5,1bca8a041ef1,4,1685253322827,38703,85065887,460,1829713,35672608
1737677c33f5,1bca8a041ef1,2,1685253324181,38703,85065887,460,1829713,35672608
1737677c33f5,1bca8a041ef1,36,1685253324232,38703,85065887,460,1829713,35672608
1737677c33f5,1bca8a041ef1,39,1685253324256,38703,85065887,460,1829713,35672608
1737677c33f5,1bca8a041ef1,20,1685253334140,38703,85065887,460,1829713,35672608
1737677c33f5,1bca8a041ef1,4,1685253768754,38703,85065887,460,1829713,35672608
1737677c33f5,1bca8a041ef1,18,1685253769624,38703,85065887,460,1829713,35672608
1737677c33f5,1bca8a041ef1,20,1685253785596,38703,85065887,460,1829713,35672608
1737677c33f5,1bca8a041ef1,4,1685254246416,38703,85065887,460,1829713,35672608
1737677c33f5,1bca8a041ef1,2,1685254247066,38703,85065887,460,1829713,35672608
1737677c33f5,1bca8a041ef1,18,1685254247069,38703,85065887,460,1829713,35672608
1737677c33f5,1bca8a041ef1,36,1685254247117,38703,85065887,460,1829713,35672608
1737677c33f5,1bca8a041ef1,2,1685254377621,38703,85065887,460,1829713,35672608
1737677c33f5,1bca8a041ef1,18,1685254377624,38703,85065887,460,1829713,35672608
1737677c33f5,1bca8a041ef1,36,1685254377672,38703,85065887,460,1829713,35672608
1737677c33f5,1bca8a041ef1,39,1685254377701,38703,85065887,460,1829713,35672608
1737677c33f5,1bca8a041ef1,20,1685254387542,38703,85065887,460,1829713,35672608
1737677c33f5,1bca8a041ef1,2,1685254532216,38703,85065887,460,1829713,35672608
1737677c33f5,1bca8a041ef1,18,1685254532219,38703,85065887,460,1829713,35672608
1737677c33f5,1bca8a041ef1,2,1685254980508,38703,85065887,460,1829713,35672608
1737677c33f5,1bca8a041ef1,36,1685254980564,38703,85065887,460,1829713,35672608
1737677c33f5,1bca8a041ef1,39,1685254980597,38703,85065887,460,1829713,35672608
1737677c33f5,1bca8a041ef1,20,1685254990424,38703,85065887,460,1829713,35672608
1737677c33f5,1bca8a041ef1,2,1685256183695,38703,85065887,460,1829713,35672608
1737677c33f5,1bca8a041ef1,18,1685256183700,38703,85065887,460,1829713,35672608
1737677c33f5,1bca8a041ef1,36,1685256183746,38703,85065887,460,1829713,35672608
1737677c33f5,1bca8a041ef1,39,1685256183771,38703,85065887,460,1829713,35672608
1737677c33f5,1bca8a041ef1,20,1685256193647,38703,85065887,460,1829713,35672608
1737677c33f5,1bca8a041ef1,4,1685256236515,38703,85065887,460,1829713,35672608
1737677c33f5,1bca8a041ef1,2,1685256237460,38703,85065887,460,1829713,35672608
1737677c33f5,1bca8a041ef1,18,1685256237464,38703,85065887,460,1829713,35672608
1737677c33f5,1bca8a041ef1,36,1685256237511,38703,85065887,460,1829713,35672608
1737677c33f5,1bca8a041ef1,39,1685256386858,38703,85065887,460,1829713,35672608
1737677c33f5,1bca8a041ef1,20,1685256396663,38703,85065887,460,1829713,35672608
1737677c33f5,1bca8a041ef1,2,1685256436586,38703,85065887,460,1829713,35672608
1737677c33f5,1bca8a041ef1,36,1685256436636,38703,85065887,460,1829713,35672608
1737677c33f5,1bca8a041ef1,39,1685256436667,38703,85065887,460,1829713,35672608
1737677c33f5,1bca8a041ef1,20,1685256446552,38703,85065887,460,1829713,35672608
1737677c33f5,1bca8a041ef1,4,1685256987893,38703,85065887,460,1829713,35672608
1737677c33f5,1bca8a041ef1,2,1685256988821,38703,85065887,460,1829713,35672608
1737677c33f5,1bca8a041ef1,18,1685256988825,38703,85065887,460,1829713,35672608
1737677c33f5,1bca8a041ef1,36,1685256988871,38703,85065887,460,1829713,35672608
1737677c33f5,1bca8a041ef1,39,1685256988902,38703,85065887,460,1829713,35672608
1737677c33f5,1bca8a041ef1,2,1685257531865,38703,85065887,460,1829713,35672608
1737677c33f5,1bca8a041ef1,36,1685257531921,38703,85065887,460,1829713,35672608
1737677c33f5,1bca8a041ef1,39,1685257531953,38703,85065887,460,1829713,35672608
1737677c33f5,1bca8a041ef1,36,1685257590476,38703,85065881,460,1829713,35672608
1737677c33f5,1bca8a041ef1,39,1685257590501,38703,85065881,460,1829713,35672608
1737677c33f5,1bca8a041ef1,20,1685257600367,38703,85065881,460,1829713,35672608
1737677c33f5,1bca8a041ef1,4,1685258191511,38703,85065891,460,1829713,35672608
1737677c33f5,1bca8a041ef1,2,1685258192023,38703,85065891,460,1829713,35672608
1737677c33f5,1bca8a041ef1,18,1685258192025,38703,85065891,460,1829713,35672608
1737677c33f5,1bca8a041ef1,36,1685258192078,38703,85065891,460,1829713,35672608
1737677c33f5,1bca8a041ef1,4,1685258793247,38703,85065887,460,1829713,35672608
1737677c33f5,1bca8a041ef1,18,1685258793628,38703,85065887,460,1829713,35672608
1737677c33f5,1bca8a041ef1,36,1685258793675,38703,85065887,460,1829713,35672608
1737677c33f5,1bca8a041ef1,2,1685259365534,38703,85065887,460,1829713,35672608
1737677c33f5,1bca8a041ef1,18,1685259365538,38703,85065887,460,1829713,35672608
1737677c33f5,1bca8a041ef1,36,1685259365586,38703,85065887,460,1829713,35672608
1737677c33f5,1bca8a041ef1,39,1685259365611,38703,85065887,460,1829713,35672608
1737677c33f5,1bca8a041ef1,2,1685259469104,38703,85065887,460,1829713,35672608
1737677c33f5,1bca8a041ef1,18,1685259469107,38703,85065887,460,1829713,35672608
1737677c33f5,1bca8a041ef1,36,1685259469156,38703,85065887,460,1829713,35672608
1737677c33f5,1bca8a041ef1,39,1685259469185,38703,85065887,460,1829713,35672608
1737677c33f5,1bca8a041ef1,20,1685259478992,38703,85065887,460,1829713,35672608
1737677c33f5,1bca8a041ef1,4,1685259967337,38703,85065887,460,1829713,35672608
1737677c33f5,1bca8a041ef1,2,1685259968654,38703,85065887,460,1829713,35672608
1737677c33f5,1bca8a041ef1,39,1685259968740,38703,85065887,460,1829713,35672608
1737677c33f5,1bca8a041ef1,20,1685259978584,38703,85065887,460,1829713,35672608
1737677c33f5,1bca8a041ef1,2,1685260532392,38703,85065881,460,1829713,35672608
1737677c33f5,1bca8a041ef1,18,1685260532394,38703,85065881,460,1829713,35672608
1737677c33f5,1bca8a041ef1,36,1685260532452,38703,85065881,460,1829713,35672608
1737677c33f5,1bca8a041ef1,39,1685260532482,38703,85065881,460,1829713,35672608
1737677c33f5,1bca8a041ef1,20,1685260548348,38703,85065881,460,1829713,35672608
1737677c33f5,1bca8a041ef1,4,1685260569921,38703,85065887,460,1829713,35672608
1737677c33f5,1bca8a041ef1,18,1685260570295,38703,85065887,460,1829713,35672608
1737677c33f5,1bca8a041ef1,39,1685260570370,38703,85065887,460,1829713,35672608
1737677c33f5,1bca8a041ef1,18,1685260609942,38703,85065887,460,1829713,35672608
1737677c33f5,1bca8a041ef1,39,1685260610021,38703,85065887,460,1829713,35672608
1737677c33f5,1bca8a041ef1,20,1685260625818,38703,85065887,460,1829713,35672608
1737677c33f5,1bca8a041ef1,4,1685261216429,38703,85065887,460,1829713,35672608
1737677c33f5,1bca8a041ef1,2,1685261216659,38703,85065887,460,1829713,35672608
1737677c33f5,1bca8a041ef1,18,1685261216664,38703,85065887,460,1829713,35672608
1737677c33f5,1bca8a041ef1,36,1685261216710,38703,85065887,460,1829713,35672608
1737677c33f5,1bca8a041ef1,20,1685261226628,38703,85065887,460,1829713,35672608
1737677c33f5,1bca8a041ef1,4,1685261818117,38703,85065887,460,1829713,35672608
1737677c33f5,1bca8a041ef1,36,1685261818304,38703,85065887,460,1829713,35672608
1737677c33f5,1bca8a041ef1,20,1685261828144,38703,85065887,460,1829713,35672608
1737677c33f5,1bca8a041ef1,4,1685262418850,38703,85065887,460,1829713,35672608
1737677c33f5,1bca8a041ef1,36,1685262419916,38703,85065887,460,1829713,35672608
1737677c33f5,1bca8a041ef1,20,1685262429806,38703,85065887,460,1829713,35672608
1737677c33f5,1bca8a041ef1,2,1685262501303,38703,85065887,460,1829713,35672608
1737677c33f5,1bca8a041ef1,39,1685262501384,38703,85065887,460,1829713,35672608
1737677c33f5,1bca8a041ef1,2,1685262935704,38703,85065887,460,1829713,35672608
1737677c33f5,1bca8a041ef1,36,1685262935763,38703,85065887,460,1829713,35672608
1737677c33f5,1bca8a041ef1,20,1685262947663,38703,85065887,460,1829713,35672608
1737677c33f5,1bca8a041ef1,2,1685263022741,38703,85065887,460,1829713,35672608
1737677c33f5,1bca8a041ef1,18,1685263022745,38703,85065887,460,1829713,35672608
1737677c33f5,1bca8a041ef1,36,1685263022797,38703,85065887,460,1829713,35672608
1737677c33f5,1bca8a041ef1,39,1685263022826,38703,85065887,460,1829713,35672608
1737677c33f5,1bca8a041ef1,20,1685263032667,38703,85065887,460,1829713,35672608
1737677c33f5,1bca8a041ef1,18,1685263532568,38703,85065887,460,1829713,35672608
1737677c33f5,1bca8a041ef1,36,1685263532614,38703,85065887,460,1829713,35672608
1737677c33f5,1bca8a041ef1,4,1685263743226,38703,85065887,460,1829713,35672608
1737677c33f5,1bca8a041ef1,39,1685263743471,38703,85065887,460,1829713,35672608
1737677c33f5,1bca8a041ef1,20,1685263753322,38703,85065887,460,1829713,35672608
1737677c33f5,1bca8a041ef1,4,1685264569455,38703,85065887,460,1829713,35672608
1737677c33f5,1bca8a041ef1,36,1685264570313,38703,85065887,460,1829713,35672608
1737677c33f5,1bca8a041ef1,39,1685264570343,38703,85065887,460,1829713,35672608
1737677c33f5,1bca8a041ef1,20,1685264580148,38703,85065887,460,1829713,35672608
1737677c33f5,1bca8a041ef1,4,1685265522540,38703,85065887,460,1829713,35672608
1737677c33f5,1bca8a041ef1,2,1685265523873,38703,85065887,460,1829713,35672608
1737677c33f5,1bca8a041ef1,36,1685265523923,38703,85065887,460,1829713,35672608
1737677c33f5,1bca8a041ef1,2,1685266468618,38703,85065887,460,1829713,35672608
1737677c33f5,1bca8a041ef1,36,1685266468668,38703,85065887,460,1829713,35672608
1737677c33f5,1bca8a041ef1,20,1685266484542,38703,85065887,460,1829713,35672608
1737677c33f5,1bca8a041ef1,4,1685266488154,38703,85065887,460,1829713,35672608
1737677c33f5,1bca8a041ef1,2,1685266488977,38703,85065887,460,1829713,35672608
1737677c33f5,1bca8a041ef1,18,1685266488981,38703,85065887,460,1829713,35672608
1737677c33f5,1bca8a041ef1,36,1685266489028,38703,85065887,460,1829713,35672608
1737677c33f5,1bca8a041ef1,39,1685266489063,38703,85065887,460,1829713,35672608
1737677c33f5,1bca8a041ef1,20,1685266498919,38703,85065887,460,1829713,35672608
1737677c33f5,1bca8a041ef1,4,1685266605782,38703,85065887,460,1829713,35672608
1737677c33f5,1bca8a041ef1,2,1685266606747,38703,85065887,460,1829713,35672608
1737677c33f5,1bca8a041ef1,18,1685266606753,38703,85065887,460,1829713,35672608
1737677c33f5,1bca8a041ef1,36,1685266606805,38703,85065887,460,1829713,35672608
1737677c33f5,1bca8a041ef1,39,1685266606833,38703,85065887,460,1829713,35672608
1737677c33f5,1bca8a041ef1,20,1685266616631,38703,85065887,460,1829713,35672608
1737677c33f5,1bca8a041ef1,2,1685267719573,38703,85065887,460,1829713,35672608
1737677c33f5,1bca8a041ef1,18,1685267719576,38703,85065887,460,1829713,35672608
1737677c33f5,1bca8a041ef1,39,1685267719652,38703,85065887,460,1829713,35672608
1737677c33f5,1bca8a041ef1,20,1685267729551,38703,85065887,460,1829713,35672608
1737677c33f5,1bca8a041ef1,2,1685268565569,38703,85065887,460,1829713,35672608
1737677c33f5,1bca8a041ef1,18,1685268565573,38703,85065887,460,1829713,35672608
1737677c33f5,1bca8a041ef1,36,1685268565624,38703,85065887,460,1829713,35672608
1737677c33f5,1bca8a041ef1,39,1685268565654,38703,85065887,460,1829713,35672608
1737677c33f5,1bca8a041ef1,20,1685268575530,38703,85065887,460,1829713,35672608
1737677c33f5,1bca8a041ef1,2,1685268776332,38703,85065887,460,1829713,35672608
1737677c33f5,1bca8a041ef1,18,1685268776336,38703,85065887,460,1829713,35672608
1737677c33f5,1bca8a041ef1,36,1685268776401,38703,85065887,460,1829713,35672608
1737677c33f5,1bca8a041ef1,39,1685268776452,38703,85065887,460,1829713,35672608
1737677c33f5,1bca8a041ef1,20,1685268786266,38703,85065887,460,1829713,35672608
1737677c33f5,1bca8a041ef1,4,1685268801603,38703,85065887,460,1829713,35672608
1737677c33f5,1bca8a041ef1,18,1685268801945,38703,85065887,460,1829713,35672608
1737677c33f5,1bca8a041ef1,20,1685268811916,38703,85065887,460,1829713,35672608
1737677c33f5,1bca8a041ef1,2,1685269469832,38703,85065887,460,1829713,35672608
1737677c33f5,1bca8a041ef1,18,1685269469836,38703,85065887,460,1829713,35672608
1737677c33f5,1bca8a041ef1,36,1685269469882,38703,85065887,460,1829713,35672608
1737677c33f5,1bca8a041ef1,20,1685269485729,38703,85065887,460,1829713,35672608
1737677c33f5,1bca8a041ef1,18,1685270021782,38703,85065887,460,1829713,35672608
1737677c33f5,1bca8a041ef1,36,1685270021830,38703,85065887,460,1829713,35672608
1737677c33f5,1bca8a041ef1,39,1685270021860,38703,85065887,460,1829713,35672608
1737677c33f5,1bca8a041ef1,18,1685271249299,38703,85065887,460,1829713,35672608
1737677c33f5,1bca8a041ef1,39,1685271249377,38703,85065887,460,1829713,35672608
1737677c33f5,1bca8a041ef1,20,1685271265268,38703,85065887,460,1829713,35672608
1737677c33f5,1bca8a041ef1,2,1685271598067,38703,85065887,460,1829713,35672608
1737677c33f5,1bca8a041ef1,18,1685271598071,38703,85065887,460,1829713,35672608
1737677c33f5,1bca8a041ef1,36,1685271598117,38703,85065887,460,1829713,35672608
1737677c33f5,1bca8a041ef1,2,1685272457631,38703,85065887,460,1829713,35672608
1737677c33f5,1bca8a041ef1,18,1685272457636,38703,85065887,460,1829713,35672608
1737677c33f5,1bca8a041ef1,36,1685272457682,38703,85065887,460,1829713,35672608
1737677c33f5,1bca8a041ef1,39,1685272457712,38703,85065887,460,1829713,35672608
1737677c33f5,1bca8a041ef1,20,1685272473594,38703,85065887,460,1829713,35672608
1737677c33f5,1bca8a041ef1,20,1685273493674,38703,85065887,460,1829713,35672608
1737677c33f5,1bca8a041ef1,36,1685274610730,38703,85065887,460,1829713,35672608
1737677c33f5,1bca8a041ef1,20,1685274620586,38703,85065887,460,1829713,35672608
1737677c33f5,1bca8a041ef1,2,1685274630260,38703,85065887,460,1829713,35672608
1737677c33f5,1bca8a041ef1,18,1685274630265,38703,85065887,460,1829713,35672608
1737677c33f5,1bca8a041ef1,39,1685274630339,38703,85065887,460,1829713,35672608
1737677c33f5,1bca8a041ef1,20,1685274640144,38703,85065887,460,1829713,35672608
1737677c33f5,1bca8a041ef1,2,1685274972249,38703,85065887,460,1829713,35672608
1737677c33f5,1bca8a041ef1,36,1685274972300,38703,85065887,460,1829713,35672608
1737677c33f5,1bca8a041ef1,20,1685274982210,38703,85065887,460,1829713,35672608
1737677c33f5,1bca8a041ef1,2,1685275455595,38703,85065887,460,1829713,35672608
1737677c33f5,1bca8a041ef1,18,1685275455598,38703,85065887,460,1829713,35672608
1737677c33f5,1bca8a041ef1,36,1685275455645,38703,85065887,460,1829713,35672608
1737677c33f5,1bca8a041ef1,39,1685275455669,38703,85065887,460,1829713,35672608
1737677c33f5,1bca8a041ef1,20,1685275471536,38703,85065887,460,1829713,35672608
1737677c33f5,1bca8a041ef1,4,1685275829828,38703,85065881,460,1829713,35672608
1737677c33f5,1bca8a041ef1,18,1685275830413,38703,85065881,460,1829713,35672608
1737677c33f5,1bca8a041ef1,36,1685275830460,38703,85065881,460,1829713,35672608
1737677c33f5,1bca8a041ef1,20,1685275840339,38703,85065881,460,1829713,35672608
1737677c33f5,1bca8a041ef1,4,1685275958226,38703,85065887,460,1829713,35672608
1737677c33f5,1bca8a041ef1,39,1685275958512,38703,85065887,460,1829713,35672608
1737677c33f5,1bca8a041ef1,20,1685275974358,38703,85065887,460,1829713,35672608
1737677c33f5,1bca8a041ef1,4,1685277182782,38703,85065887,460,1829713,35672608
1737677c33f5,1bca8a041ef1,2,1685277183374,38703,85065887,460,1829713,35672608
1737677c33f5,1bca8a041ef1,18,1685277183377,38703,85065887,460,1829713,35672608
1737677c33f5,1bca8a041ef1,36,1685277183425,38703,85065887,460,1829713,35672608
1737677c33f5,1bca8a041ef1,39,1685277183455,38703,85065887,460,1829713,35672608
1737677c33f5,1bca8a041ef1,20,1685277193286,38703,85065887,460,1829713,35672608
1737677c33f5,1bca8a041ef1,4,1685277459787,38703,85065887,460,1829713,35672608
1737677c33f5,1bca8a041ef1,2,1685277461134,38703,85065887,460,1829713,35672608
1737677c33f5,1bca8a041ef1,18,1685277461137,38703,85065887,460,1829713,35672608
1737677c33f5,1bca8a041ef1,36,1685277461184,38703,85065887,460,1829713,35672608
1737677c33f5,1bca8a041ef1,39,1685277461215,38703,85065887,460,1829713,35672608
1737677c33f5,1bca8a041ef1,2,1685277662669,38703,85065887,460,1829713,35672608
1737677c33f5,1bca8a041ef1,18,1685277662672,38703,85065887,460,1829713,35672608
1737677c33f5,1bca8a041ef1,36,1685277662721,38703,85065887,460,1829713,35672608
1737677c33f5,1bca8a041ef1,39,1685277662754,38703,85065887,460,1829713,35672608
1737677c33f5,1bca8a041ef1,20,1685277672614,38703,85065887,460,1829713,35672608
1737677c33f5,1bca8a041ef1,2,1685277986749,38703,85065887,460,1829713,35672608
1737677c33f5,1bca8a041ef1,18,1685277986752,38703,85065887,460,1829713,35672608
1737677c33f5,1bca8a041ef1,36,1685277986800,38703,85065887,460,1829713,35672608
1737677c33f5,1bca8a041ef1,39,1685277986824,38703,85065887,460,1829713,35672608
1737677c33f5,1bca8a041ef1,4,1685278133524,38703,85065887,460,1829713,35672608
1737677c33f5,1bca8a041ef1,2,1685278134439,38703,85065887,460,1829713,35672608
1737677c33f5,1bca8a041ef1,18,1685278134442,38703,85065887,460,1829713,35672608
1737677c33f5,1bca8a041ef1,39,1685278134514,38703,85065887,460,1829713,35672608
1737677c33f5,1bca8a041ef1,2,1685278455944,38703,85065887,460,1829713,35672608
1737677c33f5,1bca8a041ef1,18,1685278455946,38703,85065887,460,1829713,35672608
1737677c33f5,1bca8a041ef1,36,1685278455994,38703,85065887,460,1829713,35672608
1737677c33f5,1bca8a041ef1,20,1685278471888,38703,85065887,460,1829713,35672608
1737677c33f5,1bca8a041ef1,4,1685279359147,38703,85065887,460,1829713,35672608
1737677c33f5,1bca8a041ef1,2,1685279359369,38703,85065887,460,1829713,35672608
1737677c33f5,1bca8a041ef1,18,1685279359372,38703,85065887,460,1829713,35672608
1737677c33f5,1bca8a041ef1,36,1685279359419,38703,85065887,460,1829713,35672608
1737677c33f5,1bca8a041ef1,20,1685279369269,38703,85065887,460,1829713,35672608
1737677c33f5,1bca8a041ef1,4,1685280261979,38703,85065887,460,1829713,35672608
1737677c33f5,1bca8a041ef1,2,1685280263048,38703,85065887,460,1829713,35672608
1737677c33f5,1bca8a041ef1,18,1685280263052,38703,85065887,460,1829713,35672608
1737677c33f5,1bca8a041ef1,36,1685280263099,38703,85065887,460,1829713,35672608
1737677c33f5,1bca8a041ef1,39,1685280263124,38703,85065887,460,1829713,35672608
1737677c33f5,1bca8a041ef1,20,1685280272932,38703,85065887,460,1829713,35672608
1737677c33f5,1bca8a041ef1,2,1685280694868,38703,85065887,460,1829713,35672608
1737677c33f5,1bca8a041ef1,18,1685280694872,38703,85065887,460,1829713,35672608
1737677c33f5,1bca8a041ef1,36,1685280694919,38703,85065887,460,1829713,35672608
1737677c33f5,1bca8a041ef1,39,1685280694949,38703,85065887,460,1829713,35672608
1737677c33f5,1bca8a041ef1,20,1685280704776,38703,85065887,460,1829713,35672608
1737677c33f5,1bca8a041ef1,2,1685281030098,38703,85065887,460,1829713,35672608
1737677c33f5,1bca8a041ef1,18,1685281030101,38703,85065887,460,1829713,35672608
1737677c33f5,1bca8a041ef1,39,1685281030173,38703,85065887,460,1829713,35672608
1737677c33f5,1bca8a041ef1,20,1685281046019,38703,85065887,460,1829713,35672608
1737677c33f5,1bca8a041ef1,2,1685281343558,38703,85065887,460,1829713,35672608
1737677c33f5,1bca8a041ef1,18,1685281343562,38703,85065887,460,1829713,35672608
1737677c33f5,1bca8a041ef1,39,1685281343638,38703,85065887,460,1829713,35672608
1737677c33f5,1bca8a041ef1,2,1685281409653,38703,85065887,460,1829713,35672608
1737677c33f5,1bca8a041ef1,18,1685281409656,38703,85065887,460,1829713,35672608
1737677c33f5,1bca8a041ef1,39,1685281409734,38703,85065887,460,1829713,35672608
1737677c33f5,1bca8a041ef1,20,1685281425572,38703,85065887,460,1829713,35672608
1737677c33f5,1bca8a041ef1,4,1685282684407,38703,85065887,460,1829713,35672608
1737677c33f5,1bca8a041ef1,2,1685282684808,38703,85065887,460,1829713,35672608
1737677c33f5,1bca8a041ef1,18,1685282684811,38703,85065887,460,1829713,35672608
1737677c33f5,1bca8a041ef1,36,1685282684858,38703,85065887,460,1829713,35672608
1737677c33f5,1bca8a041ef1,39,1685282684883,38703,85065887,460,1829713,35672608
1737677c33f5,1bca8a041ef1,20,1685282694779,38703,85065887,460,1829713,35672608
1737677c33f5,1bca8a041ef1,2,1685283727712,38703,85065887,460,1829713,35672608
1737677c33f5,1bca8a041ef1,36,1685283727763,38703,85065887,460,1829713,35672608
1737677c33f5,1bca8a041ef1,39,1685283727792,38703,85065887,460,1829713,35672608
1737677c33f5,1bca8a041ef1,20,1685283737608,38703,85065887,460,1829713,35672608
1737677c33f5,1bca8a041ef1,4,1685284128440,38703,85065887,460,1829713,35672608
1737677c33f5,1bca8a041ef1,2,1685284128652,38703,85065887,460,1829713,35672608
1737677c33f5,1bca8a041ef1,18,1685284128656,38703,85065887,460,1829713,35672608
1737677c33f5,1bca8a041ef1,36,1685284128703,38703,85065887,460,1829713,35672608
1737677c33f5,1bca8a041ef1,39,1685284128727,38703,85065887,460,1829713,35672608
1737677c33f5,1bca8a041ef1,18,1685284410001,38703,85065891,460,1829713,35672608
1737677c33f5,1bca8a041ef1,36,1685284410049,38703,85065891,460,1829713,35672608
1737677c33f5,1bca8a041ef1,39,1685284410078,38703,85065891,460,1829713,35672608
1737677c33f5,1bca8a041ef1,20,1685284425946,38703,85065891,460,1829713,35672608
1737677c33f5,1bca8a041ef1,4,1685285687049,38703,85065891,460,1829713,35672608
1737677c33f5,1bca8a041ef1,2,1685285687703,38703,85065891,460,1829713,35672608
1737677c33f5,1bca8a041ef1,18,1685285687708,38703,85065891,460,1829713,35672608
1737677c33f5,1bca8a041ef1,36,1685285687754,38703,85065891,460,1829713,35672608
1737677c33f5,1bca8a041ef1,39,1685285687784,38703,85065891,460,1829713,35672608
1737677c33f5,1bca8a041ef1,20,1685285697619,38703,85065891,460,1829713,35672608
1737677c33f5,1bca8a041ef1,20,1685286205413,38703,85065891,460,1829713,35672608
1737677c33f5,1bca8a041ef1,2,1685287076553,38703,85065891,460,1829713,35672608
1737677c33f5,1bca8a041ef1,18,1685287076556,38703,85065891,460,1829713,35672608
1737677c33f5,1bca8a041ef1,36,1685287076604,38703,85065891,460,1829713,35672608
1737677c33f5,1bca8a041ef1,39,1685287076633,38703,85065891,460,1829713,35672608
1737677c33f5,1bca8a041ef1,20,1685287086485,38703,85065891,460,1829713,35672608
1737677c33f5,1bca8a041ef1,18,1685287541551,38703,85065891,460,1829713,35672608
1737677c33f5,1bca8a041ef1,36,1685287541599,38703,85065891,460,1829713,35672608
1737677c33f5,1bca8a041ef1,39,1685287541623,38703,85065891,460,1829713,35672608
1737677c33f5,1bca8a041ef1,20,1685287557448,38703,85065891,460,1829713,35672608
1737677c33f5,1bca8a041ef1,4,1685287752592,38703,85065887,460,1829713,35672608
1737677c33f5,1bca8a041ef1,2,1685287753619,38703,85065887,460,1829713,35672608
1737677c33f5,1bca8a041ef1,18,1685287753622,38703,85065887,460,1829713,35672608
1737677c33f5,1bca8a041ef1,36,1685287753668,38703,85065887,460,1829713,35672608
1737677c33f5,1bca8a041ef1,39,1685287753699,38703,85065887,460,1829713,35672608
1737677c33f5,1bca8a041ef1,20,1685287763565,38703,85065887,460,1829713,35672608
1737677c33f5,1bca8a041ef1,4,1685289420994,38703,85065887,460,1829713,35672608
1737677c33f5,1bca8a041ef1,18,1685289421452,38703,85065887,460,1829713,35672608
1737677c33f5,1bca8a041ef1,39,1685289421522,38703,85065887,460,1829713,35672608
1737677c33f5,1bca8a041ef1,20,1685289431340,38703,85065887,460,1829713,35672608
