2078dde55c72,3534a47cd317,5,1685203223042,38710,116448728,460,1722324,35363508
2078dde55c72,3534a47cd317,67,1685203223082,38710,116448728,460,1722324,35363508
2078dde55c72,3534a47cd317,5,1685206463211,38710,116448728,460,1722324,35363508
2078dde55c72,3534a47cd317,20,1685206463250,38710,116448728,460,1722324,35363508
2078dde55c72,3534a47cd317,5,1685209703376,38710,116448728,460,1722324,35363508
2078dde55c72,3534a47cd317,67,1685209703409,38710,116448728,460,1722324,35363508
2078dde55c72,3534a47cd317,20,1685209703409,38710,116448728,460,1722324,35363508
2078dde55c72,3534a47cd317,67,1685212943558,38710,116448728,460,1722324,35363508
2078dde55c72,3534a47cd317,20,1685212943558,38710,116448728,460,1722324,35363508
2078dde55c72,3534a47cd317,5,1685216183675,38710,116448728,460,1722324,35363508
2078dde55c72,3534a47cd317,2,1685217435500,38710,116448728,460,1722324,35363508
2078dde55c72,3534a47cd317,18,1685217435504,38710,116448728,460,1722324,35363508
2078dde55c72,3534a47cd317,7,1685217435560,38710,116448728,460,1722324,35363508
2078dde55c72,3534a47cd317,41,1685217435805,38710,116448728,460,1722324,35363508
2078dde55c72,3534a47cd317,8,1685217435880,38710,116448728,460,1722324,35363508
2078dde55c72,3534a47cd317,21,1685217435947,38710,116448728,460,1722324,35363508
2078dde55c72,3534a47cd317,11,1685217435947,38710,116448728,460,1722324,35363508
2078dde55c72,3534a47cd317,20,1685217445454,38710,116448728,460,1722324,35363508
2078dde55c72,3534a47cd317,5,1685220631399,38839,85121177,460,1722324,35363508
2078dde55c72,3534a47cd317,20,1685220631432,38839,85121177,460,1722324,35363508
2078dde55c72,3534a47cd317,5,1685223871553,38710,116448728,460,1722324,35363508
2078dde55c72,3534a47cd317,20,1685223871596,38710,116448728,460,1722324,35363508
2078dde55c72,3534a47cd317,67,1685223871596,38710,116448728,460,1722324,35363508
2078dde55c72,3534a47cd317,2,1685239126139,38710,116448728,460,1722324,35363508
2078dde55c72,3534a47cd317,18,1685239126141,38710,116448728,460,1722324,35363508
2078dde55c72,3534a47cd317,7,1685239126209,38710,116448728,460,1722324,35363508
2078dde55c72,3534a47cd317,39,1685239126209,38710,116448728,460,1722324,35363508
2078dde55c72,3534a47cd317,34,1685239126413,38710,116448728,460,1722324,35363508
2078dde55c72,3534a47cd317,21,1685239126526,38710,116448728,460,1722324,35363508
2078dde55c72,3534a47cd317,11,1685239126526,38710,116448728,460,1722324,35363508
2078dde55c72,3534a47cd317,20,1685239140109,38710,116448728,460,1722324,35363508
2078dde55c72,3534a47cd317,2,1685239754569,38710,116448728,460,1722324,35363508
2078dde55c72,3534a47cd317,18,1685239754573,38710,116448728,460,1722324,35363508
2078dde55c72,3534a47cd317,36,1685239754604,38710,116448728,460,1722324,35363508
2078dde55c72,3534a47cd317,7,1685239761799,38710,116448728,460,1722324,35363508
2078dde55c72,3534a47cd317,41,1685239762025,38710,116448728,460,1722324,35363508
2078dde55c72,3534a47cd317,34,1685239762025,38710,116448728,460,1722324,35363508
2078dde55c72,3534a47cd317,20,1685239772482,38710,116448728,460,1722324,35363508
2078dde55c72,3534a47cd317,2,1685239782219,38710,85026203,460,1722324,35363508
2078dde55c72,3534a47cd317,18,1685239782222,38710,85026203,460,1722324,35363508
2078dde55c72,3534a47cd317,36,1685239782254,38710,85026203,460,1722324,35363508
2078dde55c72,3534a47cd317,39,1685239782289,38710,85026203,460,1722324,35363508
2078dde55c72,3534a47cd317,8,1685239782298,38710,85026203,460,1722324,35363508
2078dde55c72,3534a47cd317,11,1685239782419,38710,85026203,460,1722324,35363508
2078dde55c72,3534a47cd317,14,1685239784019,38839,161576733,460,1722324,35363508
2078dde55c72,3534a47cd317,7,1685239785279,38839,161576733,460,1722324,35363508
2078dde55c72,3534a47cd317,41,1685239785433,38839,161576733,460,1722324,35363508
2078dde55c72,3534a47cd317,34,1685239785433,38839,161576733,460,1722324,35363508
2078dde55c72,3534a47cd317,39,1685239785908,38710,116448728,460,1722324,35363508
2078dde55c72,3534a47cd317,2,1685239806809,38710,116448728,460,1722324,35363508
2078dde55c72,3534a47cd317,39,1685239806874,38710,116448728,460,1722324,35363508
2078dde55c72,3534a47cd317,8,1685239806874,38710,116448728,460,1722324,35363508
2078dde55c72,3534a47cd317,21,1685239807005,38710,116448728,460,1722324,35363508
2078dde55c72,3534a47cd317,7,1685239812539,38710,116448728,460,1722324,35363508
2078dde55c72,3534a47cd317,41,1685239812725,38710,116448728,460,1722324,35363508
2078dde55c72,3534a47cd317,34,1685239812725,38710,116448728,460,1722324,35363508
2078dde55c72,3534a47cd317,20,1685239867757,38710,116448728,460,1722324,35363508
2078dde55c72,3534a47cd317,4,1685239897581,38710,116448728,460,1722324,35363508
2078dde55c72,3534a47cd317,2,1685239898619,38710,116448728,460,1722324,35363508
2078dde55c72,3534a47cd317,18,1685239898621,38710,116448728,460,1722324,35363508
2078dde55c72,3534a47cd317,20,1685239923592,38710,116448728,460,1722324,35363508
2078dde55c72,3534a47cd317,4,1685240060158,38710,116448728,460,1722324,35363508
2078dde55c72,3534a47cd317,4,1685240074160,38710,116448728,460,1722324,35363508
2078dde55c72,3534a47cd317,36,1685240075259,38710,116448728,460,1722324,35363508
2078dde55c72,3534a47cd317,4,1685240433007,38710,116448728,460,1722324,35363508
2078dde55c72,3534a47cd317,2,1685240433623,38710,116448728,460,1722324,35363508
2078dde55c72,3534a47cd317,18,1685240433627,38710,116448728,460,1722324,35363508
2078dde55c72,3534a47cd317,36,1685240433663,38710,116448728,460,1722324,35363508
2078dde55c72,3534a47cd317,39,1685240433689,38710,116448728,460,1722324,35363508
2078dde55c72,3534a47cd317,18,1685240749782,38710,116448728,460,1722324,35363508
2078dde55c72,3534a47cd317,36,1685240749818,38710,116448728,460,1722324,35363508
2078dde55c72,3534a47cd317,39,1685240749848,38710,116448728,460,1722324,35363508
2078dde55c72,3534a47cd317,20,1685240759697,38710,116448728,460,1722324,35363508
2078dde55c72,3534a47cd317,18,1685241593546,38710,116448728,460,1722324,35363508
2078dde55c72,3534a47cd317,36,1685241593583,38710,116448728,460,1722324,35363508
2078dde55c72,3534a47cd317,7,1685241593618,38710,116448728,460,1722324,35363508
2078dde55c72,3534a47cd317,39,1685241593618,38710,116448728,460,1722324,35363508
2078dde55c72,3534a47cd317,21,1685241593911,38710,116448728,460,1722324,35363508
2078dde55c72,3534a47cd317,41,1685241600783,38710,116448728,460,1722324,35363508
2078dde55c72,3534a47cd317,2,1685241613623,38710,116448728,460,1722324,35363508
2078dde55c72,3534a47cd317,36,1685241613659,38710,116448728,460,1722324,35363508
2078dde55c72,3534a47cd317,39,1685241613683,38710,116448728,460,1722324,35363508
2078dde55c72,3534a47cd317,8,1685241639913,38710,116448728,460,1722324,35363508
2078dde55c72,3534a47cd317,11,1685241639954,38710,116448728,460,1722324,35363508
2078dde55c72,3534a47cd317,34,1685241643038,38710,116448728,460,1722324,35363508
2078dde55c72,3534a47cd317,41,1685241643038,38710,116448728,460,1722324,35363508
2078dde55c72,3534a47cd317,14,1685241706619,38710,161662234,460,1722324,35363508
2078dde55c72,3534a47cd317,39,1685241706691,38710,161662234,460,1722324,35363508
2078dde55c72,3534a47cd317,14,1685241773141,38839,161576729,460,1722324,35363508
2078dde55c72,3534a47cd317,39,1685241773213,38839,161576729,460,1722324,35363508
2078dde55c72,3534a47cd317,14,1685241791938,38839,85039512,460,1722324,35363508
2078dde55c72,3534a47cd317,39,1685241792014,38839,85039512,460,1722324,35363508
2078dde55c72,3534a47cd317,14,1685241820059,38839,85581210,460,1722324,35363508
2078dde55c72,3534a47cd317,39,1685241820129,38839,85581210,460,1722324,35363508
2078dde55c72,3534a47cd317,14,1685241822858,38839,85039512,460,1722324,35363508
2078dde55c72,3534a47cd317,39,1685241822929,38839,85039512,460,1722324,35363508
2078dde55c72,3534a47cd317,14,1685241827418,38839,161576729,460,1722324,35363508
2078dde55c72,3534a47cd317,39,1685241827493,38839,161576729,460,1722324,35363508
2078dde55c72,3534a47cd317,39,1685241828971,38839,85039512,460,1722324,35363508
2078dde55c72,3534a47cd317,39,1685241863762,38710,161662234,460,1722324,35363508
2078dde55c72,3534a47cd317,14,1685242105588,38710,161913368,460,1722324,35363508
2078dde55c72,3534a47cd317,14,1685242113688,38710,161967128,460,1722324,35363508
2078dde55c72,3534a47cd317,39,1685242144870,38710,162107420,460,1722324,35363508
2078dde55c72,3534a47cd317,14,1685242174383,38710,250850650,460,1722324,35363508
2078dde55c72,3534a47cd317,39,1685242174455,38710,250850650,460,1722324,35363508
2078dde55c72,3534a47cd317,14,1685242181903,38710,250760537,460,1722324,35363508
2078dde55c72,3534a47cd317,39,1685242181975,38710,250760537,460,1722324,35363508
2078dde55c72,3534a47cd317,14,1685242182324,38710,250850648,460,1722324,35363508
2078dde55c72,3534a47cd317,14,1685242201722,38710,116421854,460,1722324,35363508
2078dde55c72,3534a47cd317,39,1685242206078,38842,251463011,460,1722324,35363508
2078dde55c72,3534a47cd317,39,1685242216017,38710,250850648,460,1722324,35363508
2078dde55c72,3534a47cd317,14,1685242223677,38842,251463012,460,1722324,35363508
2078dde55c72,3534a47cd317,39,1685242223748,38842,251463012,460,1722324,35363508
2078dde55c72,3534a47cd317,14,1685242225278,38710,250850648,460,1722324,35363508
2078dde55c72,3534a47cd317,5,1685242225349,38710,250850648,460,1722324,35363508
2078dde55c72,3534a47cd317,39,1685242225351,38710,250850648,460,1722324,35363508
2078dde55c72,3534a47cd317,5,1685242227664,38842,250770265,460,1722324,35363508
2078dde55c72,3534a47cd317,39,1685242227665,38842,250770265,460,1722324,35363508
2078dde55c72,3534a47cd317,39,1685242230179,38710,250850648,460,1722324,35363508
2078dde55c72,3534a47cd317,39,1685242231846,38842,250770265,460,1722324,35363508
2078dde55c72,3534a47cd317,39,1685242259786,38842,250748505,460,1722324,35363508
2078dde55c72,3534a47cd317,5,1685242261457,38710,250850648,460,1722324,35363508
2078dde55c72,3534a47cd317,39,1685242261458,38710,250850648,460,1722324,35363508
2078dde55c72,3534a47cd317,14,1685242262023,38842,250748505,460,1722324,35363508
2078dde55c72,3534a47cd317,5,1685242262098,38842,250748505,460,1722324,35363508
2078dde55c72,3534a47cd317,39,1685242263533,38842,251463012,460,1722324,35363508
2078dde55c72,3534a47cd317,14,1685242269142,38710,250850648,460,1722324,35363508
2078dde55c72,3534a47cd317,39,1685242269217,38710,250850648,460,1722324,35363508
2078dde55c72,3534a47cd317,14,1685242271365,38842,250801498,460,1722324,35363508
2078dde55c72,3534a47cd317,5,1685242271441,38842,250801498,460,1722324,35363508
2078dde55c72,3534a47cd317,39,1685242271443,38842,250801498,460,1722324,35363508
2078dde55c72,3534a47cd317,14,1685242271748,38842,250748505,460,1722324,35363508
2078dde55c72,3534a47cd317,39,1685242271820,38842,250748505,460,1722324,35363508
2078dde55c72,3534a47cd317,39,1685242285102,38842,250748506,460,1722324,35363508
2078dde55c72,3534a47cd317,39,1685242333180,38842,161498406,460,1722324,35363508
2078dde55c72,3534a47cd317,39,1685242362631,38842,161498406,460,1722324,35363508
2078dde55c72,3534a47cd317,39,1685242379190,38842,250748506,460,1722324,35363508
2078dde55c72,3534a47cd317,14,1685242381633,38842,161498406,460,1722324,35363508
2078dde55c72,3534a47cd317,39,1685242402714,38842,161498405,460,1722324,35363508
2078dde55c72,3534a47cd317,39,1685242408471,38842,161498405,460,1722324,35363508
2078dde55c72,3534a47cd317,39,1685242417420,38842,161498406,460,1722324,35363508
2078dde55c72,3534a47cd317,39,1685242424503,38842,161498406,460,1722324,35363508
2078dde55c72,3534a47cd317,39,1685242433604,38842,161498408,460,1722324,35363508
2078dde55c72,3534a47cd317,39,1685242448356,38842,161573154,460,1722324,35363508
2078dde55c72,3534a47cd317,14,1685242448982,38706,116477919,460,1722324,35363508
2078dde55c72,3534a47cd317,5,1685242449053,38706,116477919,460,1722324,35363508
2078dde55c72,3534a47cd317,39,1685242449054,38706,116477919,460,1722324,35363508
2078dde55c72,3534a47cd317,5,1685242451636,38842,161573154,460,1722324,35363508
2078dde55c72,3534a47cd317,39,1685242451638,38842,161573154,460,1722324,35363508
2078dde55c72,3534a47cd317,39,1685242454345,38842,116401624,460,1722324,35363508
2078dde55c72,3534a47cd317,14,1685242458595,38842,161573159,460,1722324,35363508
2078dde55c72,3534a47cd317,39,1685242491870,38842,116401624,460,1722324,35363508
2078dde55c72,3534a47cd317,14,1685242493233,38842,161573159,460,1722324,35363508
2078dde55c72,3534a47cd317,14,1685242513118,38842,116401624,460,1722324,35363508
2078dde55c72,3534a47cd317,14,1685242514592,38706,116477919,460,1722324,35363508
2078dde55c72,3534a47cd317,39,1685242514665,38706,116477919,460,1722324,35363508
2078dde55c72,3534a47cd317,14,1685242524838,38842,161498406,460,1722324,35363508
2078dde55c72,3534a47cd317,39,1685242524910,38842,161498406,460,1722324,35363508
2078dde55c72,3534a47cd317,5,1685242524910,38842,161498406,460,1722324,35363508
2078dde55c72,3534a47cd317,39,1685242539214,38842,161498405,460,1722324,35363508
2078dde55c72,3534a47cd317,39,1685242551229,38842,161498406,460,1722324,35363508
2078dde55c72,3534a47cd317,39,1685242551639,38842,161498405,460,1722324,35363508
2078dde55c72,3534a47cd317,39,1685242563191,38842,250748506,460,1722324,35363508
2078dde55c72,3534a47cd317,39,1685242640219,38842,161498407,460,1722324,35363508
2078dde55c72,3534a47cd317,39,1685242653188,38842,250748505,460,1722324,35363508
2078dde55c72,3534a47cd317,39,1685242682438,38842,251463012,460,1722324,35363508
2078dde55c72,3534a47cd317,14,1685242691183,38842,250748505,460,1722324,35363508
2078dde55c72,3534a47cd317,14,1685242694753,38842,250748505,460,1722324,35363508
2078dde55c72,3534a47cd317,14,1685242696439,38842,251568728,460,1722324,35363508
2078dde55c72,3534a47cd317,39,1685242701466,38842,85261469,460,1722324,35363508
2078dde55c72,3534a47cd317,14,1685242704960,38842,250801498,460,1722324,35363508
2078dde55c72,3534a47cd317,39,1685242705038,38842,250801498,460,1722324,35363508
2078dde55c72,3534a47cd317,14,1685242710303,38842,85261469,460,1722324,35363508
2078dde55c72,3534a47cd317,39,1685242710377,38842,85261469,460,1722324,35363508
2078dde55c72,3534a47cd317,14,1685242713953,38842,161498407,460,1722324,35363508
2078dde55c72,3534a47cd317,39,1685242714026,38842,161498407,460,1722324,35363508
2078dde55c72,3534a47cd317,39,1685242723026,38842,85261469,460,1722324,35363508
2078dde55c72,3534a47cd317,14,1685242724595,38842,161498407,460,1722324,35363508
2078dde55c72,3534a47cd317,39,1685242724670,38842,161498407,460,1722324,35363508
2078dde55c72,3534a47cd317,14,1685242725164,38842,250801498,460,1722324,35363508
2078dde55c72,3534a47cd317,14,1685242726393,38842,85261469,460,1722324,35363508
2078dde55c72,3534a47cd317,39,1685242726465,38842,85261469,460,1722324,35363508
2078dde55c72,3534a47cd317,14,1685242728275,38842,250801498,460,1722324,35363508
2078dde55c72,3534a47cd317,39,1685242728349,38842,250801498,460,1722324,35363508
2078dde55c72,3534a47cd317,14,1685242730228,38842,250770264,460,1722324,35363508
2078dde55c72,3534a47cd317,39,1685242730300,38842,250770264,460,1722324,35363508
2078dde55c72,3534a47cd317,39,1685242733301,38842,250801498,460,1722324,35363508
2078dde55c72,3534a47cd317,14,1685242761098,38842,162108445,460,1722324,35363508
2078dde55c72,3534a47cd317,39,1685242761170,38842,162108445,460,1722324,35363508
2078dde55c72,3534a47cd317,14,1685242822605,38842,250801496,460,1722324,35363508
2078dde55c72,3534a47cd317,39,1685242822680,38842,250801496,460,1722324,35363508
2078dde55c72,3534a47cd317,39,1685242825021,38842,162108445,460,1722324,35363508
2078dde55c72,3534a47cd317,39,1685242830441,38842,162108196,460,1722324,35363508
2078dde55c72,3534a47cd317,14,1685242832683,38842,162108196,460,1722324,35363508
2078dde55c72,3534a47cd317,39,1685242832755,38842,162108196,460,1722324,35363508
2078dde55c72,3534a47cd317,39,1685242837236,38842,162108196,460,1722324,35363508
2078dde55c72,3534a47cd317,14,1685242840508,38842,162108445,460,1722324,35363508
2078dde55c72,3534a47cd317,39,1685242841216,38842,250670946,460,1722324,35363508
2078dde55c72,3534a47cd317,39,1685242842185,38842,162108445,460,1722324,35363508
2078dde55c72,3534a47cd317,39,1685242845721,38842,162108196,460,1722324,35363508
2078dde55c72,3534a47cd317,14,1685242846423,38842,162108445,460,1722324,35363508
2078dde55c72,3534a47cd317,39,1685242846494,38842,162108445,460,1722324,35363508
2078dde55c72,3534a47cd317,14,1685242847764,38842,250801496,460,1722324,35363508
2078dde55c72,3534a47cd317,39,1685242847841,38842,250801496,460,1722324,35363508
2078dde55c72,3534a47cd317,39,1685242849754,38842,251528024,460,1722324,35363508
2078dde55c72,3534a47cd317,14,1685242854098,38842,162108196,460,1722324,35363508
2078dde55c72,3534a47cd317,39,1685242854173,38842,162108196,460,1722324,35363508
2078dde55c72,3534a47cd317,39,1685242855913,38842,250801496,460,1722324,35363508
2078dde55c72,3534a47cd317,14,1685242869748,38842,161597980,460,1722324,35363508
2078dde55c72,3534a47cd317,39,1685242869820,38842,161597980,460,1722324,35363508
2078dde55c72,3534a47cd317,14,1685242886032,38842,85664156,460,1722324,35363508
2078dde55c72,3534a47cd317,5,1685242886803,38696,250762584,460,1722324,35363508
2078dde55c72,3534a47cd317,14,1685242887279,38842,85664156,460,1722324,35363508
2078dde55c72,3534a47cd317,39,1685242887350,38842,85664156,460,1722324,35363508
2078dde55c72,3534a47cd317,39,1685242890072,38842,161597981,460,1722324,35363508
2078dde55c72,3534a47cd317,39,1685242890747,38706,117402332,460,1722324,35363508
2078dde55c72,3534a47cd317,39,1685242892367,38706,117402331,460,1722324,35363508
2078dde55c72,3534a47cd317,39,1685242894938,38706,117402331,460,1722324,35363508
2078dde55c72,3534a47cd317,39,1685242895507,38842,85664156,460,1722324,35363508
2078dde55c72,3534a47cd317,14,1685242911089,38842,161597981,460,1722324,35363508
2078dde55c72,3534a47cd317,39,1685242911162,38842,161597981,460,1722324,35363508
2078dde55c72,3534a47cd317,39,1685242912881,38842,250670946,460,1722324,35363508
2078dde55c72,3534a47cd317,39,1685242954577,38842,117393880,460,1722324,35363508
2078dde55c72,3534a47cd317,5,1685242956215,38706,85078940,460,1722324,35363508
2078dde55c72,3534a47cd317,39,1685242965441,38706,161523996,460,1722324,35363508
2078dde55c72,3534a47cd317,14,1685242966113,38706,85078940,460,1722324,35363508
2078dde55c72,3534a47cd317,14,1685242969958,38706,161523996,460,1722324,35363508
2078dde55c72,3534a47cd317,39,1685242970031,38706,161523996,460,1722324,35363508
2078dde55c72,3534a47cd317,14,1685242974343,38696,250845016,460,1722324,35363508
2078dde55c72,3534a47cd317,39,1685242974415,38696,250845016,460,1722324,35363508
2078dde55c72,3534a47cd317,14,1685242977310,38706,85078940,460,1722324,35363508
2078dde55c72,3534a47cd317,5,1685242977381,38706,85078940,460,1722324,35363508
2078dde55c72,3534a47cd317,39,1685242977381,38706,85078940,460,1722324,35363508
2078dde55c72,3534a47cd317,39,1685242978708,38842,250670946,460,1722324,35363508
2078dde55c72,3534a47cd317,14,1685242979430,38706,85078940,460,1722324,35363508
2078dde55c72,3534a47cd317,14,1685242980038,38696,250772568,460,1722324,35363508
2078dde55c72,3534a47cd317,14,1685242985778,38696,250845016,460,1722324,35363508
2078dde55c72,3534a47cd317,39,1685242985847,38696,250845016,460,1722324,35363508
2078dde55c72,3534a47cd317,14,1685242992659,38696,250772568,460,1722324,35363508
2078dde55c72,3534a47cd317,39,1685242992732,38696,250772568,460,1722324,35363508
2078dde55c72,3534a47cd317,14,1685243013308,38696,250845016,460,1722324,35363508
2078dde55c72,3534a47cd317,39,1685243013378,38696,250845016,460,1722324,35363508
2078dde55c72,3534a47cd317,14,1685243027428,38696,85173659,460,1722324,35363508
2078dde55c72,3534a47cd317,39,1685243027500,38696,85173659,460,1722324,35363508
2078dde55c72,3534a47cd317,14,1685243033373,38696,250717530,460,1722324,35363508
2078dde55c72,3534a47cd317,39,1685243033444,38696,250717530,460,1722324,35363508
2078dde55c72,3534a47cd317,14,1685243035710,38705,85183645,460,1722324,35363508
2078dde55c72,3534a47cd317,39,1685243035786,38705,85183645,460,1722324,35363508
2078dde55c72,3534a47cd317,14,1685243038428,38696,250717530,460,1722324,35363508
2078dde55c72,3534a47cd317,5,1685243038498,38696,250717530,460,1722324,35363508
2078dde55c72,3534a47cd317,39,1685243038499,38696,250717530,460,1722324,35363508
2078dde55c72,3534a47cd317,39,1685243049908,38696,250717530,460,1722324,35363508
2078dde55c72,3534a47cd317,39,1685243053156,38696,250717530,460,1722324,35363508
2078dde55c72,3534a47cd317,14,1685243060628,38696,250717528,460,1722324,35363508
2078dde55c72,3534a47cd317,39,1685243060699,38696,250717528,460,1722324,35363508
2078dde55c72,3534a47cd317,14,1685243074831,38696,85182116,460,1722324,35363508
2078dde55c72,3534a47cd317,14,1685243150558,38696,250663774,460,1722324,35363508
2078dde55c72,3534a47cd317,39,1685243168428,38696,250663776,460,1722324,35363508
2078dde55c72,3534a47cd317,39,1685243171408,38696,250663774,460,1722324,35363508
2078dde55c72,3534a47cd317,39,1685243178104,38844,161608730,460,1722324,35363508
2078dde55c72,3534a47cd317,14,1685243190514,38844,161511705,460,1722324,35363508
2078dde55c72,3534a47cd317,16,1685243198454,38844,161511705,460,1722324,35363508
2078dde55c72,3534a47cd317,2,1685243206488,38844,85165215,460,1722324,35363508
2078dde55c72,3534a47cd317,39,1685243206546,38844,85165215,460,1722324,35363508
2078dde55c72,3534a47cd317,14,1685243226499,38844,85169059,460,1722324,35363508
2078dde55c72,3534a47cd317,39,1685243226577,38844,85169059,460,1722324,35363508
2078dde55c72,3534a47cd317,14,1685243243478,38844,85164717,460,1722324,35363508
2078dde55c72,3534a47cd317,39,1685243243551,38844,85164717,460,1722324,35363508
2078dde55c72,3534a47cd317,14,1685243246478,38844,85169060,460,1722324,35363508
2078dde55c72,3534a47cd317,39,1685243246552,38844,85169060,460,1722324,35363508
2078dde55c72,3534a47cd317,14,1685243272448,38844,250744410,460,1722324,35363508
2078dde55c72,3534a47cd317,39,1685243272521,38844,250744410,460,1722324,35363508
2078dde55c72,3534a47cd317,14,1685243274648,38844,116718812,460,1722324,35363508
2078dde55c72,3534a47cd317,39,1685243274721,38844,116718812,460,1722324,35363508
2078dde55c72,3534a47cd317,39,1685243279070,38844,251497847,460,1722324,35363508
2078dde55c72,3534a47cd317,14,1685243280008,38844,116718812,460,1722324,35363508
2078dde55c72,3534a47cd317,39,1685243280078,38844,116718812,460,1722324,35363508
2078dde55c72,3534a47cd317,39,1685243280689,38844,251497847,460,1722324,35363508
2078dde55c72,3534a47cd317,39,1685243286618,38844,116718812,460,1722324,35363508
2078dde55c72,3534a47cd317,39,1685243289483,38844,161938978,460,1722324,35363508
2078dde55c72,3534a47cd317,14,1685243293748,38844,116718812,460,1722324,35363508
2078dde55c72,3534a47cd317,39,1685243293818,38844,116718812,460,1722324,35363508
2078dde55c72,3534a47cd317,14,1685243295609,38844,161938978,460,1722324,35363508
2078dde55c72,3534a47cd317,14,1685243297838,38844,85045145,460,1722324,35363508
2078dde55c72,3534a47cd317,39,1685243318622,38844,161591065,460,1722324,35363508
2078dde55c72,3534a47cd317,14,1685243330649,38844,85071001,460,1722324,35363508
2078dde55c72,3534a47cd317,39,1685243330719,38844,85071001,460,1722324,35363508
2078dde55c72,3534a47cd317,14,1685243342808,38844,161573658,460,1722324,35363508
2078dde55c72,3534a47cd317,39,1685243342883,38844,161573658,460,1722324,35363508
2078dde55c72,3534a47cd317,14,1685243348209,38844,85071001,460,1722324,35363508
2078dde55c72,3534a47cd317,39,1685243350037,38844,85071000,460,1722324,35363508
2078dde55c72,3534a47cd317,14,1685243546659,38844,161530394,460,1722324,35363508
2078dde55c72,3534a47cd317,39,1685243546731,38844,161530394,460,1722324,35363508
2078dde55c72,3534a47cd317,14,1685243547198,38844,161483033,460,1722324,35363508
2078dde55c72,3534a47cd317,39,1685243547272,38844,161483033,460,1722324,35363508
2078dde55c72,3534a47cd317,39,1685243556670,38844,161530393,460,1722324,35363508
2078dde55c72,3534a47cd317,39,1685243665860,38844,250793049,460,1722324,35363508
2078dde55c72,3534a47cd317,39,1685243677211,38844,161971480,460,1722324,35363508
2078dde55c72,3534a47cd317,4,1685243861781,38844,161971480,460,1722324,35363508
2078dde55c72,3534a47cd317,2,1685243862113,38844,161971480,460,1722324,35363508
2078dde55c72,3534a47cd317,20,1685243872030,38844,161971480,460,1722324,35363508
2078dde55c72,3534a47cd317,20,1685243916044,38844,161971480,460,1722324,35363508
2078dde55c72,3534a47cd317,1,1685243965484,38844,161971480,460,1722324,35363508
2078dde55c72,3534a47cd317,30,1685243965627,38844,161971480,460,1722324,35363508
2078dde55c72,3534a47cd317,31,1685243965726,38844,161971480,460,1722324,35363508
2078dde55c72,3534a47cd317,41,1685243966079,38844,161971480,460,1722324,35363508
2078dde55c72,3534a47cd317,18,1685243966079,38844,161971480,460,1722324,35363508
2078dde55c72,3534a47cd317,67,1685243966196,38844,161971480,460,1722324,35363508
2078dde55c72,3534a47cd317,20,1685243975330,38844,161971480,460,1722324,35363508
2078dde55c72,3534a47cd317,6,1685244084868,38844,161971480,460,1722324,35363508
2078dde55c72,3534a47cd317,20,1685244084950,38844,161971480,460,1722324,35363508
2078dde55c72,3534a47cd317,30,1685244146586,38844,161971480,460,1722324,35363508
2078dde55c72,3534a47cd317,4,1685244224391,38844,161971480,460,1722324,35363508
2078dde55c72,3534a47cd317,36,1685244224723,38844,161971480,460,1722324,35363508
2078dde55c72,3534a47cd317,39,1685244224813,38844,161971480,460,1722324,35363508
2078dde55c72,3534a47cd317,2,1685270319596,38844,161971480,460,1722324,35363508
2078dde55c72,3534a47cd317,18,1685270319599,38844,161971480,460,1722324,35363508
2078dde55c72,3534a47cd317,39,1685270319732,38844,161971480,460,1722324,35363508
2078dde55c72,3534a47cd317,7,1685270319741,38844,161971480,460,1722324,35363508
2078dde55c72,3534a47cd317,34,1685270319959,38844,161971480,460,1722324,35363508
2078dde55c72,3534a47cd317,8,1685270335905,38844,161971480,460,1722324,35363508
2078dde55c72,3534a47cd317,11,1685270335971,38844,161971480,460,1722324,35363508
2078dde55c72,3534a47cd317,21,1685270335971,38844,161971480,460,1722324,35363508
2078dde55c72,3534a47cd317,7,1685270339210,38844,161971480,460,1722324,35363508
2078dde55c72,3534a47cd317,34,1685270339413,38844,161971480,460,1722324,35363508
2078dde55c72,3534a47cd317,39,1685270583832,38844,251561560,460,1722324,35363508
2078dde55c72,3534a47cd317,14,1685270657191,38844,250755673,460,1722324,35363508
2078dde55c72,3534a47cd317,39,1685270670503,38844,116405210,460,1722324,35363508
2078dde55c72,3534a47cd317,14,1685270754951,38844,116460249,460,1722324,35363508
2078dde55c72,3534a47cd317,14,1685270766091,38844,250755673,460,1722324,35363508
2078dde55c72,3534a47cd317,39,1685270766165,38844,250755673,460,1722324,35363508
2078dde55c72,3534a47cd317,14,1685270844981,38844,116460250,460,1722324,35363508
2078dde55c72,3534a47cd317,39,1685270845053,38844,116460250,460,1722324,35363508
2078dde55c72,3534a47cd317,14,1685270856611,38844,250751320,460,1722324,35363508
2078dde55c72,3534a47cd317,14,1685270913281,38844,251553626,460,1722324,35363508
2078dde55c72,3534a47cd317,39,1685270913353,38844,251553626,460,1722324,35363508
2078dde55c72,3534a47cd317,14,1685270938451,38844,251553882,460,1722324,35363508
2078dde55c72,3534a47cd317,14,1685270942681,38844,251559512,460,1722324,35363508
2078dde55c72,3534a47cd317,39,1685270942752,38844,251559512,460,1722324,35363508
2078dde55c72,3534a47cd317,39,1685270945982,38844,251553882,460,1722324,35363508
2078dde55c72,3534a47cd317,39,1685270947586,38844,251553626,460,1722324,35363508
2078dde55c72,3534a47cd317,14,1685270948611,38844,250755416,460,1722324,35363508
2078dde55c72,3534a47cd317,39,1685270948684,38844,250755416,460,1722324,35363508
2078dde55c72,3534a47cd317,14,1685270976141,38844,85094296,460,1722324,35363508
2078dde55c72,3534a47cd317,14,1685270990101,38708,251562841,460,1722324,35363508
2078dde55c72,3534a47cd317,39,1685270990175,38708,251562841,460,1722324,35363508
2078dde55c72,3534a47cd317,14,1685270994321,38844,85094296,460,1722324,35363508
2078dde55c72,3534a47cd317,39,1685270994391,38844,85094296,460,1722324,35363508
2078dde55c72,3534a47cd317,14,1685271009601,38844,250755416,460,1722324,35363508
2078dde55c72,3534a47cd317,39,1685271009672,38844,250755416,460,1722324,35363508
2078dde55c72,3534a47cd317,14,1685271034920,38708,251485559,460,1722324,35363508
2078dde55c72,3534a47cd317,14,1685271036591,38844,251553626,460,1722324,35363508
2078dde55c72,3534a47cd317,39,1685271036663,38844,251553626,460,1722324,35363508
2078dde55c72,3534a47cd317,5,1685271036663,38844,251553626,460,1722324,35363508
2078dde55c72,3534a47cd317,14,1685271046811,38844,250755416,460,1722324,35363508
2078dde55c72,3534a47cd317,39,1685271062641,38844,251553880,460,1722324,35363508
2078dde55c72,3534a47cd317,39,1685271129932,38844,251550810,460,1722324,35363508
2078dde55c72,3534a47cd317,14,1685271135821,38844,251553880,460,1722324,35363508
2078dde55c72,3534a47cd317,39,1685271143001,38844,251553881,460,1722324,35363508
2078dde55c72,3534a47cd317,39,1685271146061,38844,251553881,460,1722324,35363508
2078dde55c72,3534a47cd317,14,1685271184981,38844,250755417,460,1722324,35363508
2078dde55c72,3534a47cd317,39,1685271185052,38844,250755417,460,1722324,35363508
2078dde55c72,3534a47cd317,5,1685271185443,38708,116701657,460,1722324,35363508
2078dde55c72,3534a47cd317,20,1685271248418,38708,116701657,460,1722324,35363508
2078dde55c72,3534a47cd317,39,1685271248532,38844,85045148,460,1722324,35363508
2078dde55c72,3534a47cd317,39,1685271262309,38844,250763608,460,1722324,35363508
2078dde55c72,3534a47cd317,14,1685271271770,38844,85045148,460,1722324,35363508
2078dde55c72,3534a47cd317,14,1685271284255,38844,116461785,460,1722324,35363508
2078dde55c72,3534a47cd317,39,1685271284329,38844,116461785,460,1722324,35363508
2078dde55c72,3534a47cd317,14,1685271284651,38844,250763609,460,1722324,35363508
2078dde55c72,3534a47cd317,39,1685271285821,38844,116461785,460,1722324,35363508
2078dde55c72,3534a47cd317,39,1685271294941,38844,85169062,460,1722324,35363508
2078dde55c72,3534a47cd317,14,1685271299886,38844,85165212,460,1722324,35363508
2078dde55c72,3534a47cd317,39,1685271308732,38844,85165213,460,1722324,35363508
2078dde55c72,3534a47cd317,14,1685271325885,38844,116461785,460,1722324,35363508
2078dde55c72,3534a47cd317,39,1685271325958,38844,116461785,460,1722324,35363508
2078dde55c72,3534a47cd317,39,1685271330710,38844,85165213,460,1722324,35363508
2078dde55c72,3534a47cd317,14,1685271334771,38844,250771802,460,1722324,35363508
2078dde55c72,3534a47cd317,39,1685271334847,38844,250771802,460,1722324,35363508
2078dde55c72,3534a47cd317,14,1685271351771,38844,250652505,460,1722324,35363508
2078dde55c72,3534a47cd317,14,1685271353156,38844,85165213,460,1722324,35363508
2078dde55c72,3534a47cd317,39,1685271353228,38844,85165213,460,1722324,35363508
2078dde55c72,3534a47cd317,14,1685271354280,38844,250771802,460,1722324,35363508
2078dde55c72,3534a47cd317,39,1685271354357,38844,250771802,460,1722324,35363508
2078dde55c72,3534a47cd317,14,1685271355086,38844,85165213,460,1722324,35363508
2078dde55c72,3534a47cd317,39,1685271355158,38844,85165213,460,1722324,35363508
2078dde55c72,3534a47cd317,39,1685271415739,38696,250663776,460,1722324,35363508
2078dde55c72,3534a47cd317,5,1685271415739,38696,250663776,460,1722324,35363508
2078dde55c72,3534a47cd317,14,1685271427341,38696,85665946,460,1722324,35363508
2078dde55c72,3534a47cd317,39,1685271427415,38696,85665946,460,1722324,35363508
2078dde55c72,3534a47cd317,14,1685271428120,38696,250663774,460,1722324,35363508
2078dde55c72,3534a47cd317,39,1685271428193,38696,250663774,460,1722324,35363508
2078dde55c72,3534a47cd317,14,1685271455471,38696,85589144,460,1722324,35363508
2078dde55c72,3534a47cd317,39,1685271455545,38696,85589144,460,1722324,35363508
2078dde55c72,3534a47cd317,14,1685271455994,38696,161509658,460,1722324,35363508
2078dde55c72,3534a47cd317,39,1685271456071,38696,161509658,460,1722324,35363508
2078dde55c72,3534a47cd317,39,1685271463200,38696,161509658,460,1722324,35363508
2078dde55c72,3534a47cd317,14,1685271464993,38696,161610776,460,1722324,35363508
2078dde55c72,3534a47cd317,14,1685271467131,38696,161557275,460,1722324,35363508
2078dde55c72,3534a47cd317,39,1685271467206,38696,161557275,460,1722324,35363508
2078dde55c72,3534a47cd317,39,1685271469857,38696,161563674,460,1722324,35363508
2078dde55c72,3534a47cd317,39,1685271472680,38696,161509656,460,1722324,35363508
2078dde55c72,3534a47cd317,14,1685271484492,38696,161563674,460,1722324,35363508
2078dde55c72,3534a47cd317,39,1685271484567,38696,161563674,460,1722324,35363508
2078dde55c72,3534a47cd317,14,1685271487841,38696,161509656,460,1722324,35363508
2078dde55c72,3534a47cd317,14,1685271492691,38696,161533976,460,1722324,35363508
2078dde55c72,3534a47cd317,39,1685271492766,38696,161533976,460,1722324,35363508
2078dde55c72,3534a47cd317,14,1685271495481,38696,161563672,460,1722324,35363508
2078dde55c72,3534a47cd317,39,1685271495554,38696,161563672,460,1722324,35363508
2078dde55c72,3534a47cd317,14,1685271542506,38706,85078938,460,1722324,35363508
2078dde55c72,3534a47cd317,39,1685271542581,38706,85078938,460,1722324,35363508
2078dde55c72,3534a47cd317,39,1685271554844,38842,161665562,460,1722324,35363508
2078dde55c72,3534a47cd317,14,1685271588771,38842,161573914,460,1722324,35363508
2078dde55c72,3534a47cd317,39,1685271603352,38842,161573913,460,1722324,35363508
2078dde55c72,3534a47cd317,14,1685271645321,38710,161539096,460,1722324,35363508
2078dde55c72,3534a47cd317,5,1685271645395,38710,161539096,460,1722324,35363508
2078dde55c72,3534a47cd317,39,1685271645396,38710,161539096,460,1722324,35363508
2078dde55c72,3534a47cd317,14,1685271668721,38710,162120728,460,1722324,35363508
2078dde55c72,3534a47cd317,39,1685271668793,38710,162120728,460,1722324,35363508
2078dde55c72,3534a47cd317,14,1685271670070,38710,85059992,460,1722324,35363508
2078dde55c72,3534a47cd317,39,1685271717353,38710,85059993,460,1722324,35363508
2078dde55c72,3534a47cd317,14,1685271719026,38710,162120729,460,1722324,35363508
2078dde55c72,3534a47cd317,39,1685271719101,38710,162120729,460,1722324,35363508
2078dde55c72,3534a47cd317,14,1685271722600,38839,85039514,460,1722324,35363508
2078dde55c72,3534a47cd317,39,1685271722675,38839,85039514,460,1722324,35363508
2078dde55c72,3534a47cd317,39,1685271769548,38839,85039513,460,1722324,35363508
2078dde55c72,3534a47cd317,39,1685271785234,38839,85581210,460,1722324,35363508
2078dde55c72,3534a47cd317,14,1685271889640,38839,85581210,460,1722324,35363508
2078dde55c72,3534a47cd317,39,1685271889713,38839,85581210,460,1722324,35363508
2078dde55c72,3534a47cd317,39,1685271890589,38839,161576729,460,1722324,35363508
2078dde55c72,3534a47cd317,14,1685271918111,38710,250645593,460,1722324,35363508
2078dde55c72,3534a47cd317,39,1685271918184,38710,250645593,460,1722324,35363508
2078dde55c72,3534a47cd317,14,1685271929221,38710,161662234,460,1722324,35363508
2078dde55c72,3534a47cd317,39,1685271929293,38710,161662234,460,1722324,35363508
2078dde55c72,3534a47cd317,39,1685271988522,38710,161662232,460,1722324,35363508
2078dde55c72,3534a47cd317,39,1685272066635,38710,161546778,460,1722324,35363508
2078dde55c72,3534a47cd317,14,1685272085752,38710,161662232,460,1722324,35363508
2078dde55c72,3534a47cd317,39,1685272104933,38710,161662234,460,1722324,35363508
2078dde55c72,3534a47cd317,36,1685272421610,38710,85026213,460,1722324,35363508
2078dde55c72,3534a47cd317,39,1685272421635,38710,85026213,460,1722324,35363508
2078dde55c72,3534a47cd317,7,1685272421636,38710,85026213,460,1722324,35363508
2078dde55c72,3534a47cd317,41,1685272421892,38710,85026213,460,1722324,35363508
2078dde55c72,3534a47cd317,34,1685272421892,38710,85026213,460,1722324,35363508
2078dde55c72,3534a47cd317,8,1685272421955,38710,85026213,460,1722324,35363508
2078dde55c72,3534a47cd317,11,1685272422026,38710,85026213,460,1722324,35363508
2078dde55c72,3534a47cd317,21,1685272422026,38710,85026213,460,1722324,35363508
2078dde55c72,3534a47cd317,20,1685272431453,38710,85026213,460,1722324,35363508
2078dde55c72,3534a47cd317,2,1685272451760,38710,85026213,460,1722324,35363508
2078dde55c72,3534a47cd317,36,1685272451800,38710,85026213,460,1722324,35363508
2078dde55c72,3534a47cd317,39,1685272451825,38710,85026213,460,1722324,35363508
2078dde55c72,3534a47cd317,20,1685272461659,38710,85026213,460,1722324,35363508
2078dde55c72,3534a47cd317,2,1685272514520,38710,85026213,460,1722324,35363508
2078dde55c72,3534a47cd317,41,1685272514764,38710,85026213,460,1722324,35363508
2078dde55c72,3534a47cd317,34,1685272514764,38710,85026213,460,1722324,35363508
2078dde55c72,3534a47cd317,8,1685272539829,38710,85026213,460,1722324,35363508
2078dde55c72,3534a47cd317,11,1685272539899,38710,85026213,460,1722324,35363508
2078dde55c72,3534a47cd317,34,1685272542857,38710,85026213,460,1722324,35363508
2078dde55c72,3534a47cd317,41,1685272542857,38710,85026213,460,1722324,35363508
2078dde55c72,3534a47cd317,14,1685272627666,38839,161576733,460,1722324,35363508
2078dde55c72,3534a47cd317,39,1685272627752,38839,161576733,460,1722324,35363508
2078dde55c72,3534a47cd317,14,1685272657271,38710,250645594,460,1722324,35363508
2078dde55c72,3534a47cd317,39,1685272683482,38710,250645592,460,1722324,35363508
2078dde55c72,3534a47cd317,39,1685272799867,38710,161546778,460,1722324,35363508
2078dde55c72,3534a47cd317,14,1685272833680,38710,161510169,460,1722324,35363508
2078dde55c72,3534a47cd317,39,1685272833767,38710,161510169,460,1722324,35363508
2078dde55c72,3534a47cd317,14,1685272844585,38710,161510169,460,1722324,35363508
2078dde55c72,3534a47cd317,39,1685272844669,38710,161510169,460,1722324,35363508
2078dde55c72,3534a47cd317,14,1685272849702,38839,162106906,460,1722324,35363508
2078dde55c72,3534a47cd317,39,1685272849788,38839,162106906,460,1722324,35363508
2078dde55c72,3534a47cd317,20,1685272904622,38839,162106906,460,1722324,35363508
2078dde55c72,3534a47cd317,2,1685272916460,38710,116666075,460,1722324,35363508
2078dde55c72,3534a47cd317,18,1685272916462,38710,116666075,460,1722324,35363508
2078dde55c72,3534a47cd317,36,1685272916490,38710,116666075,460,1722324,35363508
2078dde55c72,3534a47cd317,39,1685272922774,38710,251582552,460,1722324,35363508
2078dde55c72,3534a47cd317,14,1685272958640,38710,161507353,460,1722324,35363508
2078dde55c72,3534a47cd317,39,1685272959343,38710,116665304,460,1722324,35363508
2078dde55c72,3534a47cd317,14,1685272968280,38710,161507353,460,1722324,35363508
2078dde55c72,3534a47cd317,39,1685272969610,38710,116666072,460,1722324,35363508
2078dde55c72,3534a47cd317,39,1685272971887,38710,116394202,460,1722324,35363508
2078dde55c72,3534a47cd317,4,1685273122222,38710,116394202,460,1722324,35363508
2078dde55c72,3534a47cd317,2,1685273123530,38710,116394202,460,1722324,35363508
2078dde55c72,3534a47cd317,18,1685273123532,38710,116394202,460,1722324,35363508
2078dde55c72,3534a47cd317,36,1685273123565,38710,116394202,460,1722324,35363508
2078dde55c72,3534a47cd317,8,1685273136555,38710,116394202,460,1722324,35363508
2078dde55c72,3534a47cd317,11,1685273136618,38710,116394202,460,1722324,35363508
2078dde55c72,3534a47cd317,34,1685273139539,38710,116394202,460,1722324,35363508
2078dde55c72,3534a47cd317,41,1685273139539,38710,116394202,460,1722324,35363508
2078dde55c72,3534a47cd317,39,1685273288260,38710,116394200,460,1722324,35363508
2078dde55c72,3534a47cd317,39,1685273336993,38841,116689880,460,1722324,35363508
2078dde55c72,3534a47cd317,14,1685273458329,38839,116872664,460,1722324,35363508
2078dde55c72,3534a47cd317,39,1685273458414,38839,116872664,460,1722324,35363508
2078dde55c72,3534a47cd317,14,1685273474169,38841,250826328,460,1722324,35363508
2078dde55c72,3534a47cd317,39,1685273474256,38841,250826328,460,1722324,35363508
2078dde55c72,3534a47cd317,14,1685273478209,38839,116872664,460,1722324,35363508
2078dde55c72,3534a47cd317,39,1685273478296,38839,116872664,460,1722324,35363508
2078dde55c72,3534a47cd317,39,1685273484593,38839,116869082,460,1722324,35363508
2078dde55c72,3534a47cd317,14,1685273541359,38842,250742619,460,1722324,35363508
2078dde55c72,3534a47cd317,5,1685273541446,38842,250742619,460,1722324,35363508
2078dde55c72,3534a47cd317,14,1685273543269,38839,116869082,460,1722324,35363508
2078dde55c72,3534a47cd317,5,1685273543352,38839,116869082,460,1722324,35363508
2078dde55c72,3534a47cd317,5,1685273566205,38842,250742619,460,1722324,35363508
2078dde55c72,3534a47cd317,39,1685273566205,38842,250742619,460,1722324,35363508
2078dde55c72,3534a47cd317,39,1685273572300,38842,250742619,460,1722324,35363508
2078dde55c72,3534a47cd317,14,1685273577159,38841,116482264,460,1722324,35363508
2078dde55c72,3534a47cd317,5,1685273577246,38841,116482264,460,1722324,35363508
2078dde55c72,3534a47cd317,14,1685273594299,38839,116869082,460,1722324,35363508
2078dde55c72,3534a47cd317,5,1685273594385,38839,116869082,460,1722324,35363508
2078dde55c72,3534a47cd317,39,1685273594385,38839,116869082,460,1722324,35363508
2078dde55c72,3534a47cd317,14,1685273598749,38841,116482264,460,1722324,35363508
2078dde55c72,3534a47cd317,14,1685273601830,38842,250742619,460,1722324,35363508
2078dde55c72,3534a47cd317,39,1685273601914,38842,250742619,460,1722324,35363508
2078dde55c72,3534a47cd317,5,1685273601914,38842,250742619,460,1722324,35363508
2078dde55c72,3534a47cd317,39,1685273604445,38841,251472473,460,1722324,35363508
2078dde55c72,3534a47cd317,39,1685273609263,38841,116482264,460,1722324,35363508
2078dde55c72,3534a47cd317,14,1685273610169,38841,251472473,460,1722324,35363508
2078dde55c72,3534a47cd317,39,1685273647855,38841,116482264,460,1722324,35363508
2078dde55c72,3534a47cd317,39,1685273683632,38841,251472473,460,1722324,35363508
2078dde55c72,3534a47cd317,14,1685273690799,38841,116482264,460,1722324,35363508
2078dde55c72,3534a47cd317,39,1685273690884,38841,116482264,460,1722324,35363508
2078dde55c72,3534a47cd317,20,1685273718747,38841,116482264,460,1722324,35363508
2078dde55c72,3534a47cd317,2,1685273718929,38841,116482264,460,1722324,35363508
2078dde55c72,3534a47cd317,18,1685273718933,38841,116482264,460,1722324,35363508
2078dde55c72,3534a47cd317,39,1685273719009,38841,116482264,460,1722324,35363508
2078dde55c72,3534a47cd317,14,1685273735119,38841,251472473,460,1722324,35363508
2078dde55c72,3534a47cd317,39,1685273735206,38841,251472473,460,1722324,35363508
2078dde55c72,3534a47cd317,14,1685273737919,38841,116482264,460,1722324,35363508
2078dde55c72,3534a47cd317,14,1685273761119,38841,251472473,460,1722324,35363508
2078dde55c72,3534a47cd317,39,1685273761205,38841,251472473,460,1722324,35363508
2078dde55c72,3534a47cd317,14,1685273761889,38841,116482264,460,1722324,35363508
2078dde55c72,3534a47cd317,39,1685273761972,38841,116482264,460,1722324,35363508
2078dde55c72,3534a47cd317,14,1685273773109,38841,251472474,460,1722324,35363508
2078dde55c72,3534a47cd317,39,1685273773194,38841,251472474,460,1722324,35363508
2078dde55c72,3534a47cd317,20,1685274140617,38841,251472473,460,1722324,35363508
2078dde55c72,3534a47cd317,7,1685274191747,38841,161632792,460,1722324,35363508
2078dde55c72,3534a47cd317,30,1685274191890,38841,161632792,460,1722324,35363508
2078dde55c72,3534a47cd317,31,1685274191990,38841,161632792,460,1722324,35363508
2078dde55c72,3534a47cd317,41,1685274192393,38841,161632792,460,1722324,35363508
2078dde55c72,3534a47cd317,36,1685274192432,38841,161632792,460,1722324,35363508
2078dde55c72,3534a47cd317,39,1685274192487,38841,161632792,460,1722324,35363508
2078dde55c72,3534a47cd317,20,1685274201708,38841,161632792,460,1722324,35363508
2078dde55c72,3534a47cd317,5,1685277441878,38841,251472473,460,1722324,35363508
2078dde55c72,3534a47cd317,67,1685277441911,38841,251472473,460,1722324,35363508
2078dde55c72,3534a47cd317,20,1685277441911,38841,251472473,460,1722324,35363508
2078dde55c72,3534a47cd317,2,1685278211328,38841,251472473,460,1722324,35363508
2078dde55c72,3534a47cd317,18,1685278211334,38841,251472473,460,1722324,35363508
2078dde55c72,3534a47cd317,36,1685278211368,38841,251472473,460,1722324,35363508
2078dde55c72,3534a47cd317,41,1685278211620,38841,251472473,460,1722324,35363508
2078dde55c72,3534a47cd317,8,1685278211668,38841,251472473,460,1722324,35363508
2078dde55c72,3534a47cd317,11,1685278211734,38841,251472473,460,1722324,35363508
2078dde55c72,3534a47cd317,7,1685278217143,38841,251472473,460,1722324,35363508
2078dde55c72,3534a47cd317,41,1685278217273,38841,251472473,460,1722324,35363508
2078dde55c72,3534a47cd317,34,1685278217273,38841,251472473,460,1722324,35363508
2078dde55c72,3534a47cd317,2,1685278256178,38841,251472473,460,1722324,35363508
2078dde55c72,3534a47cd317,36,1685278256218,38841,251472473,460,1722324,35363508
2078dde55c72,3534a47cd317,39,1685278256243,38841,251472473,460,1722324,35363508
2078dde55c72,3534a47cd317,21,1685278256374,38841,251472473,460,1722324,35363508
2078dde55c72,3534a47cd317,41,1685278259374,38841,251472473,460,1722324,35363508
2078dde55c72,3534a47cd317,34,1685278259374,38841,251472473,460,1722324,35363508
2078dde55c72,3534a47cd317,8,1685278282613,38841,251472473,460,1722324,35363508
2078dde55c72,3534a47cd317,11,1685278282681,38841,251472473,460,1722324,35363508
2078dde55c72,3534a47cd317,21,1685278282681,38841,251472473,460,1722324,35363508
2078dde55c72,3534a47cd317,20,1685278293152,38841,251472473,460,1722324,35363508
2078dde55c72,3534a47cd317,4,1685278344702,38841,251472473,460,1722324,35363508
2078dde55c72,3534a47cd317,2,1685278345928,38841,251472473,460,1722324,35363508
2078dde55c72,3534a47cd317,18,1685278345930,38841,251472473,460,1722324,35363508
2078dde55c72,3534a47cd317,36,1685278345958,38841,251472473,460,1722324,35363508
2078dde55c72,3534a47cd317,39,1685278345983,38841,251472473,460,1722324,35363508
2078dde55c72,3534a47cd317,20,1685278367848,38841,251472473,460,1722324,35363508
2078dde55c72,3534a47cd317,2,1685278493168,38841,251472473,460,1722324,35363508
2078dde55c72,3534a47cd317,18,1685278493171,38841,251472473,460,1722324,35363508
2078dde55c72,3534a47cd317,36,1685278493203,38841,251472473,460,1722324,35363508
2078dde55c72,3534a47cd317,39,1685278493228,38841,251472473,460,1722324,35363508
2078dde55c72,3534a47cd317,7,1685278493228,38841,251472473,460,1722324,35363508
2078dde55c72,3534a47cd317,41,1685278493392,38841,251472473,460,1722324,35363508
2078dde55c72,3534a47cd317,8,1685278500318,38841,251472473,460,1722324,35363508
2078dde55c72,3534a47cd317,21,1685278500389,38841,251472473,460,1722324,35363508
2078dde55c72,3534a47cd317,11,1685278500389,38841,251472473,460,1722324,35363508
2078dde55c72,3534a47cd317,34,1685278504166,38841,251472473,460,1722324,35363508
2078dde55c72,3534a47cd317,20,1685278515060,38841,251472473,460,1722324,35363508
2078dde55c72,3534a47cd317,2,1685278528878,38841,251472473,460,1722324,35363508
2078dde55c72,3534a47cd317,18,1685278528882,38841,251472473,460,1722324,35363508
2078dde55c72,3534a47cd317,39,1685278528943,38841,251472473,460,1722324,35363508
2078dde55c72,3534a47cd317,8,1685278528943,38841,251472473,460,1722324,35363508
2078dde55c72,3534a47cd317,21,1685278529076,38841,251472473,460,1722324,35363508
2078dde55c72,3534a47cd317,11,1685278529076,38841,251472473,460,1722324,35363508
2078dde55c72,3534a47cd317,20,1685278538834,38841,251472473,460,1722324,35363508
2078dde55c72,3534a47cd317,2,1685278646613,38841,251472473,460,1722324,35363508
2078dde55c72,3534a47cd317,18,1685278646616,38841,251472473,460,1722324,35363508
2078dde55c72,3534a47cd317,39,1685278646678,38841,251472473,460,1722324,35363508
2078dde55c72,3534a47cd317,7,1685278646698,38841,251472473,460,1722324,35363508
2078dde55c72,3534a47cd317,41,1685278646848,38841,251472473,460,1722324,35363508
2078dde55c72,3534a47cd317,34,1685278646848,38841,251472473,460,1722324,35363508
2078dde55c72,3534a47cd317,21,1685278687963,38841,251472473,460,1722324,35363508
2078dde55c72,3534a47cd317,41,1685278691121,38841,251472473,460,1722324,35363508
2078dde55c72,3534a47cd317,34,1685278691121,38841,251472473,460,1722324,35363508
2078dde55c72,3534a47cd317,14,1685278716078,38842,251533667,460,1722324,35363508
2078dde55c72,3534a47cd317,5,1685278716148,38842,251533667,460,1722324,35363508
2078dde55c72,3534a47cd317,39,1685278716149,38842,251533667,460,1722324,35363508
2078dde55c72,3534a47cd317,14,1685278716718,38709,251533923,460,1722324,35363508
2078dde55c72,3534a47cd317,5,1685278716788,38709,251533923,460,1722324,35363508
2078dde55c72,3534a47cd317,39,1685278716789,38709,251533923,460,1722324,35363508
2078dde55c72,3534a47cd317,14,1685278726317,38841,116482264,460,1722324,35363508
2078dde55c72,3534a47cd317,39,1685278726388,38841,116482264,460,1722324,35363508
2078dde55c72,3534a47cd317,5,1685278726388,38841,116482264,460,1722324,35363508
2078dde55c72,3534a47cd317,14,1685278738708,38842,251533667,460,1722324,35363508
2078dde55c72,3534a47cd317,5,1685278738780,38842,251533667,460,1722324,35363508
2078dde55c72,3534a47cd317,39,1685278738780,38842,251533667,460,1722324,35363508
2078dde55c72,3534a47cd317,14,1685278739888,38841,116482264,460,1722324,35363508
2078dde55c72,3534a47cd317,39,1685278739958,38841,116482264,460,1722324,35363508
2078dde55c72,3534a47cd317,5,1685278739958,38841,116482264,460,1722324,35363508
2078dde55c72,3534a47cd317,14,1685278744318,38841,251472474,460,1722324,35363508
2078dde55c72,3534a47cd317,14,1685278749778,38841,161632798,460,1722324,35363508
2078dde55c72,3534a47cd317,39,1685278749849,38841,161632798,460,1722324,35363508
2078dde55c72,3534a47cd317,14,1685279035938,38842,251533677,460,1722324,35363508
2078dde55c72,3534a47cd317,14,1685279064388,38842,250742628,460,1722324,35363508
2078dde55c72,3534a47cd317,39,1685279064459,38842,250742628,460,1722324,35363508
2078dde55c72,3534a47cd317,14,1685279066138,38842,251533677,460,1722324,35363508
2078dde55c72,3534a47cd317,39,1685279085891,38842,251559258,460,1722324,35363508
2078dde55c72,3534a47cd317,14,1685279097098,38842,250747737,460,1722324,35363508
2078dde55c72,3534a47cd317,39,1685279098498,38842,250742621,460,1722324,35363508
2078dde55c72,3534a47cd317,14,1685279103548,38842,250747737,460,1722324,35363508
2078dde55c72,3534a47cd317,39,1685279103620,38842,250747737,460,1722324,35363508
2078dde55c72,3534a47cd317,39,1685279104079,38842,250747736,460,1722324,35363508
2078dde55c72,3534a47cd317,39,1685279108649,38842,250747737,460,1722324,35363508
2078dde55c72,3534a47cd317,39,1685279120268,38842,250747737,460,1722324,35363508
2078dde55c72,3534a47cd317,39,1685279139510,38710,250749530,460,1722324,35363508
2078dde55c72,3534a47cd317,5,1685279143523,38710,250749530,460,1722324,35363508
2078dde55c72,3534a47cd317,18,1685279295260,38710,250749528,460,1722324,35363508
2078dde55c72,3534a47cd317,36,1685279295293,38710,250749528,460,1722324,35363508
2078dde55c72,3534a47cd317,39,1685279295333,38710,250749528,460,1722324,35363508
2078dde55c72,3534a47cd317,14,1685279298577,38710,116666074,460,1722324,35363508
2078dde55c72,3534a47cd317,14,1685279303368,38710,250749528,460,1722324,35363508
2078dde55c72,3534a47cd317,14,1685279309677,38710,116666074,460,1722324,35363508
2078dde55c72,3534a47cd317,39,1685279311799,38710,116394202,460,1722324,35363508
2078dde55c72,3534a47cd317,14,1685279427457,38710,116665304,460,1722324,35363508
2078dde55c72,3534a47cd317,39,1685279427528,38710,116665304,460,1722324,35363508
2078dde55c72,3534a47cd317,39,1685279430730,38710,116394202,460,1722324,35363508
2078dde55c72,3534a47cd317,14,1685279433718,38710,161507353,460,1722324,35363508
2078dde55c72,3534a47cd317,39,1685279433787,38710,161507353,460,1722324,35363508
2078dde55c72,3534a47cd317,39,1685279435557,38710,116665304,460,1722324,35363508
2078dde55c72,3534a47cd317,14,1685279436397,38710,251582554,460,1722324,35363508
2078dde55c72,3534a47cd317,39,1685279436468,38710,251582554,460,1722324,35363508
2078dde55c72,3534a47cd317,14,1685279582850,38710,250637401,460,1722324,35363508
2078dde55c72,3534a47cd317,39,1685279582924,38710,250637401,460,1722324,35363508
2078dde55c72,3534a47cd317,14,1685279675670,38710,250645595,460,1722324,35363508
2078dde55c72,3534a47cd317,14,1685279698266,38710,250784352,460,1722324,35363508
2078dde55c72,3534a47cd317,14,1685279698782,38710,250645595,460,1722324,35363508
2078dde55c72,3534a47cd317,39,1685279747179,38710,250645597,460,1722324,35363508
2078dde55c72,3534a47cd317,14,1685279925095,38710,250714653,460,1722324,35363508
2078dde55c72,3534a47cd317,39,1685279926406,38839,85121183,460,1722324,35363508
2078dde55c72,3534a47cd317,5,1685279926406,38839,85121183,460,1722324,35363508
2078dde55c72,3534a47cd317,14,1685280042946,38710,250784352,460,1722324,35363508
2078dde55c72,3534a47cd317,39,1685280043018,38710,250784352,460,1722324,35363508
2078dde55c72,3534a47cd317,39,1685280067933,38710,250784350,460,1722324,35363508
2078dde55c72,3534a47cd317,14,1685280117861,38710,250740825,460,1722324,35363508
2078dde55c72,3534a47cd317,14,1685280130866,38710,250784350,460,1722324,35363508
2078dde55c72,3534a47cd317,39,1685280130943,38710,250784350,460,1722324,35363508
2078dde55c72,3534a47cd317,14,1685280246091,38839,85121183,460,1722324,35363508
2078dde55c72,3534a47cd317,39,1685280246162,38839,85121183,460,1722324,35363508
2078dde55c72,3534a47cd317,14,1685280250821,38710,250784352,460,1722324,35363508
2078dde55c72,3534a47cd317,14,1685280251987,38839,85121183,460,1722324,35363508
2078dde55c72,3534a47cd317,39,1685280252060,38839,85121183,460,1722324,35363508
2078dde55c72,3534a47cd317,14,1685280259731,38710,250784352,460,1722324,35363508
2078dde55c72,3534a47cd317,39,1685280259804,38710,250784352,460,1722324,35363508
2078dde55c72,3534a47cd317,14,1685280260681,38839,85121183,460,1722324,35363508
2078dde55c72,3534a47cd317,39,1685280260753,38839,85121183,460,1722324,35363508
2078dde55c72,3534a47cd317,14,1685280284225,38710,250714653,460,1722324,35363508
2078dde55c72,3534a47cd317,14,1685280288262,38710,250645597,460,1722324,35363508
2078dde55c72,3534a47cd317,39,1685280288336,38710,250645597,460,1722324,35363508
2078dde55c72,3534a47cd317,39,1685280309605,38710,250645596,460,1722324,35363508
2078dde55c72,3534a47cd317,39,1685280313264,38710,250645597,460,1722324,35363508
2078dde55c72,3534a47cd317,39,1685280322291,38710,250645595,460,1722324,35363508
2078dde55c72,3534a47cd317,14,1685280424167,38710,250637401,460,1722324,35363508
2078dde55c72,3534a47cd317,39,1685280424241,38710,250637401,460,1722324,35363508
2078dde55c72,3534a47cd317,14,1685280464946,38710,250740825,460,1722324,35363508
2078dde55c72,3534a47cd317,39,1685280465014,38710,250740825,460,1722324,35363508
2078dde55c72,3534a47cd317,39,1685280498059,38710,250784350,460,1722324,35363508
2078dde55c72,3534a47cd317,39,1685280523287,38710,250784352,460,1722324,35363508
2078dde55c72,3534a47cd317,39,1685280528392,38710,250784352,460,1722324,35363508
2078dde55c72,3534a47cd317,14,1685280564263,38710,250645596,460,1722324,35363508
2078dde55c72,3534a47cd317,39,1685280564335,38710,250645596,460,1722324,35363508
2078dde55c72,3534a47cd317,14,1685280575416,38839,85121183,460,1722324,35363508
2078dde55c72,3534a47cd317,39,1685280575488,38839,85121183,460,1722324,35363508
2078dde55c72,3534a47cd317,39,1685280578586,38710,250645596,460,1722324,35363508
2078dde55c72,3534a47cd317,14,1685280579191,38839,85121183,460,1722324,35363508
2078dde55c72,3534a47cd317,39,1685280579262,38839,85121183,460,1722324,35363508
2078dde55c72,3534a47cd317,14,1685280580077,38710,250645596,460,1722324,35363508
2078dde55c72,3534a47cd317,39,1685280580151,38710,250645596,460,1722324,35363508
2078dde55c72,3534a47cd317,2,1685281986457,38710,116448728,460,1722324,35363508
2078dde55c72,3534a47cd317,18,1685281986461,38710,116448728,460,1722324,35363508
2078dde55c72,3534a47cd317,36,1685281986492,38710,116448728,460,1722324,35363508
2078dde55c72,3534a47cd317,7,1685281986517,38710,116448728,460,1722324,35363508
2078dde55c72,3534a47cd317,34,1685281986729,38710,116448728,460,1722324,35363508
2078dde55c72,3534a47cd317,41,1685281986729,38710,116448728,460,1722324,35363508
2078dde55c72,3534a47cd317,8,1685281986782,38710,116448728,460,1722324,35363508
2078dde55c72,3534a47cd317,11,1685281986849,38710,116448728,460,1722324,35363508
2078dde55c72,3534a47cd317,21,1685281986849,38710,116448728,460,1722324,35363508
