2b9d3c516145,c302e3e5ca90,2,1685203260248,38701,251515225,460,1529717,86771205
2b9d3c516145,c302e3e5ca90,18,1685203260251,38701,251515225,460,1529717,86771205
2b9d3c516145,c302e3e5ca90,39,1685203260283,38701,251515225,460,1529717,86771205
2b9d3c516145,c302e3e5ca90,4,1685204700973,38701,251515225,460,1529717,86771205
2b9d3c516145,c302e3e5ca90,2,1685204701636,38701,251515225,460,1529717,86771205
2b9d3c516145,c302e3e5ca90,18,1685204701638,38701,251515225,460,1529717,86771205
2b9d3c516145,c302e3e5ca90,39,1685204701673,38701,251515225,460,1529717,86771205
2b9d3c516145,c302e3e5ca90,20,1685204711619,38701,251515225,460,1529717,86771205
2b9d3c516145,c302e3e5ca90,39,1685205136556,38701,251515225,460,1529717,86771205
2b9d3c516145,c302e3e5ca90,20,1685205146501,38701,251515225,460,1529717,86771205
2b9d3c516145,c302e3e5ca90,4,1685206141895,38701,251515225,460,1529717,86771205
2b9d3c516145,c302e3e5ca90,2,1685206142915,38701,251515225,460,1529717,86771205
2b9d3c516145,c302e3e5ca90,18,1685206142917,38701,251515225,460,1529717,86771205
2b9d3c516145,c302e3e5ca90,20,1685206152898,38701,251515225,460,1529717,86771205
2b9d3c516145,c302e3e5ca90,2,1685206263466,38701,251515225,460,1529717,86771205
2b9d3c516145,c302e3e5ca90,18,1685206263468,38701,251515225,460,1529717,86771205
2b9d3c516145,c302e3e5ca90,39,1685206263500,38701,251515225,460,1529717,86771205
2b9d3c516145,c302e3e5ca90,20,1685206273449,38701,251515225,460,1529717,86771205
2b9d3c516145,c302e3e5ca90,18,1685207704562,38701,251515225,460,1529717,86771205
2b9d3c516145,c302e3e5ca90,20,1685207714498,38701,251515225,460,1529717,86771205
2b9d3c516145,c302e3e5ca90,2,1685208176768,38701,251515225,460,1529717,86771205
2b9d3c516145,c302e3e5ca90,18,1685208176771,38701,251515225,460,1529717,86771205
2b9d3c516145,c302e3e5ca90,4,1685209144711,38701,251515225,460,1529717,86771205
2b9d3c516145,c302e3e5ca90,18,1685209145798,38701,251515225,460,1529717,86771205
2b9d3c516145,c302e3e5ca90,39,1685209145833,38701,251515225,460,1529717,86771205
2b9d3c516145,c302e3e5ca90,7,1685209147888,38701,251515225,460,1529717,86771205
2b9d3c516145,c302e3e5ca90,34,1685209147991,38701,251515225,460,1529717,86771205
2b9d3c516145,c302e3e5ca90,41,1685209147991,38701,251515225,460,1529717,86771205
2b9d3c516145,c302e3e5ca90,20,1685209173778,38701,251515225,460,1529717,86771205
2b9d3c516145,c302e3e5ca90,2,1685209266688,38701,251515225,460,1529717,86771205
2b9d3c516145,c302e3e5ca90,39,1685209266726,38701,251515225,460,1529717,86771205
2b9d3c516145,c302e3e5ca90,20,1685209276669,38701,251515225,460,1529717,86771205
2b9d3c516145,c302e3e5ca90,2,1685210708675,38701,251515225,460,1529717,86771205
2b9d3c516145,c302e3e5ca90,39,1685210708712,38701,251515225,460,1529717,86771205
2b9d3c516145,c302e3e5ca90,20,1685210718658,38701,251515225,460,1529717,86771205
2b9d3c516145,c302e3e5ca90,18,1685211216893,38701,251515225,460,1529717,86771205
2b9d3c516145,c302e3e5ca90,4,1685212148898,38701,251515225,460,1529717,86771205
2b9d3c516145,c302e3e5ca90,2,1685212149955,38701,251515225,460,1529717,86771205
2b9d3c516145,c302e3e5ca90,18,1685212149960,38701,251515225,460,1529717,86771205
2b9d3c516145,c302e3e5ca90,39,1685212149994,38701,251515225,460,1529717,86771205
2b9d3c516145,c302e3e5ca90,20,1685212159938,38701,251515225,460,1529717,86771205
2b9d3c516145,c302e3e5ca90,2,1685212269988,38701,251515225,460,1529717,86771205
2b9d3c516145,c302e3e5ca90,18,1685212269992,38701,251515225,460,1529717,86771205
2b9d3c516145,c302e3e5ca90,39,1685212270024,38701,251515225,460,1529717,86771205
2b9d3c516145,c302e3e5ca90,20,1685212279969,38701,251515225,460,1529717,86771205
2b9d3c516145,c302e3e5ca90,4,1685213710788,38701,251515225,460,1529717,86771205
2b9d3c516145,c302e3e5ca90,39,1685213711593,38701,251515225,460,1529717,86771205
2b9d3c516145,c302e3e5ca90,20,1685213721538,38701,251515225,460,1529717,86771205
2b9d3c516145,c302e3e5ca90,2,1685214257035,38701,251515225,460,1529717,86771205
2b9d3c516145,c302e3e5ca90,18,1685214257039,38701,251515225,460,1529717,86771205
2b9d3c516145,c302e3e5ca90,39,1685214257071,38701,251515225,460,1529717,86771205
2b9d3c516145,c302e3e5ca90,20,1685214267018,38701,251515225,460,1529717,86771205
2b9d3c516145,c302e3e5ca90,4,1685215151984,38701,251515225,460,1529717,86771205
2b9d3c516145,c302e3e5ca90,2,1685215152838,38701,251515225,460,1529717,86771205
2b9d3c516145,c302e3e5ca90,39,1685215152873,38701,251515225,460,1529717,86771205
2b9d3c516145,c302e3e5ca90,20,1685215162818,38701,251515225,460,1529717,86771205
2b9d3c516145,c302e3e5ca90,2,1685215273235,38701,251515225,460,1529717,86771205
2b9d3c516145,c302e3e5ca90,18,1685215273237,38701,251515225,460,1529717,86771205
2b9d3c516145,c302e3e5ca90,39,1685215273269,38701,251515225,460,1529717,86771205
2b9d3c516145,c302e3e5ca90,20,1685215283218,38701,251515225,460,1529717,86771205
2b9d3c516145,c302e3e5ca90,2,1685216714435,38701,251515225,460,1529717,86771205
2b9d3c516145,c302e3e5ca90,18,1685216714438,38701,251515225,460,1529717,86771205
2b9d3c516145,c302e3e5ca90,39,1685216714471,38701,251515225,460,1529717,86771205
2b9d3c516145,c302e3e5ca90,7,1685216716522,38701,251515225,460,1529717,86771205
2b9d3c516145,c302e3e5ca90,41,1685216716612,38701,251515225,460,1529717,86771205
2b9d3c516145,c302e3e5ca90,20,1685216742418,38701,251515225,460,1529717,86771205
2b9d3c516145,c302e3e5ca90,2,1685217297178,38701,251515225,460,1529717,86771205
2b9d3c516145,c302e3e5ca90,18,1685217297182,38701,251515225,460,1529717,86771205
2b9d3c516145,c302e3e5ca90,39,1685217297216,38701,251515225,460,1529717,86771205
2b9d3c516145,c302e3e5ca90,20,1685217307158,38701,251515225,460,1529717,86771205
2b9d3c516145,c302e3e5ca90,4,1685218154795,38701,251515225,460,1529717,86771205
2b9d3c516145,c302e3e5ca90,2,1685218155714,38701,251515225,460,1529717,86771205
2b9d3c516145,c302e3e5ca90,18,1685218155717,38701,251515225,460,1529717,86771205
2b9d3c516145,c302e3e5ca90,39,1685218155751,38701,251515225,460,1529717,86771205
2b9d3c516145,c302e3e5ca90,20,1685218165697,38701,251515225,460,1529717,86771205
2b9d3c516145,c302e3e5ca90,2,1685218276487,38701,251515225,460,1529717,86771205
2b9d3c516145,c302e3e5ca90,18,1685218276490,38701,251515225,460,1529717,86771205
2b9d3c516145,c302e3e5ca90,39,1685218276512,38701,251515225,460,1529717,86771205
2b9d3c516145,c302e3e5ca90,20,1685218286468,38701,251515225,460,1529717,86771205
2b9d3c516145,c302e3e5ca90,4,1685219717235,38701,251515225,460,1529717,86771205
2b9d3c516145,c302e3e5ca90,2,1685219717314,38701,251515225,460,1529717,86771205
2b9d3c516145,c302e3e5ca90,18,1685219717318,38701,251515225,460,1529717,86771205
2b9d3c516145,c302e3e5ca90,39,1685219717350,38701,251515225,460,1529717,86771205
2b9d3c516145,c302e3e5ca90,2,1685220267715,38701,251515225,460,1529717,86771205
2b9d3c516145,c302e3e5ca90,18,1685220267718,38701,251515225,460,1529717,86771205
2b9d3c516145,c302e3e5ca90,20,1685220277696,38701,251515225,460,1529717,86771205
2b9d3c516145,c302e3e5ca90,2,1685220337313,38701,251515225,460,1529717,86771205
2b9d3c516145,c302e3e5ca90,18,1685220337316,38701,251515225,460,1529717,86771205
2b9d3c516145,c302e3e5ca90,39,1685220337350,38701,251515225,460,1529717,86771205
2b9d3c516145,c302e3e5ca90,20,1685220347297,38701,251515225,460,1529717,86771205
2b9d3c516145,c302e3e5ca90,4,1685221157607,38701,251515225,460,1529717,86771205
2b9d3c516145,c302e3e5ca90,18,1685221158598,38701,251515225,460,1529717,86771205
2b9d3c516145,c302e3e5ca90,39,1685221158630,38701,251515225,460,1529717,86771205
2b9d3c516145,c302e3e5ca90,20,1685221168576,38701,251515225,460,1529717,86771205
2b9d3c516145,c302e3e5ca90,2,1685221279746,38701,251515225,460,1529717,86771205
2b9d3c516145,c302e3e5ca90,18,1685221279749,38701,251515225,460,1529717,86771205
2b9d3c516145,c302e3e5ca90,39,1685221279781,38701,251515225,460,1529717,86771205
2b9d3c516145,c302e3e5ca90,20,1685221289727,38701,251515225,460,1529717,86771205
2b9d3c516145,c302e3e5ca90,4,1685222720597,38701,251515225,460,1529717,86771205
2b9d3c516145,c302e3e5ca90,2,1685222721473,38701,251515225,460,1529717,86771205
2b9d3c516145,c302e3e5ca90,18,1685222721476,38701,251515225,460,1529717,86771205
2b9d3c516145,c302e3e5ca90,39,1685222721509,38701,251515225,460,1529717,86771205
2b9d3c516145,c302e3e5ca90,2,1685223377453,38701,251515225,460,1529717,86771205
2b9d3c516145,c302e3e5ca90,18,1685223377457,38701,251515225,460,1529717,86771205
2b9d3c516145,c302e3e5ca90,39,1685223377490,38701,251515225,460,1529717,86771205
2b9d3c516145,c302e3e5ca90,20,1685223387435,38701,251515225,460,1529717,86771205
2b9d3c516145,c302e3e5ca90,18,1685224162756,38701,251515225,460,1529717,86771205
2b9d3c516145,c302e3e5ca90,34,1685224164942,38701,251515225,460,1529717,86771205
2b9d3c516145,c302e3e5ca90,41,1685224164942,38701,251515225,460,1529717,86771205
2b9d3c516145,c302e3e5ca90,20,1685224190737,38701,251515225,460,1529717,86771205
2b9d3c516145,c302e3e5ca90,2,1685224283072,38701,251515225,460,1529717,86771205
2b9d3c516145,c302e3e5ca90,20,1685224293055,38701,251515225,460,1529717,86771205
2b9d3c516145,c302e3e5ca90,4,1685225723684,38701,251515225,460,1529717,86771205
2b9d3c516145,c302e3e5ca90,2,1685225724352,38701,251515225,460,1529717,86771205
2b9d3c516145,c302e3e5ca90,39,1685225724389,38701,251515225,460,1529717,86771205
2b9d3c516145,c302e3e5ca90,20,1685225734335,38701,251515225,460,1529717,86771205
2b9d3c516145,c302e3e5ca90,2,1685226417645,38701,251515225,460,1529717,86771205
2b9d3c516145,c302e3e5ca90,18,1685226417648,38701,251515225,460,1529717,86771205
2b9d3c516145,c302e3e5ca90,39,1685226417680,38701,251515225,460,1529717,86771205
2b9d3c516145,c302e3e5ca90,20,1685226427626,38701,251515225,460,1529717,86771205
2b9d3c516145,c302e3e5ca90,4,1685227164605,38701,251515225,460,1529717,86771205
2b9d3c516145,c302e3e5ca90,2,1685227165631,38701,251515225,460,1529717,86771205
2b9d3c516145,c302e3e5ca90,18,1685227165634,38701,251515225,460,1529717,86771205
2b9d3c516145,c302e3e5ca90,20,1685227175614,38701,251515225,460,1529717,86771205
2b9d3c516145,c302e3e5ca90,2,1685227286271,38701,251515225,460,1529717,86771205
2b9d3c516145,c302e3e5ca90,18,1685227286275,38701,251515225,460,1529717,86771205
2b9d3c516145,c302e3e5ca90,39,1685227286308,38701,251515225,460,1529717,86771205
2b9d3c516145,c302e3e5ca90,20,1685227296255,38701,251515225,460,1529717,86771205
2b9d3c516145,c302e3e5ca90,4,1685228727045,38701,251515225,460,1529717,86771205
2b9d3c516145,c302e3e5ca90,2,1685228727230,38701,251515225,460,1529717,86771205
2b9d3c516145,c302e3e5ca90,18,1685228727234,38701,251515225,460,1529717,86771205
2b9d3c516145,c302e3e5ca90,39,1685228727266,38701,251515225,460,1529717,86771205
2b9d3c516145,c302e3e5ca90,20,1685228737213,38701,251515225,460,1529717,86771205
2b9d3c516145,c302e3e5ca90,2,1685229457770,38701,251515225,460,1529717,86771205
2b9d3c516145,c302e3e5ca90,39,1685229457805,38701,251515225,460,1529717,86771205
2b9d3c516145,c302e3e5ca90,20,1685229467755,38701,251515225,460,1529717,86771205
2b9d3c516145,c302e3e5ca90,18,1685230168513,38701,251515225,460,1529717,86771205
2b9d3c516145,c302e3e5ca90,20,1685230178493,38701,251515225,460,1529717,86771205
2b9d3c516145,c302e3e5ca90,2,1685230289560,38701,251515225,460,1529717,86771205
2b9d3c516145,c302e3e5ca90,18,1685230289562,38701,251515225,460,1529717,86771205
2b9d3c516145,c302e3e5ca90,39,1685230289586,38701,251515225,460,1529717,86771205
2b9d3c516145,c302e3e5ca90,20,1685230299542,38701,251515225,460,1529717,86771205
2b9d3c516145,c302e3e5ca90,4,1685231662170,38701,251515225,460,1529717,86771205
2b9d3c516145,c302e3e5ca90,2,1685231662274,38701,251515225,460,1529717,86771205
2b9d3c516145,c302e3e5ca90,18,1685231662278,38701,251515225,460,1529717,86771205
2b9d3c516145,c302e3e5ca90,39,1685231662302,38701,251515225,460,1529717,86771205
2b9d3c516145,c302e3e5ca90,41,1685231664469,38701,251515225,460,1529717,86771205
2b9d3c516145,c302e3e5ca90,34,1685231664469,38701,251515225,460,1529717,86771205
2b9d3c516145,c302e3e5ca90,2,1685231731390,38701,251515225,460,1529717,86771205
2b9d3c516145,c302e3e5ca90,18,1685231731394,38701,251515225,460,1529717,86771205
2b9d3c516145,c302e3e5ca90,2,1685232497929,38701,251515225,460,1529717,86771205
2b9d3c516145,c302e3e5ca90,39,1685232497964,38701,251515225,460,1529717,86771205
2b9d3c516145,c302e3e5ca90,20,1685232507912,38701,251515225,460,1529717,86771205
2b9d3c516145,c302e3e5ca90,18,1685233172671,38701,251515225,460,1529717,86771205
2b9d3c516145,c302e3e5ca90,20,1685233182652,38701,251515225,460,1529717,86771205
2b9d3c516145,c302e3e5ca90,18,1685233292813,38701,251515225,460,1529717,86771205
2b9d3c516145,c302e3e5ca90,39,1685233292838,38701,251515225,460,1529717,86771205
2b9d3c516145,c302e3e5ca90,4,1685234733497,38701,251515225,460,1529717,86771205
2b9d3c516145,c302e3e5ca90,2,1685234734269,38701,251515225,460,1529717,86771205
2b9d3c516145,c302e3e5ca90,18,1685235538085,38701,251515225,460,1529717,86771205
2b9d3c516145,c302e3e5ca90,39,1685235538117,38701,251515225,460,1529717,86771205
2b9d3c516145,c302e3e5ca90,20,1685235548063,38701,251515225,460,1529717,86771205
2b9d3c516145,c302e3e5ca90,2,1685236175549,38701,251515225,460,1529717,86771205
2b9d3c516145,c302e3e5ca90,18,1685236175554,38701,251515225,460,1529717,86771205
2b9d3c516145,c302e3e5ca90,39,1685236175595,38701,251515225,460,1529717,86771205
2b9d3c516145,c302e3e5ca90,20,1685236185531,38701,251515225,460,1529717,86771205
2b9d3c516145,c302e3e5ca90,4,1685237736859,38701,251515225,460,1529717,86771205
2b9d3c516145,c302e3e5ca90,2,1685237737149,38701,251515225,460,1529717,86771205
2b9d3c516145,c302e3e5ca90,18,1685237737153,38701,251515225,460,1529717,86771205
2b9d3c516145,c302e3e5ca90,14,1685237738740,38701,161709849,460,1529717,86771205
2b9d3c516145,c302e3e5ca90,39,1685237738752,38701,161709849,460,1529717,86771205
2b9d3c516145,c302e3e5ca90,20,1685237748629,38701,161709849,460,1529717,86771205
2b9d3c516145,c302e3e5ca90,18,1685238578272,38701,251515225,460,1529717,86771205
2b9d3c516145,c302e3e5ca90,39,1685238578307,38701,251515225,460,1529717,86771205
2b9d3c516145,c302e3e5ca90,20,1685238588251,38701,251515225,460,1529717,86771205
2b9d3c516145,c302e3e5ca90,18,1685239178431,38701,251515225,460,1529717,86771205
2b9d3c516145,c302e3e5ca90,7,1685239180517,38701,251515225,460,1529717,86771205
2b9d3c516145,c302e3e5ca90,41,1685239180625,38701,251515225,460,1529717,86771205
2b9d3c516145,c302e3e5ca90,2,1685239299368,38701,251515225,460,1529717,86771205
2b9d3c516145,c302e3e5ca90,20,1685239309351,38701,251515225,460,1529717,86771205
2b9d3c516145,c302e3e5ca90,4,1685240739951,38701,251515225,460,1529717,86771205
2b9d3c516145,c302e3e5ca90,2,1685240740028,38701,251515225,460,1529717,86771205
2b9d3c516145,c302e3e5ca90,18,1685240740033,38701,251515225,460,1529717,86771205
2b9d3c516145,c302e3e5ca90,39,1685240740064,38701,251515225,460,1529717,86771205
2b9d3c516145,c302e3e5ca90,20,1685240750011,38701,251515225,460,1529717,86771205
2b9d3c516145,c302e3e5ca90,20,1685241628452,38701,251515225,460,1529717,86771205
2b9d3c516145,c302e3e5ca90,4,1685242180321,38701,251515225,460,1529717,86771205
2b9d3c516145,c302e3e5ca90,2,1685242181353,38701,251515225,460,1529717,86771205
2b9d3c516145,c302e3e5ca90,20,1685242191290,38701,251515225,460,1529717,86771205
2b9d3c516145,c302e3e5ca90,18,1685242302661,38701,251515225,460,1529717,86771205
2b9d3c516145,c302e3e5ca90,4,1685243743313,38701,251515225,460,1529717,86771205
2b9d3c516145,c302e3e5ca90,20,1685243754170,38701,251515225,460,1529717,86771205
2b9d3c516145,c302e3e5ca90,2,1685244823227,38701,251515225,460,1529717,86771205
2b9d3c516145,c302e3e5ca90,39,1685244823261,38701,251515225,460,1529717,86771205
2b9d3c516145,c302e3e5ca90,20,1685244833210,38701,251515225,460,1529717,86771205
2b9d3c516145,c302e3e5ca90,2,1685245185515,38701,251515225,460,1529717,86771205
2b9d3c516145,c302e3e5ca90,18,1685245185522,38701,251515225,460,1529717,86771205
2b9d3c516145,c302e3e5ca90,39,1685245185554,38701,251515225,460,1529717,86771205
2b9d3c516145,c302e3e5ca90,20,1685245195450,38701,251515225,460,1529717,86771205
2b9d3c516145,c302e3e5ca90,2,1685245305917,38701,251515225,460,1529717,86771205
2b9d3c516145,c302e3e5ca90,39,1685245305959,38701,251515225,460,1529717,86771205
2b9d3c516145,c302e3e5ca90,20,1685245315900,38701,251515225,460,1529717,86771205
2b9d3c516145,c302e3e5ca90,18,1685245660731,38701,251515225,460,1529717,86771205
2b9d3c516145,c302e3e5ca90,39,1685245660755,38701,251515225,460,1529717,86771205
2b9d3c516145,c302e3e5ca90,4,1685246746678,38701,251515225,460,1529717,86771205
2b9d3c516145,c302e3e5ca90,2,1685246747066,38701,251515225,460,1529717,86771205
2b9d3c516145,c302e3e5ca90,18,1685246747070,38701,251515225,460,1529717,86771205
2b9d3c516145,c302e3e5ca90,4,1685248187324,38701,251515225,460,1529717,86771205
2b9d3c516145,c302e3e5ca90,2,1685248188347,38701,251515225,460,1529717,86771205
2b9d3c516145,c302e3e5ca90,20,1685248198329,38701,251515225,460,1529717,86771205
2b9d3c516145,c302e3e5ca90,2,1685248309207,38701,251515225,460,1529717,86771205
2b9d3c516145,c302e3e5ca90,39,1685248309242,38701,251515225,460,1529717,86771205
2b9d3c516145,c302e3e5ca90,20,1685248319189,38701,251515225,460,1529717,86771205
2b9d3c516145,c302e3e5ca90,2,1685250738997,38701,161709848,460,1529717,86771205
2b9d3c516145,c302e3e5ca90,18,1685250739001,38701,161709848,460,1529717,86771205
2b9d3c516145,c302e3e5ca90,39,1685250739042,38701,161709848,460,1529717,86771205
2b9d3c516145,c302e3e5ca90,4,1685251191510,38701,161709848,460,1529717,86771205
2b9d3c516145,c302e3e5ca90,2,1685251192497,38701,161709848,460,1529717,86771205
2b9d3c516145,c302e3e5ca90,18,1685251192501,38701,161709848,460,1529717,86771205
2b9d3c516145,c302e3e5ca90,39,1685251192547,38701,161709848,460,1529717,86771205
2b9d3c516145,c302e3e5ca90,20,1685251202451,38701,161709848,460,1529717,86771205
2b9d3c516145,c302e3e5ca90,18,1685251312480,38701,161709848,460,1529717,86771205
2b9d3c516145,c302e3e5ca90,39,1685251313028,38701,161709849,460,1529717,86771205
2b9d3c516145,c302e3e5ca90,20,1685251322956,38701,161709849,460,1529717,86771205
2b9d3c516145,c302e3e5ca90,4,1685252187396,38701,161709848,460,1529717,86771205
2b9d3c516145,c302e3e5ca90,2,1685252188337,38701,161709848,460,1529717,86771205
2b9d3c516145,c302e3e5ca90,18,1685252188339,38701,161709848,460,1529717,86771205
2b9d3c516145,c302e3e5ca90,39,1685252188372,38701,161709848,460,1529717,86771205
2b9d3c516145,c302e3e5ca90,39,1685252188911,38701,161709849,460,1529717,86771205
2b9d3c516145,c302e3e5ca90,2,1685252754105,38701,251515225,460,1529717,86771205
2b9d3c516145,c302e3e5ca90,18,1685252754108,38701,251515225,460,1529717,86771205
2b9d3c516145,c302e3e5ca90,18,1685253779174,38701,161709848,460,1529717,86771205
2b9d3c516145,c302e3e5ca90,39,1685253779207,38701,161709848,460,1529717,86771205
2b9d3c516145,c302e3e5ca90,39,1685253779919,38701,161709849,460,1529717,86771205
2b9d3c516145,c302e3e5ca90,7,1685253781256,38701,161709849,460,1529717,86771205
2b9d3c516145,c302e3e5ca90,41,1685253781382,38701,161709849,460,1529717,86771205
2b9d3c516145,c302e3e5ca90,20,1685253805849,38701,161709849,460,1529717,86771205
2b9d3c516145,c302e3e5ca90,2,1685254195385,38701,251515225,460,1529717,86771205
2b9d3c516145,c302e3e5ca90,14,1685254199166,38701,161709849,460,1529717,86771205
2b9d3c516145,c302e3e5ca90,2,1685254315748,38701,251515225,460,1529717,86771205
2b9d3c516145,c302e3e5ca90,18,1685254315752,38701,251515225,460,1529717,86771205
2b9d3c516145,c302e3e5ca90,39,1685254315795,38701,251515225,460,1529717,86771205
2b9d3c516145,c302e3e5ca90,14,1685254318236,38701,161709849,460,1529717,86771205
2b9d3c516145,c302e3e5ca90,20,1685254328137,38701,161709849,460,1529717,86771205
2b9d3c516145,c302e3e5ca90,2,1685254737386,38701,251515225,460,1529717,86771205
2b9d3c516145,c302e3e5ca90,34,1685254737525,38701,251515225,460,1529717,86771205
2b9d3c516145,c302e3e5ca90,21,1685254782438,38701,251515225,460,1529717,86771205
2b9d3c516145,c302e3e5ca90,11,1685254782438,38701,251515225,460,1529717,86771205
2b9d3c516145,c302e3e5ca90,39,1685254784347,38701,161709849,460,1529717,86771205
2b9d3c516145,c302e3e5ca90,20,1685254794204,38701,161709849,460,1529717,86771205
2b9d3c516145,c302e3e5ca90,2,1685256224175,38701,161709848,460,1529717,86771205
2b9d3c516145,c302e3e5ca90,18,1685256224181,38701,161709848,460,1529717,86771205
2b9d3c516145,c302e3e5ca90,39,1685256224256,38701,161709848,460,1529717,86771205
2b9d3c516145,c302e3e5ca90,2,1685256819300,38701,161709848,460,1529717,86771205
2b9d3c516145,c302e3e5ca90,18,1685256819303,38701,161709848,460,1529717,86771205
2b9d3c516145,c302e3e5ca90,18,1685257318994,38701,161709848,460,1529717,86771205
2b9d3c516145,c302e3e5ca90,39,1685257319022,38701,161709848,460,1529717,86771205
2b9d3c516145,c302e3e5ca90,20,1685257328927,38701,161709848,460,1529717,86771205
2b9d3c516145,c302e3e5ca90,39,1685257478942,38701,161709848,460,1529717,86771205
2b9d3c516145,c302e3e5ca90,34,1685257479073,38701,161709848,460,1529717,86771205
2b9d3c516145,c302e3e5ca90,13,1685257479073,38701,161709848,460,1529717,86771205
2b9d3c516145,c302e3e5ca90,21,1685257536838,38701,161709848,460,1529717,86771205
2b9d3c516145,c302e3e5ca90,11,1685257536838,38701,161709848,460,1529717,86771205
2b9d3c516145,c302e3e5ca90,18,1685257691057,38701,161709848,460,1529717,86771205
2b9d3c516145,c302e3e5ca90,39,1685257691130,38701,161709848,460,1529717,86771205
2b9d3c516145,c302e3e5ca90,20,1685257700950,38701,161709848,460,1529717,86771205
2b9d3c516145,c302e3e5ca90,4,1685258977329,38701,161709848,460,1529717,86771205
2b9d3c516145,c302e3e5ca90,2,1685258977460,38701,161709848,460,1529717,86771205
2b9d3c516145,c302e3e5ca90,18,1685258977463,38701,161709848,460,1529717,86771205
2b9d3c516145,c302e3e5ca90,2,1685259859449,38701,161709848,460,1529717,86771205
2b9d3c516145,c302e3e5ca90,18,1685259859454,38701,161709848,460,1529717,86771205
2b9d3c516145,c302e3e5ca90,39,1685259859510,38701,161709848,460,1529717,86771205
2b9d3c516145,c302e3e5ca90,20,1685260332171,38701,161709848,460,1529717,86771205
2b9d3c516145,c302e3e5ca90,4,1685261762948,38701,161709848,460,1529717,86771205
2b9d3c516145,c302e3e5ca90,18,1685261764017,38701,161709848,460,1529717,86771205
2b9d3c516145,c302e3e5ca90,7,1685261766104,38701,161709848,460,1529717,86771205
2b9d3c516145,c302e3e5ca90,41,1685261766215,38701,161709848,460,1529717,86771205
2b9d3c516145,c302e3e5ca90,34,1685261766215,38701,161709848,460,1529717,86771205
2b9d3c516145,c302e3e5ca90,20,1685261791915,38701,161709848,460,1529717,86771205
2b9d3c516145,c302e3e5ca90,18,1685262899603,38701,161709848,460,1529717,86771205
2b9d3c516145,c302e3e5ca90,4,1685263204418,38701,161709848,460,1529717,86771205
2b9d3c516145,c302e3e5ca90,2,1685263205298,38701,161709848,460,1529717,86771205
2b9d3c516145,c302e3e5ca90,39,1685263205345,38701,161709848,460,1529717,86771205
2b9d3c516145,c302e3e5ca90,20,1685263215193,38701,161709848,460,1529717,86771205
2b9d3c516145,c302e3e5ca90,2,1685263325513,38701,161709848,460,1529717,86771205
2b9d3c516145,c302e3e5ca90,18,1685263325517,38701,161709848,460,1529717,86771205
2b9d3c516145,c302e3e5ca90,20,1685263335425,38701,161709848,460,1529717,86771205
2b9d3c516145,c302e3e5ca90,2,1685263847853,38701,161709848,460,1529717,86771205
2b9d3c516145,c302e3e5ca90,39,1685263847933,38701,161709848,460,1529717,86771205
2b9d3c516145,c302e3e5ca90,13,1685263848125,38701,161709848,460,1529717,86771205
2b9d3c516145,c302e3e5ca90,11,1685264292888,38701,161709848,460,1529717,86771205
2b9d3c516145,c302e3e5ca90,20,1685264303749,38701,161709848,460,1529717,86771205
2b9d3c516145,c302e3e5ca90,2,1685264402313,38701,161709848,460,1529717,86771205
2b9d3c516145,c302e3e5ca90,34,1685264402476,38701,161709848,460,1529717,86771205
2b9d3c516145,c302e3e5ca90,13,1685264402476,38701,161709848,460,1529717,86771205
2b9d3c516145,c302e3e5ca90,20,1685264476273,38701,161709848,460,1529717,86771205
2b9d3c516145,c302e3e5ca90,2,1685264491433,38701,161709848,460,1529717,86771205
2b9d3c516145,c302e3e5ca90,18,1685264491437,38701,161709848,460,1529717,86771205
2b9d3c516145,c302e3e5ca90,39,1685264491483,38701,161709848,460,1529717,86771205
2b9d3c516145,c302e3e5ca90,34,1685264491580,38701,161709848,460,1529717,86771205
2b9d3c516145,c302e3e5ca90,13,1685264491580,38701,161709848,460,1529717,86771205
2b9d3c516145,c302e3e5ca90,11,1685264557254,38701,161709848,460,1529717,86771205
2b9d3c516145,c302e3e5ca90,18,1685264656007,38701,161709848,460,1529717,86771205
2b9d3c516145,c302e3e5ca90,13,1685264656168,38701,161709848,460,1529717,86771205
2b9d3c516145,c302e3e5ca90,20,1685264693973,38701,161709848,460,1529717,86771205
2b9d3c516145,c302e3e5ca90,2,1685265332962,38701,161709848,460,1529717,86771205
2b9d3c516145,c302e3e5ca90,18,1685265332967,38701,161709848,460,1529717,86771205
2b9d3c516145,c302e3e5ca90,34,1685265333159,38701,161709848,460,1529717,86771205
2b9d3c516145,c302e3e5ca90,13,1685265333159,38701,161709848,460,1529717,86771205
2b9d3c516145,c302e3e5ca90,21,1685265361994,38701,161709848,460,1529717,86771205
2b9d3c516145,c302e3e5ca90,34,1685265562866,38701,161709848,460,1529717,86771205
2b9d3c516145,c302e3e5ca90,21,1685265597097,38701,161709848,460,1529717,86771205
2b9d3c516145,c302e3e5ca90,20,1685265607635,38701,161709848,460,1529717,86771205
2b9d3c516145,c302e3e5ca90,2,1685265939732,38701,161709848,460,1529717,86771205
2b9d3c516145,c302e3e5ca90,39,1685265939762,38701,161709848,460,1529717,86771205
2b9d3c516145,c302e3e5ca90,39,1685266328822,38701,161709848,460,1529717,86771205
2b9d3c516145,c302e3e5ca90,4,1685267769399,38701,161709848,460,1529717,86771205
2b9d3c516145,c302e3e5ca90,39,1685267769812,38701,161709848,460,1529717,86771205
2b9d3c516145,c302e3e5ca90,20,1685267779665,38701,161709848,460,1529717,86771205
2b9d3c516145,c302e3e5ca90,39,1685268979932,38701,161709848,460,1529717,86771205
2b9d3c516145,c302e3e5ca90,7,1685268981982,38701,161709848,460,1529717,86771205
2b9d3c516145,c302e3e5ca90,20,1685269006833,38701,161709848,460,1529717,86771205
2b9d3c516145,c302e3e5ca90,4,1685269210046,38701,161709848,460,1529717,86771205
2b9d3c516145,c302e3e5ca90,2,1685269211057,38701,161709848,460,1529717,86771205
2b9d3c516145,c302e3e5ca90,39,1685269211107,38701,161709848,460,1529717,86771205
2b9d3c516145,c302e3e5ca90,39,1685269332058,38701,161709848,460,1529717,86771205
2b9d3c516145,c302e3e5ca90,18,1685269604841,38701,161709848,460,1529717,86771205
2b9d3c516145,c302e3e5ca90,34,1685269605042,38701,161709848,460,1529717,86771205
2b9d3c516145,c302e3e5ca90,13,1685269605042,38701,161709848,460,1529717,86771205
2b9d3c516145,c302e3e5ca90,20,1685269665717,38701,161709848,460,1529717,86771205
2b9d3c516145,c302e3e5ca90,4,1685270284468,38701,161709848,460,1529717,86771205
2b9d3c516145,c302e3e5ca90,18,1685270284981,38701,161709848,460,1529717,86771205
2b9d3c516145,c302e3e5ca90,4,1685271094985,38701,161709848,460,1529717,86771205
2b9d3c516145,c302e3e5ca90,2,1685271095211,38701,161709848,460,1529717,86771205
2b9d3c516145,c302e3e5ca90,39,1685271095257,38701,161709848,460,1529717,86771205
2b9d3c516145,c302e3e5ca90,20,1685271105166,38701,161709848,460,1529717,86771205
2b9d3c516145,c302e3e5ca90,39,1685272020107,38701,161709848,460,1529717,86771205
2b9d3c516145,c302e3e5ca90,20,1685272029956,38701,161709848,460,1529717,86771205
2b9d3c516145,c302e3e5ca90,2,1685272335316,38701,161709848,460,1529717,86771205
2b9d3c516145,c302e3e5ca90,18,1685272335320,38701,161709848,460,1529717,86771205
2b9d3c516145,c302e3e5ca90,39,1685272335346,38701,161709848,460,1529717,86771205
2b9d3c516145,c302e3e5ca90,20,1685272345292,38701,161709848,460,1529717,86771205
2b9d3c516145,c302e3e5ca90,4,1685273530113,38701,161709848,460,1529717,86771205
2b9d3c516145,c302e3e5ca90,2,1685273531050,38701,161709848,460,1529717,86771205
2b9d3c516145,c302e3e5ca90,18,1685273531056,38701,161709848,460,1529717,86771205
2b9d3c516145,c302e3e5ca90,20,1685273543026,38701,161709848,460,1529717,86771205
2b9d3c516145,c302e3e5ca90,2,1685273776810,38701,161709848,460,1529717,86771205
2b9d3c516145,c302e3e5ca90,18,1685273776814,38701,161709848,460,1529717,86771205
2b9d3c516145,c302e3e5ca90,39,1685273776855,38701,161709848,460,1529717,86771205
2b9d3c516145,c302e3e5ca90,20,1685273786697,38701,161709848,460,1529717,86771205
2b9d3c516145,c302e3e5ca90,18,1685275060194,38701,161709848,460,1529717,86771205
2b9d3c516145,c302e3e5ca90,39,1685275060235,38701,161709848,460,1529717,86771205
2b9d3c516145,c302e3e5ca90,20,1685275070166,38701,161709848,460,1529717,86771205
2b9d3c516145,c302e3e5ca90,2,1685275218089,38701,161709848,460,1529717,86771205
2b9d3c516145,c302e3e5ca90,20,1685275228005,38701,161709848,460,1529717,86771205
2b9d3c516145,c302e3e5ca90,2,1685275338534,38701,161709848,460,1529717,86771205
2b9d3c516145,c302e3e5ca90,18,1685275338537,38701,161709848,460,1529717,86771205
2b9d3c516145,c302e3e5ca90,20,1685275350474,38701,161709848,460,1529717,86771205
2b9d3c516145,c302e3e5ca90,4,1685276780315,38701,161709848,460,1529717,86771205
2b9d3c516145,c302e3e5ca90,18,1685276780972,38701,161709848,460,1529717,86771205
2b9d3c516145,c302e3e5ca90,41,1685276783266,38701,161709848,460,1529717,86771205
2b9d3c516145,c302e3e5ca90,34,1685276783266,38701,161709848,460,1529717,86771205
2b9d3c516145,c302e3e5ca90,20,1685276808931,38701,161709848,460,1529717,86771205
2b9d3c516145,c302e3e5ca90,18,1685278100347,38701,161709848,460,1529717,86771205
2b9d3c516145,c302e3e5ca90,39,1685278101019,38701,161709848,460,1529717,86771205
2b9d3c516145,c302e3e5ca90,20,1685278112294,38701,161709848,460,1529717,86771205
2b9d3c516145,c302e3e5ca90,20,1685278234197,38701,161709848,460,1529717,86771205
2b9d3c516145,c302e3e5ca90,2,1685278342929,38701,161709848,460,1529717,86771205
2b9d3c516145,c302e3e5ca90,18,1685278342933,38701,161709848,460,1529717,86771205
2b9d3c516145,c302e3e5ca90,2,1685281141193,38701,161709848,460,1529717,86771205
2b9d3c516145,c302e3e5ca90,39,1685281141895,38701,161709848,460,1529717,86771205
2b9d3c516145,c302e3e5ca90,20,1685281153120,38701,161709848,460,1529717,86771205
2b9d3c516145,c302e3e5ca90,2,1685281226408,38701,161709848,460,1529717,86771205
2b9d3c516145,c302e3e5ca90,18,1685281226412,38701,161709848,460,1529717,86771205
2b9d3c516145,c302e3e5ca90,39,1685281227099,38701,161709848,460,1529717,86771205
2b9d3c516145,c302e3e5ca90,20,1685281236361,38701,161709848,460,1529717,86771205
2b9d3c516145,c302e3e5ca90,2,1685281347028,38701,161709848,460,1529717,86771205
2b9d3c516145,c302e3e5ca90,18,1685281347033,38701,161709848,460,1529717,86771205
2b9d3c516145,c302e3e5ca90,39,1685281347298,38701,161709848,460,1529717,86771205
2b9d3c516145,c302e3e5ca90,20,1685281358983,38701,161709848,460,1529717,86771205
2b9d3c516145,c302e3e5ca90,4,1685282616253,38701,161709848,460,1529717,86771205
2b9d3c516145,c302e3e5ca90,2,1685282616493,38701,161709848,460,1529717,86771205
2b9d3c516145,c302e3e5ca90,18,1685282616495,38701,161709848,460,1529717,86771205
2b9d3c516145,c302e3e5ca90,39,1685282616968,38701,161709848,460,1529717,86771205
2b9d3c516145,c302e3e5ca90,20,1685282628463,38701,161709848,460,1529717,86771205
2b9d3c516145,c302e3e5ca90,4,1685282788964,38701,161709848,460,1529717,86771205
2b9d3c516145,c302e3e5ca90,2,1685282789288,38701,161709848,460,1529717,86771205
2b9d3c516145,c302e3e5ca90,18,1685282789292,38701,161709848,460,1529717,86771205
2b9d3c516145,c302e3e5ca90,39,1685282789638,38701,161709848,460,1529717,86771205
2b9d3c516145,c302e3e5ca90,20,1685282799256,38701,161709848,460,1529717,86771205
2b9d3c516145,c302e3e5ca90,2,1685284182137,38701,161709848,460,1529717,86771205
2b9d3c516145,c302e3e5ca90,18,1685284182140,38701,161709848,460,1529717,86771205
2b9d3c516145,c302e3e5ca90,39,1685284182763,38701,161709848,460,1529717,86771205
2b9d3c516145,c302e3e5ca90,7,1685284184727,38701,161709848,460,1529717,86771205
2b9d3c516145,c302e3e5ca90,41,1685284184844,38701,161709848,460,1529717,86771205
2b9d3c516145,c302e3e5ca90,20,1685284211110,38701,161709848,460,1529717,86771205
2b9d3c516145,c302e3e5ca90,4,1685284230162,38701,161709848,460,1529717,86771205
2b9d3c516145,c302e3e5ca90,2,1685284230572,38701,161709848,460,1529717,86771205
2b9d3c516145,c302e3e5ca90,18,1685284230576,38701,161709848,460,1529717,86771205
2b9d3c516145,c302e3e5ca90,39,1685284230697,38701,161709848,460,1529717,86771205
2b9d3c516145,c302e3e5ca90,20,1685284240529,38701,161709848,460,1529717,86771205
2b9d3c516145,c302e3e5ca90,2,1685284351122,38701,161709848,460,1529717,86771205
2b9d3c516145,c302e3e5ca90,18,1685284351126,38701,161709848,460,1529717,86771205
2b9d3c516145,c302e3e5ca90,39,1685284351817,38701,161709848,460,1529717,86771205
2b9d3c516145,c302e3e5ca90,20,1685284364043,38701,161709848,460,1529717,86771205
2b9d3c516145,c302e3e5ca90,4,1685285793704,38701,161709851,460,1529717,86771205
2b9d3c516145,c302e3e5ca90,2,1685285794722,38701,161709851,460,1529717,86771205
2b9d3c516145,c302e3e5ca90,18,1685285794725,38701,161709851,460,1529717,86771205
2b9d3c516145,c302e3e5ca90,39,1685285794767,38701,161709851,460,1529717,86771205
2b9d3c516145,c302e3e5ca90,20,1685285804688,38701,161709851,460,1529717,86771205
2b9d3c516145,c302e3e5ca90,2,1685287223567,38701,161709848,460,1529717,86771205
2b9d3c516145,c302e3e5ca90,18,1685287223571,38701,161709848,460,1529717,86771205
2b9d3c516145,c302e3e5ca90,39,1685287223607,38701,161709848,460,1529717,86771205
2b9d3c516145,c302e3e5ca90,20,1685287233546,38701,161709848,460,1529717,86771205
2b9d3c516145,c302e3e5ca90,4,1685287235173,38701,161709848,460,1529717,86771205
2b9d3c516145,c302e3e5ca90,2,1685287236012,38701,161709848,460,1529717,86771205
2b9d3c516145,c302e3e5ca90,18,1685287236015,38701,161709848,460,1529717,86771205
2b9d3c516145,c302e3e5ca90,39,1685287236043,38701,161709848,460,1529717,86771205
2b9d3c516145,c302e3e5ca90,2,1685287355782,38701,161709848,460,1529717,86771205
2b9d3c516145,c302e3e5ca90,39,1685287355817,38701,161709848,460,1529717,86771205
2b9d3c516145,c302e3e5ca90,20,1685287365721,38701,161709848,460,1529717,86771205
2b9d3c516145,c302e3e5ca90,4,1685288796515,38701,161709848,460,1529717,86771205
2b9d3c516145,c302e3e5ca90,2,1685288797607,38701,161709848,460,1529717,86771205
2b9d3c516145,c302e3e5ca90,18,1685288797610,38701,161709848,460,1529717,86771205
2b9d3c516145,c302e3e5ca90,39,1685288797642,38701,161709848,460,1529717,86771205
2b9d3c516145,c302e3e5ca90,20,1685288807567,38701,161709848,460,1529717,86771205
