32e1af2de0eb,e0a77e748587,36,1685203088723,38743,162685470,460,1503090,86913804
32e1af2de0eb,e0a77e748587,4,1685205519745,38743,162685470,460,1503090,86913804
32e1af2de0eb,e0a77e748587,2,1685205520128,38743,162685470,460,1503090,86913804
32e1af2de0eb,e0a77e748587,18,1685205520138,38743,162685470,460,1503090,86913804
32e1af2de0eb,e0a77e748587,20,1685205530090,38743,162685470,460,1503090,86913804
32e1af2de0eb,e0a77e748587,2,1685205533456,38743,162685470,460,1503090,86913804
32e1af2de0eb,e0a77e748587,36,1685205533534,38743,162685470,460,1503090,86913804
32e1af2de0eb,e0a77e748587,20,1685205543417,38743,162685470,460,1503090,86913804
32e1af2de0eb,e0a77e748587,2,1685205563581,38743,162685470,460,1503090,86913804
32e1af2de0eb,e0a77e748587,18,1685205563593,38743,162685470,460,1503090,86913804
32e1af2de0eb,e0a77e748587,36,1685205563666,38743,162685470,460,1503090,86913804
32e1af2de0eb,e0a77e748587,20,1685205573519,38743,162685470,460,1503090,86913804
32e1af2de0eb,e0a77e748587,2,1685205576908,38743,162685470,460,1503090,86913804
32e1af2de0eb,e0a77e748587,18,1685205576921,38743,162685470,460,1503090,86913804
32e1af2de0eb,e0a77e748587,39,1685205577034,38743,162685470,460,1503090,86913804
32e1af2de0eb,e0a77e748587,20,1685205586846,38743,162685470,460,1503090,86913804
32e1af2de0eb,e0a77e748587,18,1685206078506,38743,162685470,460,1503090,86913804
32e1af2de0eb,e0a77e748587,36,1685206078576,38743,162685470,460,1503090,86913804
32e1af2de0eb,e0a77e748587,2,1685206091822,38743,162685470,460,1503090,86913804
32e1af2de0eb,e0a77e748587,36,1685206091902,38743,162685470,460,1503090,86913804
32e1af2de0eb,e0a77e748587,39,1685206091943,38743,162685470,460,1503090,86913804
32e1af2de0eb,e0a77e748587,20,1685206101706,38743,162685470,460,1503090,86913804
32e1af2de0eb,e0a77e748587,2,1685208727331,38743,162685470,460,1503090,86913804
32e1af2de0eb,e0a77e748587,18,1685208727342,38743,162685470,460,1503090,86913804
32e1af2de0eb,e0a77e748587,36,1685208727411,38743,162685470,460,1503090,86913804
32e1af2de0eb,e0a77e748587,39,1685208727451,38743,162685470,460,1503090,86913804
32e1af2de0eb,e0a77e748587,20,1685208737304,38743,162685470,460,1503090,86913804
32e1af2de0eb,e0a77e748587,18,1685208740664,38743,162685470,460,1503090,86913804
32e1af2de0eb,e0a77e748587,36,1685208740733,38743,162685470,460,1503090,86913804
32e1af2de0eb,e0a77e748587,20,1685208750626,38743,162685470,460,1503090,86913804
32e1af2de0eb,e0a77e748587,2,1685209081215,38743,162685470,460,1503090,86913804
32e1af2de0eb,e0a77e748587,18,1685209081228,38743,162685470,460,1503090,86913804
32e1af2de0eb,e0a77e748587,36,1685209081302,38743,162685470,460,1503090,86913804
32e1af2de0eb,e0a77e748587,39,1685209081346,38743,162685470,460,1503090,86913804
32e1af2de0eb,e0a77e748587,20,1685209091182,38743,162685470,460,1503090,86913804
32e1af2de0eb,e0a77e748587,2,1685209094537,38743,162685470,460,1503090,86913804
32e1af2de0eb,e0a77e748587,18,1685209094550,38743,162685470,460,1503090,86913804
32e1af2de0eb,e0a77e748587,36,1685209094623,38743,162685470,460,1503090,86913804
32e1af2de0eb,e0a77e748587,39,1685209094667,38743,162685470,460,1503090,86913804
32e1af2de0eb,e0a77e748587,20,1685209104504,38743,162685470,460,1503090,86913804
32e1af2de0eb,e0a77e748587,2,1685211891051,38743,162685470,460,1503090,86913804
32e1af2de0eb,e0a77e748587,18,1685211891060,38743,162685470,460,1503090,86913804
32e1af2de0eb,e0a77e748587,39,1685211891176,38743,162685470,460,1503090,86913804
32e1af2de0eb,e0a77e748587,20,1685211900955,38743,162685470,460,1503090,86913804
32e1af2de0eb,e0a77e748587,2,1685211904370,38743,162685470,460,1503090,86913804
32e1af2de0eb,e0a77e748587,18,1685211904380,38743,162685470,460,1503090,86913804
32e1af2de0eb,e0a77e748587,36,1685211904455,38743,162685470,460,1503090,86913804
32e1af2de0eb,e0a77e748587,18,1685212084067,38743,162685470,460,1503090,86913804
32e1af2de0eb,e0a77e748587,20,1685212093976,38743,162685470,460,1503090,86913804
32e1af2de0eb,e0a77e748587,2,1685212097375,38743,162685470,460,1503090,86913804
32e1af2de0eb,e0a77e748587,18,1685212097386,38743,162685470,460,1503090,86913804
32e1af2de0eb,e0a77e748587,36,1685212097455,38743,162685470,460,1503090,86913804
32e1af2de0eb,e0a77e748587,39,1685212097495,38743,162685470,460,1503090,86913804
32e1af2de0eb,e0a77e748587,2,1685215055026,38743,162685470,460,1503090,86913804
32e1af2de0eb,e0a77e748587,18,1685215055036,38743,162685470,460,1503090,86913804
32e1af2de0eb,e0a77e748587,39,1685215055151,38743,162685470,460,1503090,86913804
32e1af2de0eb,e0a77e748587,20,1685215064993,38743,162685470,460,1503090,86913804
32e1af2de0eb,e0a77e748587,2,1685215068346,38743,162685470,460,1503090,86913804
32e1af2de0eb,e0a77e748587,18,1685215068356,38743,162685470,460,1503090,86913804
32e1af2de0eb,e0a77e748587,39,1685215068472,38743,162685470,460,1503090,86913804
32e1af2de0eb,e0a77e748587,20,1685215078313,38743,162685470,460,1503090,86913804
32e1af2de0eb,e0a77e748587,36,1685215087161,38743,162685470,460,1503090,86913804
32e1af2de0eb,e0a77e748587,39,1685215087201,38743,162685470,460,1503090,86913804
32e1af2de0eb,e0a77e748587,20,1685215096961,38743,162685470,460,1503090,86913804
32e1af2de0eb,e0a77e748587,2,1685215100396,38743,162685470,460,1503090,86913804
32e1af2de0eb,e0a77e748587,18,1685215100407,38743,162685470,460,1503090,86913804
32e1af2de0eb,e0a77e748587,36,1685215100481,38743,162685470,460,1503090,86913804
32e1af2de0eb,e0a77e748587,39,1685215100522,38743,162685470,460,1503090,86913804
32e1af2de0eb,e0a77e748587,20,1685215110281,38743,162685470,460,1503090,86913804
32e1af2de0eb,e0a77e748587,4,1685217673104,38743,162685470,460,1503090,86913804
32e1af2de0eb,e0a77e748587,2,1685217673725,38743,162685470,460,1503090,86913804
32e1af2de0eb,e0a77e748587,18,1685217673737,38743,162685470,460,1503090,86913804
32e1af2de0eb,e0a77e748587,36,1685217673805,38743,162685470,460,1503090,86913804
32e1af2de0eb,e0a77e748587,39,1685217673850,38743,162685470,460,1503090,86913804
32e1af2de0eb,e0a77e748587,20,1685217683685,38743,162685470,460,1503090,86913804
32e1af2de0eb,e0a77e748587,4,1685217686428,38743,162685470,460,1503090,86913804
32e1af2de0eb,e0a77e748587,2,1685217687048,38743,162685470,460,1503090,86913804
32e1af2de0eb,e0a77e748587,18,1685217687061,38743,162685470,460,1503090,86913804
32e1af2de0eb,e0a77e748587,36,1685217687128,38743,162685470,460,1503090,86913804
32e1af2de0eb,e0a77e748587,39,1685217687173,38743,162685470,460,1503090,86913804
32e1af2de0eb,e0a77e748587,20,1685217697009,38743,162685470,460,1503090,86913804
32e1af2de0eb,e0a77e748587,2,1685218103250,38743,162685470,460,1503090,86913804
32e1af2de0eb,e0a77e748587,18,1685218103260,38743,162685470,460,1503090,86913804
32e1af2de0eb,e0a77e748587,39,1685218103379,38743,162685470,460,1503090,86913804
32e1af2de0eb,e0a77e748587,20,1685218113204,38743,162685470,460,1503090,86913804
32e1af2de0eb,e0a77e748587,2,1685218218936,38743,162685470,460,1503090,86913804
32e1af2de0eb,e0a77e748587,36,1685218219021,38743,162685470,460,1503090,86913804
32e1af2de0eb,e0a77e748587,39,1685218219067,38743,162685470,460,1503090,86913804
32e1af2de0eb,e0a77e748587,20,1685218228835,38743,162685470,460,1503090,86913804
32e1af2de0eb,e0a77e748587,2,1685218232260,38743,162685470,460,1503090,86913804
32e1af2de0eb,e0a77e748587,36,1685218232345,38743,162685470,460,1503090,86913804
32e1af2de0eb,e0a77e748587,39,1685218232391,38743,162685470,460,1503090,86913804
32e1af2de0eb,e0a77e748587,20,1685218242159,38743,162685470,460,1503090,86913804
32e1af2de0eb,e0a77e748587,2,1685221092834,38743,162685470,460,1503090,86913804
32e1af2de0eb,e0a77e748587,18,1685221092846,38743,162685470,460,1503090,86913804
32e1af2de0eb,e0a77e748587,36,1685221092915,38743,162685470,460,1503090,86913804
32e1af2de0eb,e0a77e748587,39,1685221092959,38743,162685470,460,1503090,86913804
32e1af2de0eb,e0a77e748587,18,1685221106176,38743,162685470,460,1503090,86913804
32e1af2de0eb,e0a77e748587,36,1685221106245,38743,162685470,460,1503090,86913804
32e1af2de0eb,e0a77e748587,20,1685221116137,38743,162685470,460,1503090,86913804
32e1af2de0eb,e0a77e748587,2,1685221382744,38743,162685470,460,1503090,86913804
32e1af2de0eb,e0a77e748587,18,1685221382754,38743,162685470,460,1503090,86913804
32e1af2de0eb,e0a77e748587,36,1685221382825,38743,162685470,460,1503090,86913804
32e1af2de0eb,e0a77e748587,20,1685221392641,38743,162685470,460,1503090,86913804
32e1af2de0eb,e0a77e748587,2,1685221396074,38743,162685470,460,1503090,86913804
32e1af2de0eb,e0a77e748587,18,1685221396084,38743,162685470,460,1503090,86913804
32e1af2de0eb,e0a77e748587,36,1685221396155,38743,162685470,460,1503090,86913804
32e1af2de0eb,e0a77e748587,39,1685221396199,38743,162685470,460,1503090,86913804
32e1af2de0eb,e0a77e748587,20,1685221405971,38743,162685470,460,1503090,86913804
32e1af2de0eb,e0a77e748587,18,1685224095528,38743,162685470,460,1503090,86913804
32e1af2de0eb,e0a77e748587,36,1685224095593,38743,162685470,460,1503090,86913804
32e1af2de0eb,e0a77e748587,39,1685224095637,38743,162685470,460,1503090,86913804
32e1af2de0eb,e0a77e748587,20,1685224105413,38743,162685470,460,1503090,86913804
32e1af2de0eb,e0a77e748587,36,1685224108929,38743,162685470,460,1503090,86913804
32e1af2de0eb,e0a77e748587,39,1685224108973,38743,162685470,460,1503090,86913804
32e1af2de0eb,e0a77e748587,20,1685224118749,38743,162685470,460,1503090,86913804
32e1af2de0eb,e0a77e748587,2,1685224546287,38743,162685470,460,1503090,86913804
32e1af2de0eb,e0a77e748587,18,1685224546299,38743,162685470,460,1503090,86913804
32e1af2de0eb,e0a77e748587,36,1685224546362,38743,162685470,460,1503090,86913804
32e1af2de0eb,e0a77e748587,39,1685224546407,38743,162685470,460,1503090,86913804
32e1af2de0eb,e0a77e748587,20,1685224556215,38743,162685470,460,1503090,86913804
32e1af2de0eb,e0a77e748587,2,1685224559624,38743,162685470,460,1503090,86913804
32e1af2de0eb,e0a77e748587,18,1685224559636,38743,162685470,460,1503090,86913804
32e1af2de0eb,e0a77e748587,20,1685224569553,38743,162685470,460,1503090,86913804
32e1af2de0eb,e0a77e748587,2,1685227098126,38743,162685470,460,1503090,86913804
32e1af2de0eb,e0a77e748587,18,1685227098137,38743,162685470,460,1503090,86913804
32e1af2de0eb,e0a77e748587,36,1685227098201,38743,162685470,460,1503090,86913804
32e1af2de0eb,e0a77e748587,39,1685227098247,38743,162685470,460,1503090,86913804
32e1af2de0eb,e0a77e748587,2,1685227111467,38743,162685470,460,1503090,86913804
32e1af2de0eb,e0a77e748587,36,1685227111543,38743,162685470,460,1503090,86913804
32e1af2de0eb,e0a77e748587,39,1685227111588,38743,162685470,460,1503090,86913804
32e1af2de0eb,e0a77e748587,20,1685227121384,38743,162685470,460,1503090,86913804
32e1af2de0eb,e0a77e748587,2,1685227317441,38743,162685470,460,1503090,86913804
32e1af2de0eb,e0a77e748587,18,1685227317452,38743,162685470,460,1503090,86913804
32e1af2de0eb,e0a77e748587,36,1685227317521,38743,162685470,460,1503090,86913804
32e1af2de0eb,e0a77e748587,39,1685227317572,38743,162685470,460,1503090,86913804
32e1af2de0eb,e0a77e748587,34,1685227317810,38743,162685470,460,1503090,86913804
32e1af2de0eb,e0a77e748587,2,1685227330783,38743,162685470,460,1503090,86913804
32e1af2de0eb,e0a77e748587,18,1685227330794,38743,162685470,460,1503090,86913804
32e1af2de0eb,e0a77e748587,36,1685227330863,38743,162685470,460,1503090,86913804
32e1af2de0eb,e0a77e748587,7,1685227330914,38743,162685470,460,1503090,86913804
32e1af2de0eb,e0a77e748587,34,1685227331152,38743,162685470,460,1503090,86913804
32e1af2de0eb,e0a77e748587,41,1685227331152,38743,162685470,460,1503090,86913804
32e1af2de0eb,e0a77e748587,20,1685227343392,38743,162685470,460,1503090,86913804
32e1af2de0eb,e0a77e748587,2,1685227347386,38743,162685470,460,1503090,86913804
32e1af2de0eb,e0a77e748587,18,1685227347397,38743,162685470,460,1503090,86913804
32e1af2de0eb,e0a77e748587,36,1685227347452,38743,162685470,460,1503090,86913804
32e1af2de0eb,e0a77e748587,39,1685227347491,38743,162685470,460,1503090,86913804
32e1af2de0eb,e0a77e748587,20,1685227356733,38743,162685470,460,1503090,86913804
32e1af2de0eb,e0a77e748587,18,1685227360739,38743,162685470,460,1503090,86913804
32e1af2de0eb,e0a77e748587,36,1685227360793,38743,162685470,460,1503090,86913804
32e1af2de0eb,e0a77e748587,39,1685227360833,38743,162685470,460,1503090,86913804
32e1af2de0eb,e0a77e748587,20,1685227366352,38743,162685470,460,1503090,86913804
32e1af2de0eb,e0a77e748587,36,1685227377192,38743,162685470,460,1503090,86913804
32e1af2de0eb,e0a77e748587,39,1685227377231,38743,162685470,460,1503090,86913804
32e1af2de0eb,e0a77e748587,20,1685227379693,38743,162685470,460,1503090,86913804
32e1af2de0eb,e0a77e748587,8,1685227383256,38743,162685470,460,1503090,86913804
32e1af2de0eb,e0a77e748587,11,1685227383301,38743,162685470,460,1503090,86913804
32e1af2de0eb,e0a77e748587,21,1685227383301,38743,162685470,460,1503090,86913804
32e1af2de0eb,e0a77e748587,18,1685227390480,38743,162685470,460,1503090,86913804
32e1af2de0eb,e0a77e748587,36,1685227390534,38743,162685470,460,1503090,86913804
32e1af2de0eb,e0a77e748587,39,1685227390573,38743,162685470,460,1503090,86913804
32e1af2de0eb,e0a77e748587,20,1685227394015,38743,162685470,460,1503090,86913804
32e1af2de0eb,e0a77e748587,8,1685227396597,38743,162685470,460,1503090,86913804
32e1af2de0eb,e0a77e748587,11,1685227396642,38743,162685470,460,1503090,86913804
32e1af2de0eb,e0a77e748587,21,1685227396642,38743,162685470,460,1503090,86913804
32e1af2de0eb,e0a77e748587,20,1685227407357,38743,162685470,460,1503090,86913804
32e1af2de0eb,e0a77e748587,2,1685227709751,38743,162685471,460,1503090,86913804
32e1af2de0eb,e0a77e748587,36,1685227709821,38743,162685471,460,1503090,86913804
32e1af2de0eb,e0a77e748587,18,1685227723103,38743,162685471,460,1503090,86913804
32e1af2de0eb,e0a77e748587,36,1685227723163,38743,162685471,460,1503090,86913804
32e1af2de0eb,e0a77e748587,20,1685227733037,38743,162685471,460,1503090,86913804
32e1af2de0eb,e0a77e748587,1,1685230459078,38743,162685466,460,1503090,86913804
32e1af2de0eb,e0a77e748587,7,1685230459078,38743,162685466,460,1503090,86913804
32e1af2de0eb,e0a77e748587,31,1685230459628,38743,162685466,460,1503090,86913804
32e1af2de0eb,e0a77e748587,18,1685230460046,38743,162685466,460,1503090,86913804
32e1af2de0eb,e0a77e748587,41,1685230460046,38743,162685466,460,1503090,86913804
32e1af2de0eb,e0a77e748587,36,1685230460097,38743,162685466,460,1503090,86913804
32e1af2de0eb,e0a77e748587,39,1685230460142,38743,162685466,460,1503090,86913804
32e1af2de0eb,e0a77e748587,67,1685230460147,38743,162685466,460,1503090,86913804
32e1af2de0eb,e0a77e748587,41,1685230460339,38743,162685466,460,1503090,86913804
32e1af2de0eb,e0a77e748587,7,1685230472423,38743,162685466,460,1503090,86913804
32e1af2de0eb,e0a77e748587,1,1685230472423,38743,162685466,460,1503090,86913804
32e1af2de0eb,e0a77e748587,30,1685230472604,38743,162685466,460,1503090,86913804
32e1af2de0eb,e0a77e748587,31,1685230472973,38743,162685466,460,1503090,86913804
32e1af2de0eb,e0a77e748587,36,1685230473443,38743,162685466,460,1503090,86913804
32e1af2de0eb,e0a77e748587,39,1685230473487,38743,162685466,460,1503090,86913804
32e1af2de0eb,e0a77e748587,67,1685230473492,38743,162685466,460,1503090,86913804
32e1af2de0eb,e0a77e748587,7,1685230473537,38743,162685466,460,1503090,86913804
32e1af2de0eb,e0a77e748587,41,1685230473684,38743,162685466,460,1503090,86913804
32e1af2de0eb,e0a77e748587,39,1685230477210,38743,162685465,460,1503090,86913804
32e1af2de0eb,e0a77e748587,39,1685230480633,38743,162685466,460,1503090,86913804
32e1af2de0eb,e0a77e748587,39,1685230483359,38743,162685465,460,1503090,86913804
32e1af2de0eb,e0a77e748587,20,1685230493294,38743,162685465,460,1503090,86913804
32e1af2de0eb,e0a77e748587,39,1685230493979,38743,162685466,460,1503090,86913804
32e1af2de0eb,e0a77e748587,39,1685230496704,38743,162685465,460,1503090,86913804
32e1af2de0eb,e0a77e748587,20,1685230517236,38743,162685466,460,1503090,86913804
32e1af2de0eb,e0a77e748587,20,1685230530581,38743,162685466,460,1503090,86913804
32e1af2de0eb,e0a77e748587,5,1685230576897,38743,162685468,460,1503090,86913804
32e1af2de0eb,e0a77e748587,20,1685230576975,38743,162685468,460,1503090,86913804
32e1af2de0eb,e0a77e748587,5,1685230590242,38743,162685468,460,1503090,86913804
32e1af2de0eb,e0a77e748587,20,1685230590320,38743,162685468,460,1503090,86913804
32e1af2de0eb,e0a77e748587,5,1685230781980,38743,162685465,460,1503090,86913804
32e1af2de0eb,e0a77e748587,30,1685230782185,38743,162685465,460,1503090,86913804
32e1af2de0eb,e0a77e748587,4,1685230782946,38743,162685465,460,1503090,86913804
32e1af2de0eb,e0a77e748587,36,1685230783130,38743,162685465,460,1503090,86913804
32e1af2de0eb,e0a77e748587,7,1685230783185,38743,162685465,460,1503090,86913804
32e1af2de0eb,e0a77e748587,12,1685230783215,38743,162685465,460,1503090,86913804
32e1af2de0eb,e0a77e748587,41,1685230783330,38743,162685465,460,1503090,86913804
32e1af2de0eb,e0a77e748587,30,1685230795531,38743,162685465,460,1503090,86913804
32e1af2de0eb,e0a77e748587,20,1685230796219,38743,162685465,460,1503090,86913804
32e1af2de0eb,e0a77e748587,4,1685230796291,38743,162685465,460,1503090,86913804
32e1af2de0eb,e0a77e748587,2,1685230796400,38743,162685465,460,1503090,86913804
32e1af2de0eb,e0a77e748587,18,1685230796412,38743,162685465,460,1503090,86913804
32e1af2de0eb,e0a77e748587,36,1685230796475,38743,162685465,460,1503090,86913804
32e1af2de0eb,e0a77e748587,7,1685230796530,38743,162685465,460,1503090,86913804
32e1af2de0eb,e0a77e748587,12,1685230796560,38743,162685465,460,1503090,86913804
32e1af2de0eb,e0a77e748587,34,1685230796675,38743,162685465,460,1503090,86913804
32e1af2de0eb,e0a77e748587,41,1685230796675,38743,162685465,460,1503090,86913804
32e1af2de0eb,e0a77e748587,20,1685230821380,38743,162685465,460,1503090,86913804
32e1af2de0eb,e0a77e748587,18,1685231035922,38743,162685468,460,1503090,86913804
32e1af2de0eb,e0a77e748587,36,1685231035995,38743,162685468,460,1503090,86913804
32e1af2de0eb,e0a77e748587,2,1685231049255,38743,162685468,460,1503090,86913804
32e1af2de0eb,e0a77e748587,18,1685231049267,38743,162685468,460,1503090,86913804
32e1af2de0eb,e0a77e748587,36,1685231049340,38743,162685468,460,1503090,86913804
32e1af2de0eb,e0a77e748587,39,1685231055171,38743,162685465,460,1503090,86913804
32e1af2de0eb,e0a77e748587,2,1685231066094,38743,162685468,460,1503090,86913804
32e1af2de0eb,e0a77e748587,18,1685231066105,38743,162685468,460,1503090,86913804
32e1af2de0eb,e0a77e748587,36,1685231066169,38743,162685468,460,1503090,86913804
32e1af2de0eb,e0a77e748587,39,1685231066220,38743,162685468,460,1503090,86913804
32e1af2de0eb,e0a77e748587,20,1685231069021,38743,162685465,460,1503090,86913804
32e1af2de0eb,e0a77e748587,18,1685231079450,38743,162685468,460,1503090,86913804
32e1af2de0eb,e0a77e748587,39,1685231079565,38743,162685468,460,1503090,86913804
32e1af2de0eb,e0a77e748587,20,1685231092082,38743,162685465,460,1503090,86913804
32e1af2de0eb,e0a77e748587,2,1685231094749,38743,162685471,460,1503090,86913804
32e1af2de0eb,e0a77e748587,18,1685231094760,38743,162685471,460,1503090,86913804
32e1af2de0eb,e0a77e748587,36,1685231094819,38743,162685471,460,1503090,86913804
32e1af2de0eb,e0a77e748587,39,1685231094861,38743,162685471,460,1503090,86913804
32e1af2de0eb,e0a77e748587,18,1685231108105,38743,162685471,460,1503090,86913804
32e1af2de0eb,e0a77e748587,36,1685231108165,38743,162685471,460,1503090,86913804
32e1af2de0eb,e0a77e748587,39,1685231108206,38743,162685471,460,1503090,86913804
32e1af2de0eb,e0a77e748587,8,1685231121299,38743,162685471,460,1503090,86913804
32e1af2de0eb,e0a77e748587,11,1685231121343,38743,162685471,460,1503090,86913804
32e1af2de0eb,e0a77e748587,20,1685231131689,38743,162685471,460,1503090,86913804
32e1af2de0eb,e0a77e748587,8,1685231134644,38743,162685471,460,1503090,86913804
32e1af2de0eb,e0a77e748587,11,1685231134688,38743,162685471,460,1503090,86913804
32e1af2de0eb,e0a77e748587,1,1685231282338,38743,162675480,460,1503090,86913804
32e1af2de0eb,e0a77e748587,7,1685231282338,38743,162675480,460,1503090,86913804
32e1af2de0eb,e0a77e748587,30,1685231282500,38743,162675480,460,1503090,86913804
32e1af2de0eb,e0a77e748587,31,1685231282854,38743,162675480,460,1503090,86913804
32e1af2de0eb,e0a77e748587,41,1685231283355,38743,162675480,460,1503090,86913804
32e1af2de0eb,e0a77e748587,39,1685231283482,38743,162675480,460,1503090,86913804
32e1af2de0eb,e0a77e748587,67,1685231283503,38743,162675480,460,1503090,86913804
32e1af2de0eb,e0a77e748587,7,1685231283573,38743,162675480,460,1503090,86913804
32e1af2de0eb,e0a77e748587,34,1685231283688,38743,162675480,460,1503090,86913804
32e1af2de0eb,e0a77e748587,1,1685231295683,38743,162675480,460,1503090,86913804
32e1af2de0eb,e0a77e748587,7,1685231295683,38743,162675480,460,1503090,86913804
32e1af2de0eb,e0a77e748587,30,1685231295845,38743,162675480,460,1503090,86913804
32e1af2de0eb,e0a77e748587,41,1685231296701,38743,162675480,460,1503090,86913804
32e1af2de0eb,e0a77e748587,18,1685231296701,38743,162675480,460,1503090,86913804
32e1af2de0eb,e0a77e748587,36,1685231296791,38743,162675480,460,1503090,86913804
32e1af2de0eb,e0a77e748587,39,1685231296828,38743,162675480,460,1503090,86913804
32e1af2de0eb,e0a77e748587,41,1685231297033,38743,162675480,460,1503090,86913804
32e1af2de0eb,e0a77e748587,34,1685231297033,38743,162675480,460,1503090,86913804
32e1af2de0eb,e0a77e748587,39,1685231303944,38743,162675481,460,1503090,86913804
32e1af2de0eb,e0a77e748587,39,1685231309999,38743,162675480,460,1503090,86913804
32e1af2de0eb,e0a77e748587,20,1685231319825,38743,162675480,460,1503090,86913804
32e1af2de0eb,e0a77e748587,39,1685231323344,38743,162675480,460,1503090,86913804
32e1af2de0eb,e0a77e748587,20,1685231333170,38743,162675480,460,1503090,86913804
32e1af2de0eb,e0a77e748587,2,1685233652887,38743,162675487,460,1503090,86913804
32e1af2de0eb,e0a77e748587,36,1685233652953,38743,162675487,460,1503090,86913804
32e1af2de0eb,e0a77e748587,36,1685233666297,38743,162675487,460,1503090,86913804
32e1af2de0eb,e0a77e748587,8,1685233797177,38743,162675487,460,1503090,86913804
32e1af2de0eb,e0a77e748587,21,1685233797205,38743,162675487,460,1503090,86913804
32e1af2de0eb,e0a77e748587,11,1685233797205,38743,162675487,460,1503090,86913804
32e1af2de0eb,e0a77e748587,8,1685233810521,38743,162675487,460,1503090,86913804
32e1af2de0eb,e0a77e748587,11,1685233810549,38743,162675487,460,1503090,86913804
32e1af2de0eb,e0a77e748587,21,1685233810549,38743,162675487,460,1503090,86913804
32e1af2de0eb,e0a77e748587,20,1685233821173,38743,162675487,460,1503090,86913804
32e1af2de0eb,e0a77e748587,2,1685234287182,38743,162675487,460,1503090,86913804
32e1af2de0eb,e0a77e748587,18,1685234287193,38743,162675487,460,1503090,86913804
32e1af2de0eb,e0a77e748587,36,1685234287242,38743,162675487,460,1503090,86913804
32e1af2de0eb,e0a77e748587,39,1685234287274,38743,162675487,460,1503090,86913804
32e1af2de0eb,e0a77e748587,20,1685234297074,38743,162675487,460,1503090,86913804
32e1af2de0eb,e0a77e748587,36,1685234300586,38743,162675487,460,1503090,86913804
32e1af2de0eb,e0a77e748587,20,1685234310418,38743,162675487,460,1503090,86913804
32e1af2de0eb,e0a77e748587,4,1685235047099,38743,162675487,460,1503090,86913804
32e1af2de0eb,e0a77e748587,18,1685235048448,38743,162675487,460,1503090,86913804
32e1af2de0eb,e0a77e748587,39,1685235048537,38743,162675487,460,1503090,86913804
32e1af2de0eb,e0a77e748587,4,1685235060443,38743,162675487,460,1503090,86913804
32e1af2de0eb,e0a77e748587,2,1685235061781,38743,162675487,460,1503090,86913804
32e1af2de0eb,e0a77e748587,18,1685235061791,38743,162675487,460,1503090,86913804
32e1af2de0eb,e0a77e748587,36,1685235061852,38743,162675487,460,1503090,86913804
32e1af2de0eb,e0a77e748587,39,1685235061881,38743,162675487,460,1503090,86913804
32e1af2de0eb,e0a77e748587,20,1685235071701,38743,162675487,460,1503090,86913804
32e1af2de0eb,e0a77e748587,7,1685236369312,38743,162675480,460,1503090,86913804
32e1af2de0eb,e0a77e748587,1,1685236369312,38743,162675480,460,1503090,86913804
32e1af2de0eb,e0a77e748587,31,1685236369811,38743,162675480,460,1503090,86913804
32e1af2de0eb,e0a77e748587,41,1685236370232,38743,162675480,460,1503090,86913804
32e1af2de0eb,e0a77e748587,36,1685236370300,38743,162675480,460,1503090,86913804
32e1af2de0eb,e0a77e748587,39,1685236370332,38743,162675480,460,1503090,86913804
32e1af2de0eb,e0a77e748587,67,1685236370343,38743,162675480,460,1503090,86913804
32e1af2de0eb,e0a77e748587,41,1685236370504,38743,162675480,460,1503090,86913804
32e1af2de0eb,e0a77e748587,34,1685236370504,38743,162675480,460,1503090,86913804
32e1af2de0eb,e0a77e748587,5,1685236379547,38743,162675480,460,1503090,86913804
32e1af2de0eb,e0a77e748587,20,1685236379556,38743,162675480,460,1503090,86913804
32e1af2de0eb,e0a77e748587,20,1685236379637,38743,162675480,460,1503090,86913804
32e1af2de0eb,e0a77e748587,1,1685236382654,38743,162675480,460,1503090,86913804
32e1af2de0eb,e0a77e748587,7,1685236382654,38743,162675480,460,1503090,86913804
32e1af2de0eb,e0a77e748587,31,1685236383153,38743,162675480,460,1503090,86913804
32e1af2de0eb,e0a77e748587,41,1685236383574,38743,162675480,460,1503090,86913804
32e1af2de0eb,e0a77e748587,18,1685236383574,38743,162675480,460,1503090,86913804
32e1af2de0eb,e0a77e748587,36,1685236383642,38743,162675480,460,1503090,86913804
32e1af2de0eb,e0a77e748587,39,1685236383674,38743,162675480,460,1503090,86913804
32e1af2de0eb,e0a77e748587,67,1685236383685,38743,162675480,460,1503090,86913804
32e1af2de0eb,e0a77e748587,41,1685236383846,38743,162675480,460,1503090,86913804
32e1af2de0eb,e0a77e748587,4,1685236384915,38743,162675480,460,1503090,86913804
32e1af2de0eb,e0a77e748587,2,1685236386042,38743,162675480,460,1503090,86913804
32e1af2de0eb,e0a77e748587,18,1685236386054,38743,162675480,460,1503090,86913804
32e1af2de0eb,e0a77e748587,36,1685236386112,38743,162675480,460,1503090,86913804
32e1af2de0eb,e0a77e748587,39,1685236386144,38743,162675480,460,1503090,86913804
32e1af2de0eb,e0a77e748587,5,1685236392889,38743,162675480,460,1503090,86913804
32e1af2de0eb,e0a77e748587,4,1685236398257,38743,162675480,460,1503090,86913804
32e1af2de0eb,e0a77e748587,2,1685236399384,38743,162675480,460,1503090,86913804
32e1af2de0eb,e0a77e748587,18,1685236399396,38743,162675480,460,1503090,86913804
32e1af2de0eb,e0a77e748587,39,1685236399486,38743,162675480,460,1503090,86913804
32e1af2de0eb,e0a77e748587,20,1685236409357,38743,162675480,460,1503090,86913804
32e1af2de0eb,e0a77e748587,2,1685237390948,38743,162685471,460,1503090,86913804
32e1af2de0eb,e0a77e748587,36,1685237391012,38743,162685471,460,1503090,86913804
32e1af2de0eb,e0a77e748587,39,1685237391067,38743,162685471,460,1503090,86913804
32e1af2de0eb,e0a77e748587,2,1685237404288,38743,162685471,460,1503090,86913804
32e1af2de0eb,e0a77e748587,36,1685237404352,38743,162685471,460,1503090,86913804
32e1af2de0eb,e0a77e748587,20,1685237417259,38743,162685471,460,1503090,86913804
32e1af2de0eb,e0a77e748587,30,1685238221120,38743,162685465,460,1503090,86913804
32e1af2de0eb,e0a77e748587,20,1685238221784,38743,162685465,460,1503090,86913804
32e1af2de0eb,e0a77e748587,4,1685238221835,38743,162685465,460,1503090,86913804
32e1af2de0eb,e0a77e748587,2,1685238221971,38743,162685465,460,1503090,86913804
32e1af2de0eb,e0a77e748587,18,1685238221976,38743,162685465,460,1503090,86913804
32e1af2de0eb,e0a77e748587,12,1685238222100,38743,162685465,460,1503090,86913804
32e1af2de0eb,e0a77e748587,19,1685238222100,38743,162685465,460,1503090,86913804
32e1af2de0eb,e0a77e748587,41,1685238222219,38743,162685465,460,1503090,86913804
32e1af2de0eb,e0a77e748587,34,1685238222219,38743,162685465,460,1503090,86913804
32e1af2de0eb,e0a77e748587,30,1685238234459,38743,162685465,460,1503090,86913804
32e1af2de0eb,e0a77e748587,20,1685238235124,38743,162685465,460,1503090,86913804
32e1af2de0eb,e0a77e748587,4,1685238235174,38743,162685465,460,1503090,86913804
32e1af2de0eb,e0a77e748587,2,1685238235311,38743,162685465,460,1503090,86913804
32e1af2de0eb,e0a77e748587,36,1685238235376,38743,162685465,460,1503090,86913804
32e1af2de0eb,e0a77e748587,7,1685238235431,38743,162685465,460,1503090,86913804
32e1af2de0eb,e0a77e748587,39,1685238235431,38743,162685465,460,1503090,86913804
32e1af2de0eb,e0a77e748587,19,1685238235440,38743,162685465,460,1503090,86913804
32e1af2de0eb,e0a77e748587,12,1685238235440,38743,162685465,460,1503090,86913804
32e1af2de0eb,e0a77e748587,34,1685238235559,38743,162685465,460,1503090,86913804
32e1af2de0eb,e0a77e748587,41,1685238235559,38743,162685465,460,1503090,86913804
32e1af2de0eb,e0a77e748587,20,1685238247880,38743,162685465,460,1503090,86913804
32e1af2de0eb,e0a77e748587,18,1685238997235,38743,162685471,460,1503090,86913804
32e1af2de0eb,e0a77e748587,36,1685238997302,38743,162685471,460,1503090,86913804
32e1af2de0eb,e0a77e748587,39,1685238997356,38743,162685471,460,1503090,86913804
32e1af2de0eb,e0a77e748587,20,1685239009137,38743,162685471,460,1503090,86913804
32e1af2de0eb,e0a77e748587,2,1685239010570,38743,162685471,460,1503090,86913804
32e1af2de0eb,e0a77e748587,18,1685239010574,38743,162685471,460,1503090,86913804
32e1af2de0eb,e0a77e748587,36,1685239010640,38743,162685471,460,1503090,86913804
32e1af2de0eb,e0a77e748587,20,1685239022475,38743,162685471,460,1503090,86913804
32e1af2de0eb,e0a77e748587,4,1685239831094,38743,162685466,460,1503090,86913804
32e1af2de0eb,e0a77e748587,2,1685239831822,38743,162685466,460,1503090,86913804
32e1af2de0eb,e0a77e748587,18,1685239831827,38743,162685466,460,1503090,86913804
32e1af2de0eb,e0a77e748587,4,1685239844431,38743,162685466,460,1503090,86913804
32e1af2de0eb,e0a77e748587,2,1685239845159,38743,162685466,460,1503090,86913804
32e1af2de0eb,e0a77e748587,2,1685241225610,38743,162642208,460,1503090,86913804
32e1af2de0eb,e0a77e748587,39,1685241225725,38743,162642208,460,1503090,86913804
32e1af2de0eb,e0a77e748587,20,1685241235506,38743,162642208,460,1503090,86913804
32e1af2de0eb,e0a77e748587,2,1685241238944,38743,162642208,460,1503090,86913804
32e1af2de0eb,e0a77e748587,36,1685241239024,38743,162642208,460,1503090,86913804
32e1af2de0eb,e0a77e748587,39,1685241239059,38743,162642208,460,1503090,86913804
32e1af2de0eb,e0a77e748587,20,1685241248840,38743,162642208,460,1503090,86913804
32e1af2de0eb,e0a77e748587,2,1685241386660,38743,162642202,460,1503090,86913804
32e1af2de0eb,e0a77e748587,18,1685241386669,38743,162642202,460,1503090,86913804
32e1af2de0eb,e0a77e748587,36,1685241386720,38743,162642202,460,1503090,86913804
32e1af2de0eb,e0a77e748587,39,1685241386754,38743,162642202,460,1503090,86913804
32e1af2de0eb,e0a77e748587,39,1685241400087,38743,162642202,460,1503090,86913804
32e1af2de0eb,e0a77e748587,20,1685241409949,38743,162642202,460,1503090,86913804
32e1af2de0eb,e0a77e748587,18,1685244020979,38743,162683936,460,1503090,86913804
32e1af2de0eb,e0a77e748587,36,1685244021030,38743,162683936,460,1503090,86913804
32e1af2de0eb,e0a77e748587,39,1685244021069,38743,162683936,460,1503090,86913804
32e1af2de0eb,e0a77e748587,20,1685244033860,38743,162683936,460,1503090,86913804
32e1af2de0eb,e0a77e748587,5,1685244033870,38743,162683936,460,1503090,86913804
32e1af2de0eb,e0a77e748587,2,1685244034298,38743,162683936,460,1503090,86913804
32e1af2de0eb,e0a77e748587,18,1685244034307,38743,162683936,460,1503090,86913804
32e1af2de0eb,e0a77e748587,36,1685244034359,38743,162683936,460,1503090,86913804
32e1af2de0eb,e0a77e748587,4,1685244034365,38743,162683936,460,1503090,86913804
32e1af2de0eb,e0a77e748587,39,1685244034398,38743,162683936,460,1503090,86913804
32e1af2de0eb,e0a77e748587,4,1685244047694,38743,162683936,460,1503090,86913804
32e1af2de0eb,e0a77e748587,18,1685244049041,38743,162683936,460,1503090,86913804
32e1af2de0eb,e0a77e748587,36,1685244049084,38743,162683936,460,1503090,86913804
32e1af2de0eb,e0a77e748587,4,1685244061688,38743,162683936,460,1503090,86913804
32e1af2de0eb,e0a77e748587,2,1685244062358,38743,162683936,460,1503090,86913804
32e1af2de0eb,e0a77e748587,18,1685244062370,38743,162683936,460,1503090,86913804
32e1af2de0eb,e0a77e748587,36,1685244062413,38743,162683936,460,1503090,86913804
32e1af2de0eb,e0a77e748587,39,1685244062458,38743,162683936,460,1503090,86913804
32e1af2de0eb,e0a77e748587,20,1685244078947,38743,162683936,460,1503090,86913804
32e1af2de0eb,e0a77e748587,4,1685244081221,38743,162683936,460,1503090,86913804
32e1af2de0eb,e0a77e748587,2,1685244081395,38743,162683936,460,1503090,86913804
32e1af2de0eb,e0a77e748587,18,1685244081405,38743,162683936,460,1503090,86913804
32e1af2de0eb,e0a77e748587,36,1685244081460,38743,162683936,460,1503090,86913804
32e1af2de0eb,e0a77e748587,39,1685244081501,38743,162683936,460,1503090,86913804
32e1af2de0eb,e0a77e748587,39,1685244088025,38743,162683935,460,1503090,86913804
32e1af2de0eb,e0a77e748587,20,1685244092276,38743,162683936,460,1503090,86913804
32e1af2de0eb,e0a77e748587,39,1685244094830,38743,162683936,460,1503090,86913804
32e1af2de0eb,e0a77e748587,39,1685244101354,38743,162683935,460,1503090,86913804
32e1af2de0eb,e0a77e748587,4,1685244154696,38743,162683935,460,1503090,86913804
32e1af2de0eb,e0a77e748587,18,1685244154759,38743,162683935,460,1503090,86913804
32e1af2de0eb,e0a77e748587,36,1685244154808,38743,162683935,460,1503090,86913804
32e1af2de0eb,e0a77e748587,18,1685244178130,38743,162683935,460,1503090,86913804
32e1af2de0eb,e0a77e748587,36,1685244178180,38743,162683935,460,1503090,86913804
32e1af2de0eb,e0a77e748587,20,1685244187683,38743,162683935,460,1503090,86913804
32e1af2de0eb,e0a77e748587,2,1685244191449,38743,162683935,460,1503090,86913804
32e1af2de0eb,e0a77e748587,18,1685244191459,38743,162683935,460,1503090,86913804
32e1af2de0eb,e0a77e748587,36,1685244191509,38743,162683935,460,1503090,86913804
32e1af2de0eb,e0a77e748587,39,1685244191548,38743,162683935,460,1503090,86913804
32e1af2de0eb,e0a77e748587,20,1685244199063,38743,162683935,460,1503090,86913804
32e1af2de0eb,e0a77e748587,2,1685244212360,38743,162683935,460,1503090,86913804
32e1af2de0eb,e0a77e748587,18,1685244212368,38743,162683935,460,1503090,86913804
32e1af2de0eb,e0a77e748587,36,1685244225743,38743,162683935,460,1503090,86913804
32e1af2de0eb,e0a77e748587,39,1685244225788,38743,162683935,460,1503090,86913804
32e1af2de0eb,e0a77e748587,2,1685244227424,38743,162683935,460,1503090,86913804
32e1af2de0eb,e0a77e748587,18,1685244227433,38743,162683935,460,1503090,86913804
32e1af2de0eb,e0a77e748587,36,1685244227489,38743,162683935,460,1503090,86913804
32e1af2de0eb,e0a77e748587,20,1685244238583,38743,162683935,460,1503090,86913804
32e1af2de0eb,e0a77e748587,18,1685244240762,38743,162683935,460,1503090,86913804
32e1af2de0eb,e0a77e748587,39,1685244240858,38743,162683935,460,1503090,86913804
32e1af2de0eb,e0a77e748587,18,1685244260605,38743,162683935,460,1503090,86913804
32e1af2de0eb,e0a77e748587,2,1685244273923,38743,162683935,460,1503090,86913804
32e1af2de0eb,e0a77e748587,18,1685244273933,38743,162683935,460,1503090,86913804
32e1af2de0eb,e0a77e748587,20,1685244301811,38743,162683935,460,1503090,86913804
32e1af2de0eb,e0a77e748587,20,1685244301825,38743,162683935,460,1503090,86913804
32e1af2de0eb,e0a77e748587,36,1685244305303,38743,162683935,460,1503090,86913804
32e1af2de0eb,e0a77e748587,36,1685244319909,38743,162683935,460,1503090,86913804
32e1af2de0eb,e0a77e748587,39,1685244319949,38743,162683935,460,1503090,86913804
32e1af2de0eb,e0a77e748587,2,1685244333168,38743,162683935,460,1503090,86913804
32e1af2de0eb,e0a77e748587,36,1685244333238,38743,162683935,460,1503090,86913804
32e1af2de0eb,e0a77e748587,39,1685244333278,38743,162683935,460,1503090,86913804
32e1af2de0eb,e0a77e748587,20,1685244333793,38743,162683935,460,1503090,86913804
32e1af2de0eb,e0a77e748587,5,1685244344344,38743,162683935,460,1503090,86913804
32e1af2de0eb,e0a77e748587,36,1685244344399,38743,162683935,460,1503090,86913804
32e1af2de0eb,e0a77e748587,39,1685244344444,38743,162683935,460,1503090,86913804
32e1af2de0eb,e0a77e748587,20,1685244347122,38743,162683935,460,1503090,86913804
32e1af2de0eb,e0a77e748587,5,1685244357673,38743,162683935,460,1503090,86913804
32e1af2de0eb,e0a77e748587,36,1685244357728,38743,162683935,460,1503090,86913804
32e1af2de0eb,e0a77e748587,39,1685244361725,38743,162683928,460,1503090,86913804
32e1af2de0eb,e0a77e748587,20,1685244371637,38743,162683928,460,1503090,86913804
32e1af2de0eb,e0a77e748587,4,1685244374674,38743,162683928,460,1503090,86913804
32e1af2de0eb,e0a77e748587,39,1685244375054,38743,162683928,460,1503090,86913804
32e1af2de0eb,e0a77e748587,36,1685244379024,38743,162683928,460,1503090,86913804
32e1af2de0eb,e0a77e748587,39,1685244379064,38743,162683928,460,1503090,86913804
32e1af2de0eb,e0a77e748587,5,1685244384244,38743,162683928,460,1503090,86913804
32e1af2de0eb,e0a77e748587,20,1685244384965,38743,162683928,460,1503090,86913804
32e1af2de0eb,e0a77e748587,2,1685244392293,38743,162683928,460,1503090,86913804
32e1af2de0eb,e0a77e748587,36,1685244392353,38743,162683928,460,1503090,86913804
32e1af2de0eb,e0a77e748587,5,1685244397573,38743,162683928,460,1503090,86913804
32e1af2de0eb,e0a77e748587,20,1685244397584,38743,162683928,460,1503090,86913804
32e1af2de0eb,e0a77e748587,20,1685244397649,38743,162683928,460,1503090,86913804
32e1af2de0eb,e0a77e748587,36,1685244401148,38743,162683928,460,1503090,86913804
32e1af2de0eb,e0a77e748587,20,1685244403724,38743,162683928,460,1503090,86913804
32e1af2de0eb,e0a77e748587,20,1685244417053,38743,162683928,460,1503090,86913804
32e1af2de0eb,e0a77e748587,36,1685244419989,38743,162683928,460,1503090,86913804
32e1af2de0eb,e0a77e748587,39,1685244420032,38743,162683928,460,1503090,86913804
32e1af2de0eb,e0a77e748587,18,1685244433267,38743,162683928,460,1503090,86913804
32e1af2de0eb,e0a77e748587,20,1685244448228,38743,162683928,460,1503090,86913804
32e1af2de0eb,e0a77e748587,4,1685244455147,38743,162683928,460,1503090,86913804
32e1af2de0eb,e0a77e748587,2,1685244456469,38743,162683928,460,1503090,86913804
32e1af2de0eb,e0a77e748587,36,1685244456529,38743,162683928,460,1503090,86913804
32e1af2de0eb,e0a77e748587,39,1685244456570,38743,162683928,460,1503090,86913804
32e1af2de0eb,e0a77e748587,20,1685244461617,38743,162683928,460,1503090,86913804
32e1af2de0eb,e0a77e748587,20,1685244461674,38743,162683928,460,1503090,86913804
32e1af2de0eb,e0a77e748587,4,1685244469135,38743,162683928,460,1503090,86913804
32e1af2de0eb,e0a77e748587,2,1685244469374,38743,162683928,460,1503090,86913804
32e1af2de0eb,e0a77e748587,18,1685244469384,38743,162683928,460,1503090,86913804
32e1af2de0eb,e0a77e748587,39,1685244469470,38743,162683928,460,1503090,86913804
32e1af2de0eb,e0a77e748587,2,1685244469798,38743,162683928,460,1503090,86913804
32e1af2de0eb,e0a77e748587,36,1685244469858,38743,162683928,460,1503090,86913804
32e1af2de0eb,e0a77e748587,39,1685244469898,38743,162683928,460,1503090,86913804
32e1af2de0eb,e0a77e748587,2,1685244482703,38743,162683928,460,1503090,86913804
32e1af2de0eb,e0a77e748587,39,1685244482799,38743,162683928,460,1503090,86913804
32e1af2de0eb,e0a77e748587,20,1685244494285,38743,162683928,460,1503090,86913804
32e1af2de0eb,e0a77e748587,2,1685244501424,38743,162683928,460,1503090,86913804
32e1af2de0eb,e0a77e748587,36,1685244501484,38743,162683928,460,1503090,86913804
32e1af2de0eb,e0a77e748587,39,1685244501534,38743,162683928,460,1503090,86913804
32e1af2de0eb,e0a77e748587,8,1685244502864,38743,162683928,460,1503090,86913804
32e1af2de0eb,e0a77e748587,11,1685244502893,38743,162683928,460,1503090,86913804
32e1af2de0eb,e0a77e748587,2,1685244514753,38743,162683928,460,1503090,86913804
32e1af2de0eb,e0a77e748587,18,1685244514763,38743,162683928,460,1503090,86913804
32e1af2de0eb,e0a77e748587,36,1685244514813,38743,162683928,460,1503090,86913804
32e1af2de0eb,e0a77e748587,39,1685244514863,38743,162683928,460,1503090,86913804
32e1af2de0eb,e0a77e748587,8,1685244516192,38743,162683928,460,1503090,86913804
32e1af2de0eb,e0a77e748587,36,1685244551364,38743,162683928,460,1503090,86913804
32e1af2de0eb,e0a77e748587,39,1685244551420,38743,162683928,460,1503090,86913804
32e1af2de0eb,e0a77e748587,18,1685244564628,38743,162683928,460,1503090,86913804
32e1af2de0eb,e0a77e748587,39,1685244564748,38743,162683928,460,1503090,86913804
32e1af2de0eb,e0a77e748587,20,1685244574553,38743,162683928,460,1503090,86913804
32e1af2de0eb,e0a77e748587,5,1685245325293,38743,162687262,460,1503090,86913804
32e1af2de0eb,e0a77e748587,20,1685245325371,38743,162687262,460,1503090,86913804
32e1af2de0eb,e0a77e748587,20,1685245345218,38747,162682398,460,1503090,86913804
32e1af2de0eb,e0a77e748587,5,1685245358462,38747,162682398,460,1503090,86913804
32e1af2de0eb,e0a77e748587,20,1685245358546,38747,162682398,460,1503090,86913804
32e1af2de0eb,e0a77e748587,20,1685245477038,38743,162564390,460,1503090,86913804
32e1af2de0eb,e0a77e748587,20,1685245490366,38743,162564390,460,1503090,86913804
32e1af2de0eb,e0a77e748587,5,1685245537869,38747,162682398,460,1503090,86913804
32e1af2de0eb,e0a77e748587,5,1685245551197,38747,162682398,460,1503090,86913804
32e1af2de0eb,e0a77e748587,5,1685245551216,38743,162564389,460,1503090,86913804
32e1af2de0eb,e0a77e748587,20,1685245551275,38747,162682398,460,1503090,86913804
32e1af2de0eb,e0a77e748587,5,1685245564544,38743,162564389,460,1503090,86913804
32e1af2de0eb,e0a77e748587,5,1685245688104,38747,162682398,460,1503090,86913804
32e1af2de0eb,e0a77e748587,5,1685245696004,38743,162564382,460,1503090,86913804
32e1af2de0eb,e0a77e748587,5,1685245700919,38747,162682398,460,1503090,86913804
32e1af2de0eb,e0a77e748587,20,1685245701028,38747,162682398,460,1503090,86913804
32e1af2de0eb,e0a77e748587,5,1685245701432,38747,162682398,460,1503090,86913804
32e1af2de0eb,e0a77e748587,20,1685245701531,38747,162682398,460,1503090,86913804
32e1af2de0eb,e0a77e748587,20,1685245709416,38743,162564382,460,1503090,86913804
32e1af2de0eb,e0a77e748587,5,1685245714247,38747,162682398,460,1503090,86913804
32e1af2de0eb,e0a77e748587,20,1685245714356,38747,162682398,460,1503090,86913804
32e1af2de0eb,e0a77e748587,5,1685245718905,38743,162564382,460,1503090,86913804
32e1af2de0eb,e0a77e748587,5,1685245732233,38743,162564382,460,1503090,86913804
32e1af2de0eb,e0a77e748587,20,1685245732366,38743,162564382,460,1503090,86913804
32e1af2de0eb,e0a77e748587,5,1685245750087,38747,162682398,460,1503090,86913804
32e1af2de0eb,e0a77e748587,2,1685245799739,38747,162682398,460,1503090,86913804
32e1af2de0eb,e0a77e748587,18,1685245799744,38747,162682398,460,1503090,86913804
32e1af2de0eb,e0a77e748587,36,1685245799805,38747,162682398,460,1503090,86913804
32e1af2de0eb,e0a77e748587,7,1685245799870,38747,162682398,460,1503090,86913804
32e1af2de0eb,e0a77e748587,34,1685245800094,38747,162682398,460,1503090,86913804
32e1af2de0eb,e0a77e748587,41,1685245800094,38747,162682398,460,1503090,86913804
32e1af2de0eb,e0a77e748587,2,1685245813067,38747,162682398,460,1503090,86913804
32e1af2de0eb,e0a77e748587,18,1685245813072,38747,162682398,460,1503090,86913804
32e1af2de0eb,e0a77e748587,7,1685245813198,38747,162682398,460,1503090,86913804
32e1af2de0eb,e0a77e748587,34,1685245813422,38747,162682398,460,1503090,86913804
32e1af2de0eb,e0a77e748587,11,1685245814813,38747,162682398,460,1503090,86913804
32e1af2de0eb,e0a77e748587,8,1685245828117,38747,162682398,460,1503090,86913804
32e1af2de0eb,e0a77e748587,5,1685245878780,38747,162682392,460,1503090,86913804
32e1af2de0eb,e0a77e748587,20,1685245878828,38747,162682392,460,1503090,86913804
32e1af2de0eb,e0a77e748587,5,1685245886015,38747,162682398,460,1503090,86913804
32e1af2de0eb,e0a77e748587,20,1685245886083,38747,162682398,460,1503090,86913804
32e1af2de0eb,e0a77e748587,5,1685245892108,38747,162682392,460,1503090,86913804
32e1af2de0eb,e0a77e748587,20,1685245892156,38747,162682392,460,1503090,86913804
32e1af2de0eb,e0a77e748587,5,1685245897423,38743,162564396,460,1503090,86913804
32e1af2de0eb,e0a77e748587,20,1685245897491,38743,162564396,460,1503090,86913804
32e1af2de0eb,e0a77e748587,5,1685245899343,38747,162682398,460,1503090,86913804
32e1af2de0eb,e0a77e748587,5,1685246094090,38743,162564406,460,1503090,86913804
32e1af2de0eb,e0a77e748587,20,1685246096102,38747,162682399,460,1503090,86913804
32e1af2de0eb,e0a77e748587,5,1685246107418,38743,162564406,460,1503090,86913804
32e1af2de0eb,e0a77e748587,20,1685246107491,38743,162564406,460,1503090,86913804
32e1af2de0eb,e0a77e748587,5,1685246109348,38747,162682399,460,1503090,86913804
32e1af2de0eb,e0a77e748587,20,1685246109430,38747,162682399,460,1503090,86913804
32e1af2de0eb,e0a77e748587,4,1685246313224,38747,162723609,460,1503090,86913804
32e1af2de0eb,e0a77e748587,2,1685246313708,38747,162723609,460,1503090,86913804
32e1af2de0eb,e0a77e748587,18,1685246313718,38747,162723609,460,1503090,86913804
32e1af2de0eb,e0a77e748587,39,1685246315914,38747,162723620,460,1503090,86913804
32e1af2de0eb,e0a77e748587,39,1685246316385,38747,162723619,460,1503090,86913804
32e1af2de0eb,e0a77e748587,4,1685246322880,38747,162723620,460,1503090,86913804
32e1af2de0eb,e0a77e748587,2,1685246324302,38747,162723620,460,1503090,86913804
32e1af2de0eb,e0a77e748587,18,1685246324311,38747,162723620,460,1503090,86913804
32e1af2de0eb,e0a77e748587,36,1685246324354,38747,162723620,460,1503090,86913804
32e1af2de0eb,e0a77e748587,39,1685246324388,38747,162723620,460,1503090,86913804
32e1af2de0eb,e0a77e748587,36,1685246327102,38747,162723609,460,1503090,86913804
32e1af2de0eb,e0a77e748587,39,1685246329242,38747,162723620,460,1503090,86913804
32e1af2de0eb,e0a77e748587,39,1685246335279,38747,162723619,460,1503090,86913804
32e1af2de0eb,e0a77e748587,20,1685246336114,38747,162723619,460,1503090,86913804
32e1af2de0eb,e0a77e748587,2,1685246337629,38747,162723620,460,1503090,86913804
32e1af2de0eb,e0a77e748587,18,1685246337639,38747,162723620,460,1503090,86913804
32e1af2de0eb,e0a77e748587,36,1685246337682,38747,162723620,460,1503090,86913804
32e1af2de0eb,e0a77e748587,39,1685246337715,38747,162723620,460,1503090,86913804
32e1af2de0eb,e0a77e748587,39,1685246339458,38747,162723609,460,1503090,86913804
32e1af2de0eb,e0a77e748587,20,1685246345220,38747,162723619,460,1503090,86913804
32e1af2de0eb,e0a77e748587,39,1685246348606,38747,162723619,460,1503090,86913804
32e1af2de0eb,e0a77e748587,36,1685246558493,38747,162723621,460,1503090,86913804
32e1af2de0eb,e0a77e748587,39,1685246558548,38747,162723621,460,1503090,86913804
32e1af2de0eb,e0a77e748587,41,1685246558816,38747,162723621,460,1503090,86913804
32e1af2de0eb,e0a77e748587,34,1685246558816,38747,162723621,460,1503090,86913804
32e1af2de0eb,e0a77e748587,2,1685246571756,38747,162723621,460,1503090,86913804
32e1af2de0eb,e0a77e748587,18,1685246571765,38747,162723621,460,1503090,86913804
32e1af2de0eb,e0a77e748587,36,1685246571821,38747,162723621,460,1503090,86913804
32e1af2de0eb,e0a77e748587,39,1685246571875,38747,162723621,460,1503090,86913804
32e1af2de0eb,e0a77e748587,7,1685246571876,38747,162723621,460,1503090,86913804
32e1af2de0eb,e0a77e748587,34,1685246572144,38747,162723621,460,1503090,86913804
32e1af2de0eb,e0a77e748587,39,1685246621145,38747,162723614,460,1503090,86913804
32e1af2de0eb,e0a77e748587,39,1685246671914,38747,162723614,460,1503090,86913804
32e1af2de0eb,e0a77e748587,39,1685246672800,38747,162723614,460,1503090,86913804
32e1af2de0eb,e0a77e748587,39,1685246685242,38747,162723614,460,1503090,86913804
32e1af2de0eb,e0a77e748587,5,1685246716181,38743,162684714,460,1503090,86913804
32e1af2de0eb,e0a77e748587,39,1685246716337,38743,162684714,460,1503090,86913804
32e1af2de0eb,e0a77e748587,11,1685246721407,38743,162684714,460,1503090,86913804
32e1af2de0eb,e0a77e748587,21,1685246721407,38743,162684714,460,1503090,86913804
32e1af2de0eb,e0a77e748587,8,1685246734705,38743,162684714,460,1503090,86913804
32e1af2de0eb,e0a77e748587,2,1685246738089,38743,162684698,460,1503090,86913804
32e1af2de0eb,e0a77e748587,39,1685246738200,38743,162684698,460,1503090,86913804
32e1af2de0eb,e0a77e748587,7,1685246738618,38743,162684698,460,1503090,86913804
32e1af2de0eb,e0a77e748587,34,1685246738828,38743,162684698,460,1503090,86913804
32e1af2de0eb,e0a77e748587,20,1685246745489,38743,162684714,460,1503090,86913804
32e1af2de0eb,e0a77e748587,2,1685246751417,38743,162684698,460,1503090,86913804
32e1af2de0eb,e0a77e748587,39,1685246751527,38743,162684698,460,1503090,86913804
32e1af2de0eb,e0a77e748587,41,1685246752155,38743,162684698,460,1503090,86913804
32e1af2de0eb,e0a77e748587,34,1685246752155,38743,162684698,460,1503090,86913804
32e1af2de0eb,e0a77e748587,20,1685246752349,38743,162684698,460,1503090,86913804
32e1af2de0eb,e0a77e748587,20,1685246765676,38743,162684698,460,1503090,86913804
32e1af2de0eb,e0a77e748587,4,1685246766611,38743,162684698,460,1503090,86913804
32e1af2de0eb,e0a77e748587,18,1685246779360,38743,162684698,460,1503090,86913804
32e1af2de0eb,e0a77e748587,36,1685246779440,38743,162684698,460,1503090,86913804
32e1af2de0eb,e0a77e748587,39,1685246779512,38743,162684698,460,1503090,86913804
32e1af2de0eb,e0a77e748587,8,1685246779559,38743,162684698,460,1503090,86913804
32e1af2de0eb,e0a77e748587,4,1685246780603,38743,162684698,460,1503090,86913804
32e1af2de0eb,e0a77e748587,36,1685246781692,38743,162684698,460,1503090,86913804
32e1af2de0eb,e0a77e748587,39,1685246781742,38743,162684698,460,1503090,86913804
32e1af2de0eb,e0a77e748587,20,1685246789230,38743,162684710,460,1503090,86913804
32e1af2de0eb,e0a77e748587,20,1685246792668,38743,162684698,460,1503090,86913804
32e1af2de0eb,e0a77e748587,36,1685246792767,38743,162684698,460,1503090,86913804
32e1af2de0eb,e0a77e748587,39,1685246792839,38743,162684698,460,1503090,86913804
32e1af2de0eb,e0a77e748587,8,1685246792886,38743,162684698,460,1503090,86913804
32e1af2de0eb,e0a77e748587,21,1685246792916,38743,162684698,460,1503090,86913804
32e1af2de0eb,e0a77e748587,39,1685246797703,38743,162684710,460,1503090,86913804
32e1af2de0eb,e0a77e748587,20,1685246802558,38743,162684710,460,1503090,86913804
32e1af2de0eb,e0a77e748587,5,1685246846756,38747,116969950,460,1503090,86913804
32e1af2de0eb,e0a77e748587,30,1685246846957,38747,116969950,460,1503090,86913804
32e1af2de0eb,e0a77e748587,20,1685246847424,38747,116969950,460,1503090,86913804
32e1af2de0eb,e0a77e748587,20,1685246878603,38743,162684710,460,1503090,86913804
32e1af2de0eb,e0a77e748587,20,1685247036368,38743,162684709,460,1503090,86913804
32e1af2de0eb,e0a77e748587,5,1685247068181,38743,162684709,460,1503090,86913804
32e1af2de0eb,e0a77e748587,20,1685247068415,38743,162684709,460,1503090,86913804
32e1af2de0eb,e0a77e748587,20,1685247087694,38747,162723614,460,1503090,86913804
32e1af2de0eb,e0a77e748587,18,1685247303861,38747,162589976,460,1503090,86913804
32e1af2de0eb,e0a77e748587,36,1685247303909,38747,162589976,460,1503090,86913804
32e1af2de0eb,e0a77e748587,39,1685247303935,38747,162589976,460,1503090,86913804
32e1af2de0eb,e0a77e748587,20,1685247312582,38747,162589976,460,1503090,86913804
32e1af2de0eb,e0a77e748587,18,1685247312586,38747,162723621,460,1503090,86913804
32e1af2de0eb,e0a77e748587,36,1685247312710,38747,162723621,460,1503090,86913804
32e1af2de0eb,e0a77e748587,20,1685247325741,38747,162723621,460,1503090,86913804
32e1af2de0eb,e0a77e748587,4,1685247328490,38743,162684702,460,1503090,86913804
32e1af2de0eb,e0a77e748587,39,1685247329147,38743,162684702,460,1503090,86913804
32e1af2de0eb,e0a77e748587,5,1685247342522,38747,116969765,460,1503090,86913804
32e1af2de0eb,e0a77e748587,20,1685247342591,38747,116969765,460,1503090,86913804
32e1af2de0eb,e0a77e748587,2,1685248251953,38747,116979672,460,1503090,86913804
32e1af2de0eb,e0a77e748587,39,1685248252046,38747,116979672,460,1503090,86913804
32e1af2de0eb,e0a77e748587,34,1685248252259,38747,116979672,460,1503090,86913804
32e1af2de0eb,e0a77e748587,41,1685248252259,38747,116979672,460,1503090,86913804
32e1af2de0eb,e0a77e748587,7,1685249395351,38747,251350362,460,1503090,86913804
32e1af2de0eb,e0a77e748587,41,1685249395525,38747,251350362,460,1503090,86913804
32e1af2de0eb,e0a77e748587,2,1685249518787,38747,251350362,460,1503090,86913804
32e1af2de0eb,e0a77e748587,36,1685249518831,38747,251350362,460,1503090,86913804
32e1af2de0eb,e0a77e748587,20,1685249539672,38747,251350361,460,1503090,86913804
32e1af2de0eb,e0a77e748587,2,1685249540088,38747,251350361,460,1503090,86913804
32e1af2de0eb,e0a77e748587,18,1685249540091,38747,251350361,460,1503090,86913804
32e1af2de0eb,e0a77e748587,20,1685249587075,38747,251350361,460,1503090,86913804
32e1af2de0eb,e0a77e748587,18,1685249587930,38747,251350361,460,1503090,86913804
32e1af2de0eb,e0a77e748587,36,1685249587964,38747,251350361,460,1503090,86913804
32e1af2de0eb,e0a77e748587,39,1685249595604,38747,162681624,460,1503090,86913804
32e1af2de0eb,e0a77e748587,14,1685249676748,38747,251350361,460,1503090,86913804
32e1af2de0eb,e0a77e748587,39,1685249676792,38747,251350361,460,1503090,86913804
32e1af2de0eb,e0a77e748587,20,1685249686689,38747,251350361,460,1503090,86913804
32e1af2de0eb,e0a77e748587,18,1685249689843,38747,162586661,460,1503090,86913804
32e1af2de0eb,e0a77e748587,36,1685249689883,38747,162586661,460,1503090,86913804
32e1af2de0eb,e0a77e748587,8,1685249696903,38747,162586661,460,1503090,86913804
32e1af2de0eb,e0a77e748587,21,1685249696910,38747,162586661,460,1503090,86913804
32e1af2de0eb,e0a77e748587,11,1685249696910,38747,162586661,460,1503090,86913804
32e1af2de0eb,e0a77e748587,39,1685249705134,38747,162681624,460,1503090,86913804
32e1af2de0eb,e0a77e748587,14,1685249707458,38747,162586661,460,1503090,86913804
32e1af2de0eb,e0a77e748587,39,1685249707504,38747,162586661,460,1503090,86913804
32e1af2de0eb,e0a77e748587,20,1685249717311,38747,162586661,460,1503090,86913804
32e1af2de0eb,e0a77e748587,20,1685249814290,38747,162706969,460,1503090,86913804
32e1af2de0eb,e0a77e748587,36,1685250036015,38747,85640350,460,1503090,86913804
32e1af2de0eb,e0a77e748587,39,1685250036065,38747,85640350,460,1503090,86913804
32e1af2de0eb,e0a77e748587,20,1685250045905,38747,85640350,460,1503090,86913804
32e1af2de0eb,e0a77e748587,2,1685250320633,38747,162666264,460,1503090,86913804
32e1af2de0eb,e0a77e748587,18,1685250320636,38747,162666264,460,1503090,86913804
32e1af2de0eb,e0a77e748587,36,1685250320678,38747,162666264,460,1503090,86913804
32e1af2de0eb,e0a77e748587,20,1685250330592,38747,162666264,460,1503090,86913804
32e1af2de0eb,e0a77e748587,2,1685250482603,38747,162622489,460,1503090,86913804
32e1af2de0eb,e0a77e748587,18,1685250482606,38747,162622489,460,1503090,86913804
32e1af2de0eb,e0a77e748587,36,1685250482653,38747,162622489,460,1503090,86913804
32e1af2de0eb,e0a77e748587,5,1685251312292,38747,162622236,460,1503090,86913804
32e1af2de0eb,e0a77e748587,20,1685251312332,38747,162622236,460,1503090,86913804
32e1af2de0eb,e0a77e748587,4,1685251486880,38747,162677792,460,1503090,86913804
32e1af2de0eb,e0a77e748587,2,1685251487467,38747,162677792,460,1503090,86913804
32e1af2de0eb,e0a77e748587,21,1685251491768,38747,162677792,460,1503090,86913804
32e1af2de0eb,e0a77e748587,39,1685251499113,38747,162622239,460,1503090,86913804
32e1af2de0eb,e0a77e748587,20,1685251508916,38747,162622239,460,1503090,86913804
32e1af2de0eb,e0a77e748587,5,1685251583812,38747,162717465,460,1503090,86913804
32e1af2de0eb,e0a77e748587,5,1685251588484,38747,162717465,460,1503090,86913804
32e1af2de0eb,e0a77e748587,4,1685252095927,38747,162558746,460,1503090,86913804
32e1af2de0eb,e0a77e748587,36,1685252103208,38747,162558746,460,1503090,86913804
32e1af2de0eb,e0a77e748587,39,1685252103273,38747,162558746,460,1503090,86913804
32e1af2de0eb,e0a77e748587,7,1685252104232,38747,162558746,460,1503090,86913804
32e1af2de0eb,e0a77e748587,34,1685252104382,38747,162558746,460,1503090,86913804
32e1af2de0eb,e0a77e748587,2,1685253322798,38747,162642974,460,1503090,86913804
32e1af2de0eb,e0a77e748587,18,1685253322801,38747,162642974,460,1503090,86913804
32e1af2de0eb,e0a77e748587,36,1685253322843,38747,162642974,460,1503090,86913804
32e1af2de0eb,e0a77e748587,36,1685253645773,38747,162579744,460,1503090,86913804
32e1af2de0eb,e0a77e748587,39,1685253645813,38747,162579744,460,1503090,86913804
32e1af2de0eb,e0a77e748587,20,1685253655665,38747,162579744,460,1503090,86913804
32e1af2de0eb,e0a77e748587,5,1685255138322,38747,162572835,460,1503090,86913804
32e1af2de0eb,e0a77e748587,20,1685255138390,38747,162572835,460,1503090,86913804
32e1af2de0eb,e0a77e748587,18,1685256324723,38747,85638685,460,1503090,86913804
32e1af2de0eb,e0a77e748587,39,1685256324816,38747,85638685,460,1503090,86913804
32e1af2de0eb,e0a77e748587,14,1685256326847,38747,162572825,460,1503090,86913804
32e1af2de0eb,e0a77e748587,39,1685256326893,38747,162572825,460,1503090,86913804
32e1af2de0eb,e0a77e748587,20,1685256336701,38747,162572825,460,1503090,86913804
32e1af2de0eb,e0a77e748587,2,1685256455444,38747,162572825,460,1503090,86913804
32e1af2de0eb,e0a77e748587,7,1685256455688,38747,162572825,460,1503090,86913804
32e1af2de0eb,e0a77e748587,34,1685256455875,38747,162572825,460,1503090,86913804
32e1af2de0eb,e0a77e748587,14,1685256469030,38747,85638685,460,1503090,86913804
32e1af2de0eb,e0a77e748587,39,1685256469077,38747,85638685,460,1503090,86913804
32e1af2de0eb,e0a77e748587,8,1685256471219,38747,85638685,460,1503090,86913804
32e1af2de0eb,e0a77e748587,21,1685256471226,38747,85638685,460,1503090,86913804
32e1af2de0eb,e0a77e748587,14,1685256472117,38747,162572825,460,1503090,86913804
32e1af2de0eb,e0a77e748587,20,1685256481963,38747,162572825,460,1503090,86913804
32e1af2de0eb,e0a77e748587,2,1685256808291,38747,162572835,460,1503090,86913804
32e1af2de0eb,e0a77e748587,18,1685256808295,38747,162572835,460,1503090,86913804
32e1af2de0eb,e0a77e748587,36,1685256808342,38747,162572835,460,1503090,86913804
32e1af2de0eb,e0a77e748587,20,1685256818196,38747,162572835,460,1503090,86913804
32e1af2de0eb,e0a77e748587,5,1685257905741,38701,161693209,460,1503090,86913804
32e1af2de0eb,e0a77e748587,20,1685257916559,38747,162571800,460,1503090,86913804
32e1af2de0eb,e0a77e748587,5,1685258091350,38701,161699353,460,1503090,86913804
32e1af2de0eb,e0a77e748587,2,1685259326730,38701,161693464,460,1503090,86913804
32e1af2de0eb,e0a77e748587,39,1685259326810,38701,161693464,460,1503090,86913804
32e1af2de0eb,e0a77e748587,2,1685259971405,38701,161702168,460,1503090,86913804
32e1af2de0eb,e0a77e748587,36,1685259971460,38701,161702168,460,1503090,86913804
32e1af2de0eb,e0a77e748587,39,1685259971490,38701,161702168,460,1503090,86913804
32e1af2de0eb,e0a77e748587,39,1685259972923,38701,161695000,460,1503090,86913804
32e1af2de0eb,e0a77e748587,20,1685259982804,38701,161695000,460,1503090,86913804
32e1af2de0eb,e0a77e748587,5,1685260183227,38701,251498584,460,1503090,86913804
32e1af2de0eb,e0a77e748587,30,1685260183340,38701,251498584,460,1503090,86913804
32e1af2de0eb,e0a77e748587,31,1685260183699,38701,251498584,460,1503090,86913804
32e1af2de0eb,e0a77e748587,20,1685260183944,38701,251498584,460,1503090,86913804
32e1af2de0eb,e0a77e748587,2,1685260201375,38701,251498584,460,1503090,86913804
32e1af2de0eb,e0a77e748587,18,1685260201379,38701,251498584,460,1503090,86913804
32e1af2de0eb,e0a77e748587,36,1685260201419,38701,251498584,460,1503090,86913804
32e1af2de0eb,e0a77e748587,39,1685260201462,38701,251498584,460,1503090,86913804
32e1af2de0eb,e0a77e748587,12,1685260201520,38701,251498584,460,1503090,86913804
32e1af2de0eb,e0a77e748587,35,1685260201520,38701,251498584,460,1503090,86913804
32e1af2de0eb,e0a77e748587,14,1685260222923,38701,251470681,460,1503090,86913804
32e1af2de0eb,e0a77e748587,39,1685260222972,38701,251470681,460,1503090,86913804
32e1af2de0eb,e0a77e748587,14,1685260227865,38701,161695512,460,1503090,86913804
32e1af2de0eb,e0a77e748587,20,1685261113383,38701,161683992,460,1503090,86913804
32e1af2de0eb,e0a77e748587,2,1685261427946,38701,85074846,460,1503090,86913804
32e1af2de0eb,e0a77e748587,18,1685261427949,38701,85074846,460,1503090,86913804
32e1af2de0eb,e0a77e748587,36,1685261427995,38701,85074846,460,1503090,86913804
32e1af2de0eb,e0a77e748587,20,1685261437916,38701,85074846,460,1503090,86913804
32e1af2de0eb,e0a77e748587,20,1685262295066,38699,161792542,460,1503090,86913804
32e1af2de0eb,e0a77e748587,5,1685262378720,38701,85050789,460,1503090,86913804
32e1af2de0eb,e0a77e748587,20,1685262378826,38701,85050789,460,1503090,86913804
32e1af2de0eb,e0a77e748587,5,1685262380768,38699,161617439,460,1503090,86913804
32e1af2de0eb,e0a77e748587,20,1685262380851,38699,161617439,460,1503090,86913804
32e1af2de0eb,e0a77e748587,5,1685262716873,38708,85667230,460,1503090,86913804
32e1af2de0eb,e0a77e748587,20,1685262716966,38708,85667230,460,1503090,86913804
32e1af2de0eb,e0a77e748587,20,1685262718581,38844,161616926,460,1503090,86913804
32e1af2de0eb,e0a77e748587,20,1685262720552,38708,116701657,460,1503090,86913804
32e1af2de0eb,e0a77e748587,5,1685262724948,38844,161616920,460,1503090,86913804
32e1af2de0eb,e0a77e748587,20,1685262725031,38844,161616920,460,1503090,86913804
32e1af2de0eb,e0a77e748587,18,1685263204786,38697,161794072,460,1503090,86913804
32e1af2de0eb,e0a77e748587,20,1685263205868,38697,161794072,460,1503090,86913804
32e1af2de0eb,e0a77e748587,2,1685263366012,38710,85697177,460,1503090,86913804
32e1af2de0eb,e0a77e748587,18,1685263366017,38710,85697177,460,1503090,86913804
32e1af2de0eb,e0a77e748587,39,1685263366122,38710,85697177,460,1503090,86913804
32e1af2de0eb,e0a77e748587,20,1685263375969,38710,85697177,460,1503090,86913804
32e1af2de0eb,e0a77e748587,5,1685263389292,38839,116876504,460,1503090,86913804
32e1af2de0eb,e0a77e748587,20,1685263617170,38843,161846815,460,1503090,86913804
32e1af2de0eb,e0a77e748587,5,1685264128713,38717,163174430,460,1503090,86913804
32e1af2de0eb,e0a77e748587,20,1685264128782,38717,163174430,460,1503090,86913804
32e1af2de0eb,e0a77e748587,5,1685264187958,38715,163136289,460,1503090,86913804
32e1af2de0eb,e0a77e748587,5,1685264369722,38717,163174428,460,1503090,86913804
32e1af2de0eb,e0a77e748587,20,1685264369818,38717,163174428,460,1503090,86913804
32e1af2de0eb,e0a77e748587,20,1685264389004,38715,116644057,460,1503090,86913804
32e1af2de0eb,e0a77e748587,5,1685264501357,38715,251109208,460,1503090,86913804
32e1af2de0eb,e0a77e748587,20,1685264501491,38715,251109208,460,1503090,86913804
32e1af2de0eb,e0a77e748587,20,1685264869095,38717,85366682,460,1503090,86913804
32e1af2de0eb,e0a77e748587,5,1685265086623,38715,116568536,460,1503090,86913804
32e1af2de0eb,e0a77e748587,5,1685265122374,38717,163173912,460,1503090,86913804
32e1af2de0eb,e0a77e748587,20,1685265122480,38717,163173912,460,1503090,86913804
32e1af2de0eb,e0a77e748587,5,1685265223048,38717,85340312,460,1503090,86913804
32e1af2de0eb,e0a77e748587,20,1685265223151,38717,85340312,460,1503090,86913804
32e1af2de0eb,e0a77e748587,20,1685265230338,38712,162351642,460,1503090,86913804
32e1af2de0eb,e0a77e748587,5,1685265233868,38715,85354393,460,1503090,86913804
32e1af2de0eb,e0a77e748587,5,1685265242635,38712,162351642,460,1503090,86913804
32e1af2de0eb,e0a77e748587,5,1685265277319,38712,162351647,460,1503090,86913804
32e1af2de0eb,e0a77e748587,20,1685265343874,38712,85410201,460,1503090,86913804
32e1af2de0eb,e0a77e748587,5,1685265403953,38717,85340312,460,1503090,86913804
32e1af2de0eb,e0a77e748587,5,1685265511468,38712,163140888,460,1503090,86913804
32e1af2de0eb,e0a77e748587,20,1685265511590,38712,163140888,460,1503090,86913804
32e1af2de0eb,e0a77e748587,5,1685265743190,38717,85332120,460,1503090,86913804
32e1af2de0eb,e0a77e748587,20,1685265743267,38717,85332120,460,1503090,86913804
32e1af2de0eb,e0a77e748587,5,1685265752097,38712,85967256,460,1503090,86913804
32e1af2de0eb,e0a77e748587,20,1685265752184,38712,85967256,460,1503090,86913804
32e1af2de0eb,e0a77e748587,18,1685266206823,38712,85283100,460,1503090,86913804
32e1af2de0eb,e0a77e748587,36,1685266206867,38712,85283100,460,1503090,86913804
32e1af2de0eb,e0a77e748587,14,1685266212148,38712,85270938,460,1503090,86913804
32e1af2de0eb,e0a77e748587,14,1685266219708,38712,85270937,460,1503090,86913804
32e1af2de0eb,e0a77e748587,5,1685266308925,38717,85340588,460,1503090,86913804
32e1af2de0eb,e0a77e748587,20,1685266308992,38717,85340588,460,1503090,86913804
32e1af2de0eb,e0a77e748587,5,1685266367845,38712,116536536,460,1503090,86913804
32e1af2de0eb,e0a77e748587,20,1685266515213,38717,85328024,460,1503090,86913804
32e1af2de0eb,e0a77e748587,5,1685266522672,38712,116627162,460,1503090,86913804
32e1af2de0eb,e0a77e748587,2,1685266528997,38712,116627162,460,1503090,86913804
32e1af2de0eb,e0a77e748587,5,1685267819361,38714,85791386,460,1503090,86913804
32e1af2de0eb,e0a77e748587,20,1685267819460,38714,85791386,460,1503090,86913804
32e1af2de0eb,e0a77e748587,30,1685268500061,38714,85937816,460,1503090,86913804
32e1af2de0eb,e0a77e748587,30,1685268513413,38714,85937816,460,1503090,86913804
32e1af2de0eb,e0a77e748587,31,1685268513650,38714,85937816,460,1503090,86913804
32e1af2de0eb,e0a77e748587,31,1685268524575,38714,162298649,460,1503090,86913804
32e1af2de0eb,e0a77e748587,36,1685268525503,38714,162298649,460,1503090,86913804
32e1af2de0eb,e0a77e748587,2,1685268525574,38714,162298649,460,1503090,86913804
32e1af2de0eb,e0a77e748587,41,1685268525730,38714,162298649,460,1503090,86913804
32e1af2de0eb,e0a77e748587,20,1685268529918,38714,162298649,460,1503090,86913804
32e1af2de0eb,e0a77e748587,5,1685268537526,38714,162298649,460,1503090,86913804
32e1af2de0eb,e0a77e748587,34,1685268539082,38714,162298649,460,1503090,86913804
32e1af2de0eb,e0a77e748587,20,1685268543365,38714,85457822,460,1503090,86913804
32e1af2de0eb,e0a77e748587,20,1685268566105,38714,116614618,460,1503090,86913804
32e1af2de0eb,e0a77e748587,5,1685268591392,38714,162298649,460,1503090,86913804
32e1af2de0eb,e0a77e748587,31,1685268591886,38714,162298649,460,1503090,86913804
32e1af2de0eb,e0a77e748587,4,1685268592923,38714,162298649,460,1503090,86913804
32e1af2de0eb,e0a77e748587,2,1685268593404,38714,162298649,460,1503090,86913804
32e1af2de0eb,e0a77e748587,18,1685268593415,38714,162298649,460,1503090,86913804
32e1af2de0eb,e0a77e748587,36,1685268593496,38714,162298649,460,1503090,86913804
32e1af2de0eb,e0a77e748587,30,1685268604951,38714,162298649,460,1503090,86913804
32e1af2de0eb,e0a77e748587,31,1685268605238,38714,162298649,460,1503090,86913804
32e1af2de0eb,e0a77e748587,4,1685268606275,38714,162298649,460,1503090,86913804
32e1af2de0eb,e0a77e748587,2,1685268606756,38714,162298649,460,1503090,86913804
32e1af2de0eb,e0a77e748587,18,1685268606767,38714,162298649,460,1503090,86913804
32e1af2de0eb,e0a77e748587,36,1685268606848,38714,162298649,460,1503090,86913804
32e1af2de0eb,e0a77e748587,20,1685268610960,38714,162298649,460,1503090,86913804
32e1af2de0eb,e0a77e748587,30,1685268640071,38714,163135001,460,1503090,86913804
32e1af2de0eb,e0a77e748587,31,1685268640355,38714,163135001,460,1503090,86913804
32e1af2de0eb,e0a77e748587,4,1685268641457,38714,163135000,460,1503090,86913804
32e1af2de0eb,e0a77e748587,4,1685268653459,38714,163135000,460,1503090,86913804
32e1af2de0eb,e0a77e748587,31,1685268653707,38714,163135001,460,1503090,86913804
32e1af2de0eb,e0a77e748587,2,1685268654832,38714,163135000,460,1503090,86913804
32e1af2de0eb,e0a77e748587,18,1685268654845,38714,163135000,460,1503090,86913804
32e1af2de0eb,e0a77e748587,41,1685268657368,38714,163135000,460,1503090,86913804
32e1af2de0eb,e0a77e748587,4,1685268666811,38714,163135000,460,1503090,86913804
32e1af2de0eb,e0a77e748587,2,1685268668184,38714,163135000,460,1503090,86913804
32e1af2de0eb,e0a77e748587,18,1685268668197,38714,163135000,460,1503090,86913804
32e1af2de0eb,e0a77e748587,36,1685268668277,38714,163135000,460,1503090,86913804
32e1af2de0eb,e0a77e748587,11,1685268668458,38714,163135000,460,1503090,86913804
32e1af2de0eb,e0a77e748587,16,1685268681269,38714,163135000,460,1503090,86913804
32e1af2de0eb,e0a77e748587,30,1685268689993,38714,162323736,460,1503090,86913804
32e1af2de0eb,e0a77e748587,31,1685268690292,38714,162323736,460,1503090,86913804
32e1af2de0eb,e0a77e748587,20,1685268691283,38714,162323736,460,1503090,86913804
32e1af2de0eb,e0a77e748587,4,1685268691306,38714,162323736,460,1503090,86913804
32e1af2de0eb,e0a77e748587,36,1685268691540,38714,162323736,460,1503090,86913804
32e1af2de0eb,e0a77e748587,34,1685268694113,38714,162323736,460,1503090,86913804
32e1af2de0eb,e0a77e748587,16,1685268694621,38714,163135000,460,1503090,86913804
32e1af2de0eb,e0a77e748587,20,1685268696824,38714,163135000,460,1503090,86913804
32e1af2de0eb,e0a77e748587,5,1685268703164,38714,162323736,460,1503090,86913804
32e1af2de0eb,e0a77e748587,30,1685268703345,38714,162323736,460,1503090,86913804
32e1af2de0eb,e0a77e748587,31,1685268703644,38714,162323736,460,1503090,86913804
32e1af2de0eb,e0a77e748587,20,1685268704634,38714,162323736,460,1503090,86913804
32e1af2de0eb,e0a77e748587,4,1685268704658,38714,162323736,460,1503090,86913804
32e1af2de0eb,e0a77e748587,2,1685268704818,38714,162323736,460,1503090,86913804
32e1af2de0eb,e0a77e748587,18,1685268704830,38714,162323736,460,1503090,86913804
32e1af2de0eb,e0a77e748587,36,1685268704892,38714,162323736,460,1503090,86913804
32e1af2de0eb,e0a77e748587,21,1685268705134,38714,162323736,460,1503090,86913804
32e1af2de0eb,e0a77e748587,7,1685268707297,38714,162323736,460,1503090,86913804
32e1af2de0eb,e0a77e748587,41,1685268707465,38714,162323736,460,1503090,86913804
32e1af2de0eb,e0a77e748587,20,1685268722327,38714,162323736,460,1503090,86913804
32e1af2de0eb,e0a77e748587,20,1685268735679,38714,162323736,460,1503090,86913804
32e1af2de0eb,e0a77e748587,5,1685268984001,38717,85356184,460,1503090,86913804
32e1af2de0eb,e0a77e748587,20,1685268997555,38717,85356184,460,1503090,86913804
32e1af2de0eb,e0a77e748587,5,1685269180069,38714,116550620,460,1503090,86913804
32e1af2de0eb,e0a77e748587,30,1685269180243,38714,116550620,460,1503090,86913804
32e1af2de0eb,e0a77e748587,20,1685269181459,38714,116550620,460,1503090,86913804
32e1af2de0eb,e0a77e748587,18,1685269181893,38714,116550620,460,1503090,86913804
32e1af2de0eb,e0a77e748587,21,1685269182099,38714,116550620,460,1503090,86913804
32e1af2de0eb,e0a77e748587,34,1685269184349,38714,116550620,460,1503090,86913804
32e1af2de0eb,e0a77e748587,41,1685269184349,38714,116550620,460,1503090,86913804
32e1af2de0eb,e0a77e748587,5,1685269193421,38714,116550620,460,1503090,86913804
32e1af2de0eb,e0a77e748587,30,1685269193594,38714,116550620,460,1503090,86913804
32e1af2de0eb,e0a77e748587,31,1685269193862,38714,116550620,460,1503090,86913804
32e1af2de0eb,e0a77e748587,20,1685269194810,38714,116550620,460,1503090,86913804
32e1af2de0eb,e0a77e748587,2,1685269195245,38714,116550620,460,1503090,86913804
32e1af2de0eb,e0a77e748587,11,1685269195451,38714,116550620,460,1503090,86913804
32e1af2de0eb,e0a77e748587,14,1685269200176,38714,116550620,460,1503090,86913804
32e1af2de0eb,e0a77e748587,14,1685269206080,38714,85821084,460,1503090,86913804
32e1af2de0eb,e0a77e748587,20,1685269211716,38714,116550620,460,1503090,86913804
32e1af2de0eb,e0a77e748587,20,1685269225067,38714,116550620,460,1503090,86913804
32e1af2de0eb,e0a77e748587,15,1685269232202,38714,85383320,460,1503090,86913804
32e1af2de0eb,e0a77e748587,5,1685269232461,38714,85383320,460,1503090,86913804
32e1af2de0eb,e0a77e748587,41,1685269233870,38714,85383320,460,1503090,86913804
32e1af2de0eb,e0a77e748587,16,1685269236544,38714,85383320,460,1503090,86913804
32e1af2de0eb,e0a77e748587,20,1685269237888,38714,85383320,460,1503090,86913804
32e1af2de0eb,e0a77e748587,11,1685269254255,38714,85383320,460,1503090,86913804
32e1af2de0eb,e0a77e748587,21,1685269254255,38714,85383320,460,1503090,86913804
32e1af2de0eb,e0a77e748587,14,1685269254803,38714,162318618,460,1503090,86913804
32e1af2de0eb,e0a77e748587,7,1685269256383,38714,162318618,460,1503090,86913804
32e1af2de0eb,e0a77e748587,41,1685269256492,38714,162318618,460,1503090,86913804
32e1af2de0eb,e0a77e748587,20,1685269264219,38714,85383320,460,1503090,86913804
32e1af2de0eb,e0a77e748587,30,1685269435528,38714,116550620,460,1503090,86913804
32e1af2de0eb,e0a77e748587,31,1685269435861,38714,116550620,460,1503090,86913804
32e1af2de0eb,e0a77e748587,20,1685269436766,38714,116550620,460,1503090,86913804
32e1af2de0eb,e0a77e748587,4,1685269436801,38714,116550620,460,1503090,86913804
32e1af2de0eb,e0a77e748587,2,1685269437902,38714,116550620,460,1503090,86913804
32e1af2de0eb,e0a77e748587,36,1685269438007,38714,116550620,460,1503090,86913804
32e1af2de0eb,e0a77e748587,21,1685269438181,38714,116550620,460,1503090,86913804
32e1af2de0eb,e0a77e748587,11,1685269438181,38714,116550620,460,1503090,86913804
32e1af2de0eb,e0a77e748587,41,1685269440662,38714,116550620,460,1503090,86913804
32e1af2de0eb,e0a77e748587,4,1685269450152,38714,116550620,460,1503090,86913804
32e1af2de0eb,e0a77e748587,2,1685269451253,38714,116550620,460,1503090,86913804
32e1af2de0eb,e0a77e748587,21,1685269451532,38714,116550620,460,1503090,86913804
32e1af2de0eb,e0a77e748587,41,1685269454013,38714,116550620,460,1503090,86913804
32e1af2de0eb,e0a77e748587,14,1685269462877,38714,85821080,460,1503090,86913804
32e1af2de0eb,e0a77e748587,16,1685269467044,38714,85821080,460,1503090,86913804
32e1af2de0eb,e0a77e748587,16,1685269480395,38714,85821080,460,1503090,86913804
32e1af2de0eb,e0a77e748587,20,1685269482559,38714,85821080,460,1503090,86913804
32e1af2de0eb,e0a77e748587,31,1685269516304,38714,116550620,460,1503090,86913804
32e1af2de0eb,e0a77e748587,20,1685269517267,38714,116550620,460,1503090,86913804
32e1af2de0eb,e0a77e748587,2,1685269518543,38714,116550620,460,1503090,86913804
32e1af2de0eb,e0a77e748587,21,1685269518873,38714,116550620,460,1503090,86913804
32e1af2de0eb,e0a77e748587,7,1685269521063,38714,116550620,460,1503090,86913804
32e1af2de0eb,e0a77e748587,34,1685269521235,38714,116550620,460,1503090,86913804
32e1af2de0eb,e0a77e748587,14,1685269521926,38714,85821080,460,1503090,86913804
32e1af2de0eb,e0a77e748587,20,1685269525808,38714,85821080,460,1503090,86913804
32e1af2de0eb,e0a77e748587,5,1685269529251,38714,116550620,460,1503090,86913804
32e1af2de0eb,e0a77e748587,30,1685269529391,38714,116550620,460,1503090,86913804
32e1af2de0eb,e0a77e748587,4,1685269530652,38714,116550620,460,1503090,86913804
32e1af2de0eb,e0a77e748587,2,1685269531894,38714,116550620,460,1503090,86913804
32e1af2de0eb,e0a77e748587,36,1685269532003,38714,116550620,460,1503090,86913804
32e1af2de0eb,e0a77e748587,21,1685269532224,38714,116550620,460,1503090,86913804
32e1af2de0eb,e0a77e748587,11,1685269532224,38714,116550620,460,1503090,86913804
32e1af2de0eb,e0a77e748587,7,1685269534414,38714,116550620,460,1503090,86913804
32e1af2de0eb,e0a77e748587,41,1685269534586,38714,116550620,460,1503090,86913804
32e1af2de0eb,e0a77e748587,14,1685269535277,38714,85821080,460,1503090,86913804
32e1af2de0eb,e0a77e748587,16,1685269536922,38714,85821080,460,1503090,86913804
32e1af2de0eb,e0a77e748587,20,1685269539159,38714,85821080,460,1503090,86913804
32e1af2de0eb,e0a77e748587,5,1685269623455,38714,116550620,460,1503090,86913804
32e1af2de0eb,e0a77e748587,30,1685269623603,38714,116550620,460,1503090,86913804
32e1af2de0eb,e0a77e748587,31,1685269623944,38714,116550620,460,1503090,86913804
32e1af2de0eb,e0a77e748587,4,1685269624934,38714,116550620,460,1503090,86913804
32e1af2de0eb,e0a77e748587,18,1685269626082,38714,116550620,460,1503090,86913804
32e1af2de0eb,e0a77e748587,2,1685269626084,38714,116550620,460,1503090,86913804
32e1af2de0eb,e0a77e748587,21,1685269626331,38714,116550620,460,1503090,86913804
32e1af2de0eb,e0a77e748587,14,1685269635311,38714,162319136,460,1503090,86913804
32e1af2de0eb,e0a77e748587,30,1685269636954,38714,116550620,460,1503090,86913804
32e1af2de0eb,e0a77e748587,20,1685269638254,38714,116550620,460,1503090,86913804
32e1af2de0eb,e0a77e748587,41,1685269638578,38714,162319136,460,1503090,86913804
32e1af2de0eb,e0a77e748587,36,1685269639565,38714,116550620,460,1503090,86913804
32e1af2de0eb,e0a77e748587,21,1685269639682,38714,116550620,460,1503090,86913804
32e1af2de0eb,e0a77e748587,14,1685269641970,38714,85821083,460,1503090,86913804
32e1af2de0eb,e0a77e748587,14,1685269648662,38714,162319136,460,1503090,86913804
32e1af2de0eb,e0a77e748587,41,1685269651929,38714,162319136,460,1503090,86913804
32e1af2de0eb,e0a77e748587,16,1685269665134,38714,162318616,460,1503090,86913804
32e1af2de0eb,e0a77e748587,20,1685269667357,38714,162318616,460,1503090,86913804
32e1af2de0eb,e0a77e748587,14,1685269675738,38714,162318616,460,1503090,86913804
32e1af2de0eb,e0a77e748587,20,1685269680708,38714,162318616,460,1503090,86913804
32e1af2de0eb,e0a77e748587,5,1685270840652,38714,162319130,460,1503090,86913804
32e1af2de0eb,e0a77e748587,30,1685270840826,38714,162319130,460,1503090,86913804
32e1af2de0eb,e0a77e748587,31,1685270841096,38714,162319130,460,1503090,86913804
32e1af2de0eb,e0a77e748587,4,1685270842090,38714,162319130,460,1503090,86913804
32e1af2de0eb,e0a77e748587,2,1685270842342,38714,162319130,460,1503090,86913804
32e1af2de0eb,e0a77e748587,18,1685270842352,38714,162319130,460,1503090,86913804
32e1af2de0eb,e0a77e748587,36,1685270842402,38714,162319130,460,1503090,86913804
32e1af2de0eb,e0a77e748587,21,1685270842547,38714,162319130,460,1503090,86913804
32e1af2de0eb,e0a77e748587,7,1685270844671,38714,162319130,460,1503090,86913804
32e1af2de0eb,e0a77e748587,5,1685270854000,38714,162319130,460,1503090,86913804
32e1af2de0eb,e0a77e748587,31,1685270854444,38714,162319130,460,1503090,86913804
32e1af2de0eb,e0a77e748587,20,1685270855423,38714,162319130,460,1503090,86913804
32e1af2de0eb,e0a77e748587,2,1685270855690,38714,162319130,460,1503090,86913804
32e1af2de0eb,e0a77e748587,18,1685270855700,38714,162319130,460,1503090,86913804
32e1af2de0eb,e0a77e748587,21,1685270855896,38714,162319130,460,1503090,86913804
32e1af2de0eb,e0a77e748587,11,1685270855896,38714,162319130,460,1503090,86913804
32e1af2de0eb,e0a77e748587,41,1685270858162,38714,162319130,460,1503090,86913804
32e1af2de0eb,e0a77e748587,20,1685270873315,38714,162319130,460,1503090,86913804
32e1af2de0eb,e0a77e748587,20,1685270886663,38714,162319130,460,1503090,86913804
32e1af2de0eb,e0a77e748587,5,1685273218415,38717,163173400,460,1503090,86913804
32e1af2de0eb,e0a77e748587,30,1685273218601,38717,163173400,460,1503090,86913804
32e1af2de0eb,e0a77e748587,20,1685273219913,38717,163173400,460,1503090,86913804
