3a24efba1ae7,4e683deeb741,18,1685203642385,38696,161677086,460,1589718,86537205
3a24efba1ae7,4e683deeb741,5,1685203642882,38696,161677086,460,1589718,86537205
3a24efba1ae7,4e683deeb741,20,1685203642885,38696,161677086,460,1589718,86537205
3a24efba1ae7,4e683deeb741,2,1685203760790,38696,161677086,460,1589718,86537205
3a24efba1ae7,4e683deeb741,5,1685203766478,38696,161677086,460,1589718,86537205
3a24efba1ae7,4e683deeb741,20,1685203766481,38696,161677086,460,1589718,86537205
3a24efba1ae7,4e683deeb741,20,1685203766951,38696,161677086,460,1589718,86537205
3a24efba1ae7,4e683deeb741,39,1685203991982,38696,161677086,460,1589718,86537205
3a24efba1ae7,4e683deeb741,2,1685204651722,38696,161677086,460,1589718,86537205
3a24efba1ae7,4e683deeb741,20,1685204652146,38696,161677086,460,1589718,86537205
3a24efba1ae7,4e683deeb741,20,1685204652643,38696,161677086,460,1589718,86537205
3a24efba1ae7,4e683deeb741,2,1685205201446,38696,161677086,460,1589718,86537205
3a24efba1ae7,4e683deeb741,18,1685205201450,38696,161677086,460,1589718,86537205
3a24efba1ae7,4e683deeb741,39,1685205201598,38696,161677086,460,1589718,86537205
3a24efba1ae7,4e683deeb741,5,1685205201951,38696,161677086,460,1589718,86537205
3a24efba1ae7,4e683deeb741,20,1685205201955,38696,161677086,460,1589718,86537205
3a24efba1ae7,4e683deeb741,20,1685205202430,38696,161677086,460,1589718,86537205
3a24efba1ae7,4e683deeb741,2,1685206642702,38696,161677086,460,1589718,86537205
3a24efba1ae7,4e683deeb741,36,1685206642832,38696,161677086,460,1589718,86537205
3a24efba1ae7,4e683deeb741,18,1685206761184,38696,161677086,460,1589718,86537205
3a24efba1ae7,4e683deeb741,36,1685206761302,38696,161677086,460,1589718,86537205
3a24efba1ae7,4e683deeb741,39,1685206761346,38696,161677086,460,1589718,86537205
3a24efba1ae7,4e683deeb741,20,1685206761625,38696,161677086,460,1589718,86537205
3a24efba1ae7,4e683deeb741,20,1685206762098,38696,161677086,460,1589718,86537205
3a24efba1ae7,4e683deeb741,2,1685207685011,38696,85019032,460,1589718,86537205
3a24efba1ae7,4e683deeb741,39,1685207685147,38696,85019032,460,1589718,86537205
3a24efba1ae7,4e683deeb741,5,1685207685441,38696,85019032,460,1589718,86537205
3a24efba1ae7,4e683deeb741,20,1685207685450,38696,85019032,460,1589718,86537205
3a24efba1ae7,4e683deeb741,4,1685208201314,38696,85019032,460,1589718,86537205
3a24efba1ae7,4e683deeb741,2,1685208201741,38696,85019032,460,1589718,86537205
3a24efba1ae7,4e683deeb741,18,1685208201746,38696,85019032,460,1589718,86537205
3a24efba1ae7,4e683deeb741,36,1685208201846,38696,85019032,460,1589718,86537205
3a24efba1ae7,4e683deeb741,39,1685208201878,38696,85019032,460,1589718,86537205
3a24efba1ae7,4e683deeb741,5,1685208202241,38696,85019032,460,1589718,86537205
3a24efba1ae7,4e683deeb741,20,1685208202244,38696,85019032,460,1589718,86537205
3a24efba1ae7,4e683deeb741,2,1685209643031,38696,85019032,460,1589718,86537205
3a24efba1ae7,4e683deeb741,18,1685209643035,38696,85019032,460,1589718,86537205
3a24efba1ae7,4e683deeb741,36,1685209643152,38696,85019032,460,1589718,86537205
3a24efba1ae7,4e683deeb741,5,1685209643551,38696,85019032,460,1589718,86537205
3a24efba1ae7,4e683deeb741,20,1685209643554,38696,85019032,460,1589718,86537205
3a24efba1ae7,4e683deeb741,2,1685209761561,38696,85019032,460,1589718,86537205
3a24efba1ae7,4e683deeb741,18,1685209761563,38696,85019032,460,1589718,86537205
3a24efba1ae7,4e683deeb741,36,1685209761666,38696,85019032,460,1589718,86537205
3a24efba1ae7,4e683deeb741,39,1685209761696,38696,85019032,460,1589718,86537205
3a24efba1ae7,4e683deeb741,5,1685209762031,38696,85019032,460,1589718,86537205
3a24efba1ae7,4e683deeb741,20,1685209762034,38696,85019032,460,1589718,86537205
3a24efba1ae7,4e683deeb741,2,1685210718311,38696,85019032,460,1589718,86537205
3a24efba1ae7,4e683deeb741,36,1685210718426,38696,85019032,460,1589718,86537205
3a24efba1ae7,4e683deeb741,39,1685210718456,38696,85019032,460,1589718,86537205
3a24efba1ae7,4e683deeb741,20,1685210719203,38696,85019032,460,1589718,86537205
3a24efba1ae7,4e683deeb741,2,1685211202081,38696,85019032,460,1589718,86537205
3a24efba1ae7,4e683deeb741,18,1685211202085,38696,85019032,460,1589718,86537205
3a24efba1ae7,4e683deeb741,39,1685211202222,38696,85019032,460,1589718,86537205
3a24efba1ae7,4e683deeb741,5,1685211202591,38696,85019032,460,1589718,86537205
3a24efba1ae7,4e683deeb741,20,1685211202594,38696,85019032,460,1589718,86537205
3a24efba1ae7,4e683deeb741,4,1685212642216,38696,85019032,460,1589718,86537205
3a24efba1ae7,4e683deeb741,2,1685212643361,38696,85019032,460,1589718,86537205
3a24efba1ae7,4e683deeb741,39,1685212643501,38696,85019032,460,1589718,86537205
3a24efba1ae7,4e683deeb741,5,1685212643861,38696,85019032,460,1589718,86537205
3a24efba1ae7,4e683deeb741,20,1685212643864,38696,85019032,460,1589718,86537205
3a24efba1ae7,4e683deeb741,20,1685212644338,38696,85019032,460,1589718,86537205
3a24efba1ae7,4e683deeb741,18,1685212762234,38696,85055385,460,1589718,86537205
3a24efba1ae7,4e683deeb741,36,1685212762336,38696,85055385,460,1589718,86537205
3a24efba1ae7,4e683deeb741,39,1685212762366,38696,85055385,460,1589718,86537205
3a24efba1ae7,4e683deeb741,2,1685213751581,38696,85055385,460,1589718,86537205
3a24efba1ae7,4e683deeb741,18,1685213751583,38696,85055385,460,1589718,86537205
3a24efba1ae7,4e683deeb741,36,1685213751681,38696,85055385,460,1589718,86537205
3a24efba1ae7,4e683deeb741,39,1685213751711,38696,85055385,460,1589718,86537205
3a24efba1ae7,4e683deeb741,20,1685213751983,38696,85055385,460,1589718,86537205
3a24efba1ae7,4e683deeb741,2,1685214203661,38696,85055385,460,1589718,86537205
3a24efba1ae7,4e683deeb741,18,1685214203664,38696,85055385,460,1589718,86537205
3a24efba1ae7,4e683deeb741,36,1685214203766,38696,85055385,460,1589718,86537205
3a24efba1ae7,4e683deeb741,39,1685214203796,38696,85055385,460,1589718,86537205
3a24efba1ae7,4e683deeb741,20,1685214204174,38696,85055385,460,1589718,86537205
3a24efba1ae7,4e683deeb741,20,1685214204644,38696,85055385,460,1589718,86537205
3a24efba1ae7,4e683deeb741,2,1685215644989,38696,161677086,460,1589718,86537205
3a24efba1ae7,4e683deeb741,36,1685215645106,38696,161677086,460,1589718,86537205
3a24efba1ae7,4e683deeb741,39,1685215645146,38696,161677086,460,1589718,86537205
3a24efba1ae7,4e683deeb741,5,1685215645511,38696,161677086,460,1589718,86537205
3a24efba1ae7,4e683deeb741,20,1685215645513,38696,161677086,460,1589718,86537205
3a24efba1ae7,4e683deeb741,2,1685215762646,38696,161677086,460,1589718,86537205
3a24efba1ae7,4e683deeb741,18,1685215762649,38696,161677086,460,1589718,86537205
3a24efba1ae7,4e683deeb741,39,1685215762826,38696,161677086,460,1589718,86537205
3a24efba1ae7,4e683deeb741,18,1685216592144,38696,161677086,460,1589718,86537205
3a24efba1ae7,4e683deeb741,36,1685216592261,38696,161677086,460,1589718,86537205
3a24efba1ae7,4e683deeb741,39,1685216592303,38696,161677086,460,1589718,86537205
3a24efba1ae7,4e683deeb741,5,1685216592561,38696,161677086,460,1589718,86537205
3a24efba1ae7,4e683deeb741,20,1685216592564,38696,161677086,460,1589718,86537205
3a24efba1ae7,4e683deeb741,20,1685216593038,38696,161677086,460,1589718,86537205
3a24efba1ae7,4e683deeb741,2,1685216784830,38696,161677086,460,1589718,86537205
3a24efba1ae7,4e683deeb741,18,1685216784833,38696,161677086,460,1589718,86537205
3a24efba1ae7,4e683deeb741,36,1685216784936,38696,161677086,460,1589718,86537205
3a24efba1ae7,4e683deeb741,5,1685216785241,38696,161677086,460,1589718,86537205
3a24efba1ae7,4e683deeb741,20,1685216785243,38696,161677086,460,1589718,86537205
3a24efba1ae7,4e683deeb741,20,1685216785709,38696,161677086,460,1589718,86537205
3a24efba1ae7,4e683deeb741,4,1685217202985,38696,161677086,460,1589718,86537205
3a24efba1ae7,4e683deeb741,2,1685217203991,38696,161677086,460,1589718,86537205
3a24efba1ae7,4e683deeb741,36,1685217204106,38696,161677086,460,1589718,86537205
3a24efba1ae7,4e683deeb741,39,1685217204150,38696,161677086,460,1589718,86537205
3a24efba1ae7,4e683deeb741,5,1685217204501,38696,161677086,460,1589718,86537205
3a24efba1ae7,4e683deeb741,20,1685217204504,38696,161677086,460,1589718,86537205
3a24efba1ae7,4e683deeb741,20,1685217204979,38696,161677086,460,1589718,86537205
3a24efba1ae7,4e683deeb741,4,1685218644153,38696,85055385,460,1589718,86537205
3a24efba1ae7,4e683deeb741,2,1685218645290,38696,85055385,460,1589718,86537205
3a24efba1ae7,4e683deeb741,36,1685218645400,38696,85055385,460,1589718,86537205
3a24efba1ae7,4e683deeb741,39,1685218645430,38696,85055385,460,1589718,86537205
3a24efba1ae7,4e683deeb741,5,1685218645810,38696,85055385,460,1589718,86537205
3a24efba1ae7,4e683deeb741,20,1685218645813,38696,85055385,460,1589718,86537205
3a24efba1ae7,4e683deeb741,2,1685218763045,38696,85055385,460,1589718,86537205
3a24efba1ae7,4e683deeb741,36,1685218763157,38696,85055385,460,1589718,86537205
3a24efba1ae7,4e683deeb741,5,1685218763500,38696,85055385,460,1589718,86537205
3a24efba1ae7,4e683deeb741,20,1685218763982,38696,85055385,460,1589718,86537205
3a24efba1ae7,4e683deeb741,2,1685219818105,38696,85055385,460,1589718,86537205
3a24efba1ae7,4e683deeb741,36,1685219818220,38696,85055385,460,1589718,86537205
3a24efba1ae7,4e683deeb741,39,1685219818250,38696,85055385,460,1589718,86537205
3a24efba1ae7,4e683deeb741,4,1685220203266,38696,85055385,460,1589718,86537205
3a24efba1ae7,4e683deeb741,2,1685220204309,38696,85055385,460,1589718,86537205
3a24efba1ae7,4e683deeb741,18,1685220204313,38696,85055385,460,1589718,86537205
3a24efba1ae7,4e683deeb741,36,1685220204420,38696,85055385,460,1589718,86537205
3a24efba1ae7,4e683deeb741,39,1685220204449,38696,85055385,460,1589718,86537205
3a24efba1ae7,4e683deeb741,20,1685220204812,38696,85055385,460,1589718,86537205
3a24efba1ae7,4e683deeb741,20,1685220205282,38696,85055385,460,1589718,86537205
3a24efba1ae7,4e683deeb741,2,1685221645624,38696,85055385,460,1589718,86537205
3a24efba1ae7,4e683deeb741,18,1685221645628,38696,85055385,460,1589718,86537205
3a24efba1ae7,4e683deeb741,36,1685221645734,38696,85055385,460,1589718,86537205
3a24efba1ae7,4e683deeb741,39,1685221645759,38696,85055385,460,1589718,86537205
3a24efba1ae7,4e683deeb741,5,1685221646139,38696,85055385,460,1589718,86537205
3a24efba1ae7,4e683deeb741,20,1685221646141,38696,85055385,460,1589718,86537205
3a24efba1ae7,4e683deeb741,2,1685221763459,38696,85055385,460,1589718,86537205
3a24efba1ae7,4e683deeb741,39,1685221763624,38696,85055385,460,1589718,86537205
3a24efba1ae7,4e683deeb741,5,1685221772869,38696,85055385,460,1589718,86537205
3a24efba1ae7,4e683deeb741,20,1685221772873,38696,85055385,460,1589718,86537205
3a24efba1ae7,4e683deeb741,20,1685221773412,38696,85055385,460,1589718,86537205
3a24efba1ae7,4e683deeb741,18,1685222851667,38696,85055385,460,1589718,86537205
3a24efba1ae7,4e683deeb741,36,1685222851774,38696,85055385,460,1589718,86537205
3a24efba1ae7,4e683deeb741,39,1685222851804,38696,85055385,460,1589718,86537205
3a24efba1ae7,4e683deeb741,20,1685222853068,38696,85055385,460,1589718,86537205
3a24efba1ae7,4e683deeb741,2,1685223204648,38696,85055385,460,1589718,86537205
3a24efba1ae7,4e683deeb741,18,1685223204652,38696,85055385,460,1589718,86537205
3a24efba1ae7,4e683deeb741,36,1685223204759,38696,85055385,460,1589718,86537205
3a24efba1ae7,4e683deeb741,39,1685223204789,38696,85055385,460,1589718,86537205
3a24efba1ae7,4e683deeb741,5,1685223205149,38696,85055385,460,1589718,86537205
3a24efba1ae7,4e683deeb741,20,1685223205154,38696,85055385,460,1589718,86537205
3a24efba1ae7,4e683deeb741,2,1685224645938,38696,85055385,460,1589718,86537205
3a24efba1ae7,4e683deeb741,18,1685224645940,38696,85055385,460,1589718,86537205
3a24efba1ae7,4e683deeb741,36,1685224646053,38696,85055385,460,1589718,86537205
3a24efba1ae7,4e683deeb741,39,1685224646083,38696,85055385,460,1589718,86537205
3a24efba1ae7,4e683deeb741,5,1685224646438,38696,85055385,460,1589718,86537205
3a24efba1ae7,4e683deeb741,20,1685224646442,38696,85055385,460,1589718,86537205
3a24efba1ae7,4e683deeb741,20,1685224646921,38696,85055385,460,1589718,86537205
3a24efba1ae7,4e683deeb741,2,1685224764008,38696,85055385,460,1589718,86537205
3a24efba1ae7,4e683deeb741,18,1685224764011,38696,85055385,460,1589718,86537205
3a24efba1ae7,4e683deeb741,39,1685224764148,38696,85055385,460,1589718,86537205
3a24efba1ae7,4e683deeb741,5,1685224773243,38696,85055385,460,1589718,86537205
3a24efba1ae7,4e683deeb741,20,1685224773245,38696,85055385,460,1589718,86537205
3a24efba1ae7,4e683deeb741,2,1685225884943,38696,85055385,460,1589718,86537205
3a24efba1ae7,4e683deeb741,18,1685225884945,38696,85055385,460,1589718,86537205
3a24efba1ae7,4e683deeb741,36,1685225885058,38696,85055385,460,1589718,86537205
3a24efba1ae7,4e683deeb741,39,1685225885088,38696,85055385,460,1589718,86537205
3a24efba1ae7,4e683deeb741,5,1685225885338,38696,85055385,460,1589718,86537205
3a24efba1ae7,4e683deeb741,20,1685225885341,38696,85055385,460,1589718,86537205
3a24efba1ae7,4e683deeb741,2,1685226204967,38696,85055385,460,1589718,86537205
3a24efba1ae7,4e683deeb741,18,1685226204972,38696,85055385,460,1589718,86537205
3a24efba1ae7,4e683deeb741,36,1685226205078,38696,85055385,460,1589718,86537205
3a24efba1ae7,4e683deeb741,39,1685226205103,38696,85055385,460,1589718,86537205
3a24efba1ae7,4e683deeb741,5,1685226205468,38696,85055385,460,1589718,86537205
3a24efba1ae7,4e683deeb741,20,1685226205471,38696,85055385,460,1589718,86537205
3a24efba1ae7,4e683deeb741,4,1685227645002,38696,161677086,460,1589718,86537205
3a24efba1ae7,4e683deeb741,2,1685227646222,38696,161677086,460,1589718,86537205
3a24efba1ae7,4e683deeb741,18,1685227646225,38696,161677086,460,1589718,86537205
3a24efba1ae7,4e683deeb741,36,1685227646337,38696,161677086,460,1589718,86537205
3a24efba1ae7,4e683deeb741,39,1685227646382,38696,161677086,460,1589718,86537205
3a24efba1ae7,4e683deeb741,5,1685227646737,38696,161677086,460,1589718,86537205
3a24efba1ae7,4e683deeb741,20,1685227646741,38696,161677086,460,1589718,86537205
3a24efba1ae7,4e683deeb741,2,1685227764397,38696,161677086,460,1589718,86537205
3a24efba1ae7,4e683deeb741,18,1685227764400,38696,161677086,460,1589718,86537205
3a24efba1ae7,4e683deeb741,39,1685227764552,38696,161677086,460,1589718,86537205
3a24efba1ae7,4e683deeb741,5,1685227764837,38696,161677086,460,1589718,86537205
3a24efba1ae7,4e683deeb741,20,1685227765296,38696,161677086,460,1589718,86537205
3a24efba1ae7,4e683deeb741,18,1685228918220,38696,161677086,460,1589718,86537205
3a24efba1ae7,4e683deeb741,5,1685228918636,38696,161677086,460,1589718,86537205
3a24efba1ae7,4e683deeb741,20,1685228919113,38696,161677086,460,1589718,86537205
3a24efba1ae7,4e683deeb741,2,1685229192461,38696,161677086,460,1589718,86537205
3a24efba1ae7,4e683deeb741,18,1685229192463,38696,161677086,460,1589718,86537205
3a24efba1ae7,4e683deeb741,36,1685229192577,38696,161677086,460,1589718,86537205
3a24efba1ae7,4e683deeb741,5,1685229192876,38696,161677086,460,1589718,86537205
3a24efba1ae7,4e683deeb741,20,1685229192879,38696,161677086,460,1589718,86537205
3a24efba1ae7,4e683deeb741,2,1685229205276,38696,161677086,460,1589718,86537205
3a24efba1ae7,4e683deeb741,18,1685229205278,38696,161677086,460,1589718,86537205
3a24efba1ae7,4e683deeb741,36,1685229205391,38696,161677086,460,1589718,86537205
3a24efba1ae7,4e683deeb741,5,1685229205826,38696,161677086,460,1589718,86537205
3a24efba1ae7,4e683deeb741,20,1685229205829,38696,161677086,460,1589718,86537205
3a24efba1ae7,4e683deeb741,20,1685229206320,38696,161677086,460,1589718,86537205
3a24efba1ae7,4e683deeb741,4,1685230645556,38696,161677086,460,1589718,86537205
3a24efba1ae7,4e683deeb741,2,1685230646583,38696,161677086,460,1589718,86537205
3a24efba1ae7,4e683deeb741,18,1685230646586,38696,161677086,460,1589718,86537205
3a24efba1ae7,4e683deeb741,39,1685230646743,38696,161677086,460,1589718,86537205
3a24efba1ae7,4e683deeb741,5,1685230647123,38696,161677086,460,1589718,86537205
3a24efba1ae7,4e683deeb741,2,1685230764925,38696,161677086,460,1589718,86537205
3a24efba1ae7,4e683deeb741,18,1685230764928,38696,161677086,460,1589718,86537205
3a24efba1ae7,4e683deeb741,36,1685230765041,38696,161677086,460,1589718,86537205
3a24efba1ae7,4e683deeb741,39,1685230765082,38696,161677086,460,1589718,86537205
3a24efba1ae7,4e683deeb741,20,1685230774845,38696,161677086,460,1589718,86537205
3a24efba1ae7,4e683deeb741,36,1685231951650,38696,85055385,460,1589718,86537205
3a24efba1ae7,4e683deeb741,39,1685231951682,38696,85055385,460,1589718,86537205
3a24efba1ae7,4e683deeb741,2,1685232205607,38696,85055385,460,1589718,86537205
3a24efba1ae7,4e683deeb741,18,1685232205611,38696,85055385,460,1589718,86537205
3a24efba1ae7,4e683deeb741,36,1685232205716,38696,85055385,460,1589718,86537205
3a24efba1ae7,4e683deeb741,5,1685232206105,38696,85055385,460,1589718,86537205
3a24efba1ae7,4e683deeb741,4,1685233645818,38696,85019032,460,1589718,86537205
3a24efba1ae7,4e683deeb741,2,1685233646885,38696,85019032,460,1589718,86537205
3a24efba1ae7,4e683deeb741,18,1685233646889,38696,85019032,460,1589718,86537205
3a24efba1ae7,4e683deeb741,36,1685233646995,38696,85019032,460,1589718,86537205
3a24efba1ae7,4e683deeb741,39,1685233647020,38696,85019032,460,1589718,86537205
3a24efba1ae7,4e683deeb741,20,1685233647474,38696,85019032,460,1589718,86537205
3a24efba1ae7,4e683deeb741,2,1685233765545,38696,85019032,460,1589718,86537205
3a24efba1ae7,4e683deeb741,20,1685233785434,38696,85019032,460,1589718,86537205
3a24efba1ae7,4e683deeb741,18,1685234985087,38696,85019032,460,1589718,86537205
3a24efba1ae7,4e683deeb741,36,1685234985190,38696,85019032,460,1589718,86537205
3a24efba1ae7,4e683deeb741,39,1685234985220,38696,85019032,460,1589718,86537205
3a24efba1ae7,4e683deeb741,5,1685234987925,38696,85019032,460,1589718,86537205
3a24efba1ae7,4e683deeb741,20,1685234988546,38696,85019032,460,1589718,86537205
3a24efba1ae7,4e683deeb741,4,1685235031284,38696,85019032,460,1589718,86537205
3a24efba1ae7,4e683deeb741,2,1685235031815,38696,85019032,460,1589718,86537205
3a24efba1ae7,4e683deeb741,18,1685235031818,38696,85019032,460,1589718,86537205
3a24efba1ae7,4e683deeb741,36,1685235031920,38696,85019032,460,1589718,86537205
3a24efba1ae7,4e683deeb741,39,1685235031950,38696,85019032,460,1589718,86537205
3a24efba1ae7,4e683deeb741,34,1685235032237,38696,85019032,460,1589718,86537205
3a24efba1ae7,4e683deeb741,4,1685235205754,38696,85019032,460,1589718,86537205
3a24efba1ae7,4e683deeb741,2,1685235205940,38696,85019032,460,1589718,86537205
3a24efba1ae7,4e683deeb741,36,1685235206045,38696,85019032,460,1589718,86537205
3a24efba1ae7,4e683deeb741,39,1685235206076,38696,85019032,460,1589718,86537205
3a24efba1ae7,4e683deeb741,20,1685235206912,38696,85019032,460,1589718,86537205
3a24efba1ae7,4e683deeb741,2,1685236606754,38696,116481241,460,1589718,86537205
3a24efba1ae7,4e683deeb741,18,1685236606756,38696,116481241,460,1589718,86537205
3a24efba1ae7,4e683deeb741,36,1685236606795,38696,116481241,460,1589718,86537205
3a24efba1ae7,4e683deeb741,39,1685236606824,38696,116481241,460,1589718,86537205
3a24efba1ae7,4e683deeb741,13,1685236606957,38696,116481241,460,1589718,86537205
3a24efba1ae7,4e683deeb741,35,1685236615922,38696,116481241,460,1589718,86537205
3a24efba1ae7,4e683deeb741,11,1685236683835,38696,116481241,460,1589718,86537205
3a24efba1ae7,4e683deeb741,14,1685236684899,38696,85019032,460,1589718,86537205
3a24efba1ae7,4e683deeb741,20,1685236704804,38696,85019032,460,1589718,86537205
3a24efba1ae7,4e683deeb741,18,1685236765927,38696,85019032,460,1589718,86537205
3a24efba1ae7,4e683deeb741,36,1685236766034,38696,85019032,460,1589718,86537205
3a24efba1ae7,4e683deeb741,39,1685236766060,38696,85019032,460,1589718,86537205
3a24efba1ae7,4e683deeb741,20,1685236766379,38696,85019032,460,1589718,86537205
3a24efba1ae7,4e683deeb741,20,1685236766857,38696,85019032,460,1589718,86537205
3a24efba1ae7,4e683deeb741,18,1685238020356,38696,161677086,460,1589718,86537205
3a24efba1ae7,4e683deeb741,36,1685238020472,38696,161677086,460,1589718,86537205
3a24efba1ae7,4e683deeb741,39,1685238020523,38696,161677086,460,1589718,86537205
3a24efba1ae7,4e683deeb741,20,1685238020826,38696,161677086,460,1589718,86537205
3a24efba1ae7,4e683deeb741,4,1685238206310,38696,161677086,460,1589718,86537205
3a24efba1ae7,4e683deeb741,2,1685238207502,38696,161677086,460,1589718,86537205
3a24efba1ae7,4e683deeb741,5,1685238208040,38696,161677086,460,1589718,86537205
3a24efba1ae7,4e683deeb741,20,1685238208520,38696,161677086,460,1589718,86537205
3a24efba1ae7,4e683deeb741,4,1685239648029,38696,161677086,460,1589718,86537205
3a24efba1ae7,4e683deeb741,18,1685239648783,38696,161677086,460,1589718,86537205
3a24efba1ae7,4e683deeb741,39,1685239648957,38696,161677086,460,1589718,86537205
3a24efba1ae7,4e683deeb741,5,1685239649332,38696,161677086,460,1589718,86537205
3a24efba1ae7,4e683deeb741,20,1685239649827,38696,161677086,460,1589718,86537205
3a24efba1ae7,4e683deeb741,36,1685239766425,38696,161677086,460,1589718,86537205
3a24efba1ae7,4e683deeb741,5,1685239766782,38696,161677086,460,1589718,86537205
3a24efba1ae7,4e683deeb741,20,1685239766786,38696,161677086,460,1589718,86537205
3a24efba1ae7,4e683deeb741,2,1685241053795,38696,161677086,460,1589718,86537205
3a24efba1ae7,4e683deeb741,18,1685241053798,38696,161677086,460,1589718,86537205
3a24efba1ae7,4e683deeb741,39,1685241053967,38696,161677086,460,1589718,86537205
3a24efba1ae7,4e683deeb741,20,1685241057635,38696,161677086,460,1589718,86537205
3a24efba1ae7,4e683deeb741,20,1685241058127,38696,161677086,460,1589718,86537205
3a24efba1ae7,4e683deeb741,4,1685241206594,38696,161677086,460,1589718,86537205
3a24efba1ae7,4e683deeb741,2,1685241207826,38696,161677086,460,1589718,86537205
3a24efba1ae7,4e683deeb741,36,1685241207961,38696,161677086,460,1589718,86537205
3a24efba1ae7,4e683deeb741,39,1685241208023,38696,161677086,460,1589718,86537205
3a24efba1ae7,4e683deeb741,20,1685241208444,38696,161677086,460,1589718,86537205
3a24efba1ae7,4e683deeb741,20,1685241208935,38696,161677086,460,1589718,86537205
3a24efba1ae7,4e683deeb741,2,1685242394393,38696,85019032,460,1589718,86537205
3a24efba1ae7,4e683deeb741,18,1685242394397,38696,85019032,460,1589718,86537205
3a24efba1ae7,4e683deeb741,36,1685242394509,38696,85019032,460,1589718,86537205
3a24efba1ae7,4e683deeb741,39,1685242394538,38696,85019032,460,1589718,86537205
3a24efba1ae7,4e683deeb741,5,1685242394803,38696,85019032,460,1589718,86537205
3a24efba1ae7,4e683deeb741,20,1685242394805,38696,85019032,460,1589718,86537205
3a24efba1ae7,4e683deeb741,20,1685242395261,38696,85019032,460,1589718,86537205
3a24efba1ae7,4e683deeb741,36,1685242649218,38696,85019032,460,1589718,86537205
3a24efba1ae7,4e683deeb741,39,1685242649248,38696,85019032,460,1589718,86537205
3a24efba1ae7,4e683deeb741,5,1685242649623,38696,85019032,460,1589718,86537205
3a24efba1ae7,4e683deeb741,20,1685242650107,38696,85019032,460,1589718,86537205
3a24efba1ae7,4e683deeb741,2,1685242766723,38696,85019032,460,1589718,86537205
3a24efba1ae7,4e683deeb741,39,1685242766868,38696,85019032,460,1589718,86537205
3a24efba1ae7,4e683deeb741,5,1685242767203,38696,85019032,460,1589718,86537205
3a24efba1ae7,4e683deeb741,20,1685242767208,38696,85019032,460,1589718,86537205
3a24efba1ae7,4e683deeb741,2,1685244087101,38696,161677086,460,1589718,86537205
3a24efba1ae7,4e683deeb741,18,1685244087105,38696,161677086,460,1589718,86537205
3a24efba1ae7,4e683deeb741,36,1685244087224,38696,161677086,460,1589718,86537205
3a24efba1ae7,4e683deeb741,39,1685244087272,38696,161677086,460,1589718,86537205
3a24efba1ae7,4e683deeb741,5,1685244087586,38696,161677086,460,1589718,86537205
3a24efba1ae7,4e683deeb741,20,1685244088062,38696,161677086,460,1589718,86537205
3a24efba1ae7,4e683deeb741,4,1685244206902,38696,251565912,460,1589718,86537205
3a24efba1ae7,4e683deeb741,36,1685244208258,38696,251565912,460,1589718,86537205
3a24efba1ae7,4e683deeb741,4,1685245648608,38696,251484509,460,1589718,86537205
3a24efba1ae7,4e683deeb741,18,1685245649424,38696,251484509,460,1589718,86537205
3a24efba1ae7,4e683deeb741,36,1685245649502,38696,251484509,460,1589718,86537205
3a24efba1ae7,4e683deeb741,20,1685245649933,38696,251484509,460,1589718,86537205
3a24efba1ae7,4e683deeb741,36,1685245767234,38696,161677083,460,1589718,86537205
3a24efba1ae7,4e683deeb741,39,1685245767293,38696,161677083,460,1589718,86537205
3a24efba1ae7,4e683deeb741,5,1685245767611,38696,161677083,460,1589718,86537205
3a24efba1ae7,4e683deeb741,20,1685245767614,38696,161677083,460,1589718,86537205
3a24efba1ae7,4e683deeb741,2,1685247120446,38696,161677083,460,1589718,86537205
3a24efba1ae7,4e683deeb741,5,1685247120909,38696,161677083,460,1589718,86537205
3a24efba1ae7,4e683deeb741,20,1685247120911,38696,161677083,460,1589718,86537205
3a24efba1ae7,4e683deeb741,4,1685247207435,38696,85055386,460,1589718,86537205
3a24efba1ae7,4e683deeb741,2,1685247208452,38696,85055386,460,1589718,86537205
3a24efba1ae7,4e683deeb741,18,1685247208456,38696,85055386,460,1589718,86537205
3a24efba1ae7,4e683deeb741,36,1685247208557,38696,85055386,460,1589718,86537205
3a24efba1ae7,4e683deeb741,39,1685247208583,38696,85055386,460,1589718,86537205
3a24efba1ae7,4e683deeb741,5,1685247208937,38696,85055386,460,1589718,86537205
3a24efba1ae7,4e683deeb741,20,1685247208940,38696,85055386,460,1589718,86537205
3a24efba1ae7,4e683deeb741,39,1685248649882,38696,85055386,460,1589718,86537205
3a24efba1ae7,4e683deeb741,2,1685248767517,38696,85055386,460,1589718,86537205
3a24efba1ae7,4e683deeb741,18,1685248767521,38696,85055386,460,1589718,86537205
3a24efba1ae7,4e683deeb741,36,1685248767622,38696,85055386,460,1589718,86537205
3a24efba1ae7,4e683deeb741,2,1685250155752,38696,85055386,460,1589718,86537205
3a24efba1ae7,4e683deeb741,36,1685250155862,38696,85055386,460,1589718,86537205
3a24efba1ae7,4e683deeb741,39,1685250155892,38696,85055386,460,1589718,86537205
3a24efba1ae7,4e683deeb741,5,1685250156156,38696,85055386,460,1589718,86537205
3a24efba1ae7,4e683deeb741,20,1685250156160,38696,85055386,460,1589718,86537205
3a24efba1ae7,4e683deeb741,20,1685250156628,38696,85055386,460,1589718,86537205
3a24efba1ae7,4e683deeb741,2,1685250208777,38696,251484509,460,1589718,86537205
3a24efba1ae7,4e683deeb741,18,1685250208782,38696,251484509,460,1589718,86537205
3a24efba1ae7,4e683deeb741,39,1685250208920,38696,251484509,460,1589718,86537205
3a24efba1ae7,4e683deeb741,20,1685250209270,38696,251484509,460,1589718,86537205
3a24efba1ae7,4e683deeb741,20,1685250209756,38696,251484509,460,1589718,86537205
3a24efba1ae7,4e683deeb741,18,1685251650060,38696,251561306,460,1589718,86537205
3a24efba1ae7,4e683deeb741,2,1685251767891,38696,161677086,460,1589718,86537205
3a24efba1ae7,4e683deeb741,36,1685251768013,38696,161677086,460,1589718,86537205
3a24efba1ae7,4e683deeb741,39,1685251768058,38696,161677086,460,1589718,86537205
3a24efba1ae7,4e683deeb741,5,1685251768354,38696,161677086,460,1589718,86537205
3a24efba1ae7,4e683deeb741,20,1685251768358,38696,161677086,460,1589718,86537205
3a24efba1ae7,4e683deeb741,20,1685251768836,38696,161677086,460,1589718,86537205
3a24efba1ae7,4e683deeb741,20,1685253189474,38696,85055386,460,1589718,86537205
3a24efba1ae7,4e683deeb741,4,1685253208544,38696,85055386,460,1589718,86537205
3a24efba1ae7,4e683deeb741,39,1685253209266,38696,85055386,460,1589718,86537205
3a24efba1ae7,4e683deeb741,20,1685253209614,38696,85055386,460,1589718,86537205
3a24efba1ae7,4e683deeb741,36,1685254650486,38696,85055386,460,1589718,86537205
3a24efba1ae7,4e683deeb741,39,1685254650512,38696,85055386,460,1589718,86537205
3a24efba1ae7,4e683deeb741,20,1685254650878,38696,85055386,460,1589718,86537205
3a24efba1ae7,4e683deeb741,4,1685254757824,38696,85055386,460,1589718,86537205
3a24efba1ae7,4e683deeb741,2,1685254759170,38696,85055386,460,1589718,86537205
3a24efba1ae7,4e683deeb741,5,1685254760580,38696,85055386,460,1589718,86537205
3a24efba1ae7,4e683deeb741,20,1685254760584,38696,85055386,460,1589718,86537205
3a24efba1ae7,4e683deeb741,20,1685254761224,38696,85055386,460,1589718,86537205
3a24efba1ae7,4e683deeb741,2,1685254768310,38696,85055386,460,1589718,86537205
3a24efba1ae7,4e683deeb741,39,1685254768446,38696,85055386,460,1589718,86537205
3a24efba1ae7,4e683deeb741,20,1685254774974,38696,85055386,460,1589718,86537205
3a24efba1ae7,4e683deeb741,5,1685254995176,38696,251484509,460,1589718,86537205
3a24efba1ae7,4e683deeb741,20,1685254995179,38696,251484509,460,1589718,86537205
3a24efba1ae7,4e683deeb741,4,1685256208551,38696,161677083,460,1589718,86537205
3a24efba1ae7,4e683deeb741,18,1685256209444,38696,161677083,460,1589718,86537205
3a24efba1ae7,4e683deeb741,36,1685256209537,38696,161677083,460,1589718,86537205
3a24efba1ae7,4e683deeb741,20,1685256209962,38696,161677083,460,1589718,86537205
3a24efba1ae7,4e683deeb741,2,1685256222335,38696,161677083,460,1589718,86537205
3a24efba1ae7,4e683deeb741,18,1685256222337,38696,161677083,460,1589718,86537205
3a24efba1ae7,4e683deeb741,39,1685256222516,38696,161677083,460,1589718,86537205
3a24efba1ae7,4e683deeb741,20,1685256223316,38696,161677083,460,1589718,86537205
3a24efba1ae7,4e683deeb741,20,1685257651648,38696,85019032,460,1589718,86537205
3a24efba1ae7,4e683deeb741,18,1685257768677,38696,161677083,460,1589718,86537205
3a24efba1ae7,4e683deeb741,5,1685257769147,38696,161677083,460,1589718,86537205
3a24efba1ae7,4e683deeb741,20,1685257769631,38696,161677083,460,1589718,86537205
3a24efba1ae7,4e683deeb741,4,1685259209116,38696,161677086,460,1589718,86537205
3a24efba1ae7,4e683deeb741,2,1685259209742,38696,161677086,460,1589718,86537205
3a24efba1ae7,4e683deeb741,18,1685259209745,38696,161677086,460,1589718,86537205
3a24efba1ae7,4e683deeb741,39,1685259209912,38696,161677086,460,1589718,86537205
3a24efba1ae7,4e683deeb741,20,1685259210294,38696,161677086,460,1589718,86537205
3a24efba1ae7,4e683deeb741,2,1685259255695,38696,161677086,460,1589718,86537205
3a24efba1ae7,4e683deeb741,18,1685259255697,38696,161677086,460,1589718,86537205
3a24efba1ae7,4e683deeb741,20,1685259256175,38696,161677086,460,1589718,86537205
3a24efba1ae7,4e683deeb741,4,1685260650011,38696,161677086,460,1589718,86537205
3a24efba1ae7,4e683deeb741,2,1685260651046,38696,161677086,460,1589718,86537205
3a24efba1ae7,4e683deeb741,18,1685260651050,38696,161677086,460,1589718,86537205
3a24efba1ae7,4e683deeb741,36,1685260651167,38696,161677086,460,1589718,86537205
3a24efba1ae7,4e683deeb741,5,1685260651591,38696,161677086,460,1589718,86537205
3a24efba1ae7,4e683deeb741,20,1685260652079,38696,161677086,460,1589718,86537205
3a24efba1ae7,4e683deeb741,18,1685260769249,38696,161677086,460,1589718,86537205
3a24efba1ae7,4e683deeb741,36,1685260769385,38696,161677086,460,1589718,86537205
3a24efba1ae7,4e683deeb741,39,1685260769425,38696,161677086,460,1589718,86537205
3a24efba1ae7,4e683deeb741,4,1685262209673,38696,251484509,460,1589718,86537205
3a24efba1ae7,4e683deeb741,2,1685262210054,38696,251484509,460,1589718,86537205
3a24efba1ae7,4e683deeb741,36,1685262210141,38696,251484509,460,1589718,86537205
3a24efba1ae7,4e683deeb741,39,1685262210197,38696,251484509,460,1589718,86537205
3a24efba1ae7,4e683deeb741,20,1685262210545,38696,251484509,460,1589718,86537205
3a24efba1ae7,4e683deeb741,2,1685262289009,38696,251484509,460,1589718,86537205
3a24efba1ae7,4e683deeb741,36,1685262289096,38696,251484509,460,1589718,86537205
3a24efba1ae7,4e683deeb741,39,1685262289155,38696,251484509,460,1589718,86537205
3a24efba1ae7,4e683deeb741,5,1685262289450,38696,251484509,460,1589718,86537205
3a24efba1ae7,4e683deeb741,20,1685262289455,38696,251484509,460,1589718,86537205
3a24efba1ae7,4e683deeb741,4,1685263650282,38696,251484509,460,1589718,86537205
3a24efba1ae7,4e683deeb741,2,1685263651338,38696,251484509,460,1589718,86537205
3a24efba1ae7,4e683deeb741,18,1685263651341,38696,251484509,460,1589718,86537205
3a24efba1ae7,4e683deeb741,36,1685263651421,38696,251484509,460,1589718,86537205
3a24efba1ae7,4e683deeb741,39,1685263651462,38696,251484509,460,1589718,86537205
3a24efba1ae7,4e683deeb741,20,1685263651807,38696,251484509,460,1589718,86537205
3a24efba1ae7,4e683deeb741,18,1685263769655,38696,251484509,460,1589718,86537205
3a24efba1ae7,4e683deeb741,39,1685263769765,38696,251484509,460,1589718,86537205
3a24efba1ae7,4e683deeb741,20,1685263770047,38696,251484509,460,1589718,86537205
3a24efba1ae7,4e683deeb741,20,1685263770523,38696,251484509,460,1589718,86537205
3a24efba1ae7,4e683deeb741,2,1685265210383,38696,251484509,460,1589718,86537205
3a24efba1ae7,4e683deeb741,39,1685265210511,38696,251484509,460,1589718,86537205
3a24efba1ae7,4e683deeb741,20,1685265211343,38696,251484509,460,1589718,86537205
3a24efba1ae7,4e683deeb741,2,1685265322297,38696,251484509,460,1589718,86537205
3a24efba1ae7,4e683deeb741,18,1685265322301,38696,251484509,460,1589718,86537205
3a24efba1ae7,4e683deeb741,36,1685265322385,38696,251484509,460,1589718,86537205
3a24efba1ae7,4e683deeb741,39,1685265322429,38696,251484509,460,1589718,86537205
3a24efba1ae7,4e683deeb741,20,1685265322687,38696,251484509,460,1589718,86537205
3a24efba1ae7,4e683deeb741,20,1685265323148,38696,251484509,460,1589718,86537205
3a24efba1ae7,4e683deeb741,4,1685266393675,38696,85524634,460,1589718,86537205
3a24efba1ae7,4e683deeb741,2,1685266394386,38696,85524634,460,1589718,86537205
3a24efba1ae7,4e683deeb741,36,1685266394517,38696,85524634,460,1589718,86537205
3a24efba1ae7,4e683deeb741,39,1685266394547,38696,85524634,460,1589718,86537205
3a24efba1ae7,4e683deeb741,20,1685266394835,38696,85524634,460,1589718,86537205
3a24efba1ae7,4e683deeb741,4,1685266650554,38696,85055386,460,1589718,86537205
3a24efba1ae7,4e683deeb741,2,1685266651646,38696,85055386,460,1589718,86537205
3a24efba1ae7,4e683deeb741,18,1685266651651,38696,85055386,460,1589718,86537205
3a24efba1ae7,4e683deeb741,36,1685266651762,38696,85055386,460,1589718,86537205
3a24efba1ae7,4e683deeb741,20,1685266652160,38696,85055386,460,1589718,86537205
3a24efba1ae7,4e683deeb741,18,1685266769985,38696,251484509,460,1589718,86537205
3a24efba1ae7,4e683deeb741,5,1685266770421,38696,251484509,460,1589718,86537205
3a24efba1ae7,4e683deeb741,20,1685266770425,38696,251484509,460,1589718,86537205
3a24efba1ae7,4e683deeb741,18,1685268210709,38696,85055386,460,1589718,86537205
3a24efba1ae7,4e683deeb741,5,1685268355942,38696,251484509,460,1589718,86537205
3a24efba1ae7,4e683deeb741,20,1685268356405,38696,251484509,460,1589718,86537205
3a24efba1ae7,4e683deeb741,2,1685268802062,38696,251484509,460,1589718,86537205
3a24efba1ae7,4e683deeb741,39,1685268802193,38696,251484509,460,1589718,86537205
3a24efba1ae7,4e683deeb741,34,1685268802487,38696,251484509,460,1589718,86537205
3a24efba1ae7,4e683deeb741,21,1685268927015,38696,251484509,460,1589718,86537205
3a24efba1ae7,4e683deeb741,5,1685268929478,38696,251484509,460,1589718,86537205
3a24efba1ae7,4e683deeb741,20,1685268929481,38696,251484509,460,1589718,86537205
3a24efba1ae7,4e683deeb741,2,1685269022737,38696,251484509,460,1589718,86537205
3a24efba1ae7,4e683deeb741,20,1685269085374,38696,251484509,460,1589718,86537205
3a24efba1ae7,4e683deeb741,20,1685269086015,38696,251484509,460,1589718,86537205
3a24efba1ae7,4e683deeb741,2,1685269770606,38696,251484509,460,1589718,86537205
3a24efba1ae7,4e683deeb741,36,1685269770688,38696,251484509,460,1589718,86537205
3a24efba1ae7,4e683deeb741,39,1685269770741,38696,251484509,460,1589718,86537205
3a24efba1ae7,4e683deeb741,4,1685271210758,38696,85524634,460,1589718,86537205
3a24efba1ae7,4e683deeb741,2,1685271211051,38696,85524634,460,1589718,86537205
3a24efba1ae7,4e683deeb741,18,1685271211053,38696,85524634,460,1589718,86537205
3a24efba1ae7,4e683deeb741,18,1685271388960,38696,85524634,460,1589718,86537205
3a24efba1ae7,4e683deeb741,36,1685271389087,38696,85524634,460,1589718,86537205
3a24efba1ae7,4e683deeb741,39,1685271389117,38696,85524634,460,1589718,86537205
3a24efba1ae7,4e683deeb741,18,1685272652326,38696,251484509,460,1589718,86537205
3a24efba1ae7,4e683deeb741,36,1685272652410,38696,251484509,460,1589718,86537205
3a24efba1ae7,4e683deeb741,39,1685272652473,38696,251484509,460,1589718,86537205
3a24efba1ae7,4e683deeb741,2,1685272770971,38696,251484509,460,1589718,86537205
3a24efba1ae7,4e683deeb741,18,1685272770973,38696,251484509,460,1589718,86537205
3a24efba1ae7,4e683deeb741,4,1685273663401,38696,85055386,460,1589718,86537205
3a24efba1ae7,4e683deeb741,18,1685273664804,38696,85055386,460,1589718,86537205
3a24efba1ae7,4e683deeb741,36,1685273664910,38696,85055386,460,1589718,86537205
3a24efba1ae7,4e683deeb741,13,1685273665228,38696,85055386,460,1589718,86537205
3a24efba1ae7,4e683deeb741,34,1685273665228,38696,85055386,460,1589718,86537205
3a24efba1ae7,4e683deeb741,39,1685273665894,38696,161677083,460,1589718,86537205
3a24efba1ae7,4e683deeb741,36,1685273665967,38696,161677083,460,1589718,86537205
3a24efba1ae7,4e683deeb741,14,1685273680589,38696,251484509,460,1589718,86537205
3a24efba1ae7,4e683deeb741,39,1685273680656,38696,251484509,460,1589718,86537205
3a24efba1ae7,4e683deeb741,14,1685273682712,38696,161677083,460,1589718,86537205
3a24efba1ae7,4e683deeb741,14,1685273697624,38696,251484509,460,1589718,86537205
3a24efba1ae7,4e683deeb741,14,1685273699122,38696,161677083,460,1589718,86537205
3a24efba1ae7,4e683deeb741,39,1685273699200,38696,161677083,460,1589718,86537205
3a24efba1ae7,4e683deeb741,14,1685273700822,38696,161677083,460,1589718,86537205
3a24efba1ae7,4e683deeb741,14,1685273705759,38696,251484509,460,1589718,86537205
3a24efba1ae7,4e683deeb741,39,1685273705829,38696,251484509,460,1589718,86537205
3a24efba1ae7,4e683deeb741,5,1685273721239,38696,251484509,460,1589718,86537205
3a24efba1ae7,4e683deeb741,2,1685273727495,38696,251484509,460,1589718,86537205
3a24efba1ae7,4e683deeb741,18,1685273727500,38696,251484509,460,1589718,86537205
3a24efba1ae7,4e683deeb741,36,1685273727653,38696,251484509,460,1589718,86537205
3a24efba1ae7,4e683deeb741,39,1685273727723,38696,251484509,460,1589718,86537205
3a24efba1ae7,4e683deeb741,34,1685273728040,38696,251484509,460,1589718,86537205
3a24efba1ae7,4e683deeb741,14,1685273728592,38696,161677083,460,1589718,86537205
3a24efba1ae7,4e683deeb741,39,1685273728665,38696,161677083,460,1589718,86537205
3a24efba1ae7,4e683deeb741,14,1685273732959,38696,251484509,460,1589718,86537205
3a24efba1ae7,4e683deeb741,14,1685273733769,38696,85055386,460,1589718,86537205
3a24efba1ae7,4e683deeb741,39,1685273733841,38696,85055386,460,1589718,86537205
3a24efba1ae7,4e683deeb741,39,1685273758494,38696,251484509,460,1589718,86537205
3a24efba1ae7,4e683deeb741,39,1685273765385,38696,161677083,460,1589718,86537205
3a24efba1ae7,4e683deeb741,14,1685273768995,38696,251484509,460,1589718,86537205
3a24efba1ae7,4e683deeb741,11,1685273789008,38696,251484509,460,1589718,86537205
3a24efba1ae7,4e683deeb741,39,1685273790577,38696,161677083,460,1589718,86537205
3a24efba1ae7,4e683deeb741,5,1685273791198,38696,161677083,460,1589718,86537205
3a24efba1ae7,4e683deeb741,4,1685273842593,38696,251484509,460,1589718,86537205
3a24efba1ae7,4e683deeb741,2,1685273844000,38696,251484509,460,1589718,86537205
3a24efba1ae7,4e683deeb741,18,1685273844005,38696,251484509,460,1589718,86537205
3a24efba1ae7,4e683deeb741,36,1685273844090,38696,251484509,460,1589718,86537205
3a24efba1ae7,4e683deeb741,39,1685273844141,38696,251484509,460,1589718,86537205
3a24efba1ae7,4e683deeb741,34,1685273844491,38696,251484509,460,1589718,86537205
3a24efba1ae7,4e683deeb741,13,1685273844491,38696,251484509,460,1589718,86537205
3a24efba1ae7,4e683deeb741,11,1685273905839,38696,251484509,460,1589718,86537205
3a24efba1ae7,4e683deeb741,21,1685273905839,38696,251484509,460,1589718,86537205
3a24efba1ae7,4e683deeb741,14,1685273906873,38696,161677086,460,1589718,86537205
3a24efba1ae7,4e683deeb741,39,1685273906942,38696,161677086,460,1589718,86537205
3a24efba1ae7,4e683deeb741,36,1685273907282,38696,161677086,460,1589718,86537205
3a24efba1ae7,4e683deeb741,20,1685273916801,38696,161677086,460,1589718,86537205
3a24efba1ae7,4e683deeb741,2,1685274212634,38696,85055386,460,1589718,86537205
3a24efba1ae7,4e683deeb741,18,1685274212638,38696,85055386,460,1589718,86537205
3a24efba1ae7,4e683deeb741,36,1685274212750,38696,85055386,460,1589718,86537205
3a24efba1ae7,4e683deeb741,39,1685274212774,38696,85055386,460,1589718,86537205
3a24efba1ae7,4e683deeb741,20,1685274213611,38696,85055386,460,1589718,86537205
3a24efba1ae7,4e683deeb741,2,1685274422437,38696,85524634,460,1589718,86537205
3a24efba1ae7,4e683deeb741,18,1685274422440,38696,85524634,460,1589718,86537205
3a24efba1ae7,4e683deeb741,36,1685274422568,38696,85524634,460,1589718,86537205
3a24efba1ae7,4e683deeb741,39,1685274422599,38696,85524634,460,1589718,86537205
3a24efba1ae7,4e683deeb741,4,1685275652740,38696,251484509,460,1589718,86537205
3a24efba1ae7,4e683deeb741,2,1685275653914,38696,251484509,460,1589718,86537205
3a24efba1ae7,4e683deeb741,18,1685275653917,38696,251484509,460,1589718,86537205
3a24efba1ae7,4e683deeb741,36,1685275653997,38696,251484509,460,1589718,86537205
3a24efba1ae7,4e683deeb741,39,1685275654040,38696,251484509,460,1589718,86537205
3a24efba1ae7,4e683deeb741,5,1685275654413,38696,251484509,460,1589718,86537205
3a24efba1ae7,4e683deeb741,20,1685275654417,38696,251484509,460,1589718,86537205
3a24efba1ae7,4e683deeb741,20,1685275654879,38696,251484509,460,1589718,86537205
3a24efba1ae7,4e683deeb741,2,1685275771585,38696,85524634,460,1589718,86537205
3a24efba1ae7,4e683deeb741,18,1685275771588,38696,85524634,460,1589718,86537205
3a24efba1ae7,4e683deeb741,39,1685275771744,38696,85524634,460,1589718,86537205
3a24efba1ae7,4e683deeb741,14,1685275773776,38696,251484509,460,1589718,86537205
3a24efba1ae7,4e683deeb741,18,1685277212957,38696,85055386,460,1589718,86537205
3a24efba1ae7,4e683deeb741,36,1685277213064,38696,85055386,460,1589718,86537205
3a24efba1ae7,4e683deeb741,39,1685277213088,38696,85055386,460,1589718,86537205
3a24efba1ae7,4e683deeb741,5,1685277213444,38696,85055386,460,1589718,86537205
3a24efba1ae7,4e683deeb741,20,1685277213448,38696,85055386,460,1589718,86537205
3a24efba1ae7,4e683deeb741,20,1685277213913,38696,85055386,460,1589718,86537205
3a24efba1ae7,4e683deeb741,2,1685277456042,38696,161677083,460,1589718,86537205
3a24efba1ae7,4e683deeb741,18,1685277456045,38696,161677083,460,1589718,86537205
3a24efba1ae7,4e683deeb741,36,1685277456152,38696,161677083,460,1589718,86537205
3a24efba1ae7,4e683deeb741,20,1685277466014,38696,161677083,460,1589718,86537205
3a24efba1ae7,4e683deeb741,4,1685278395105,38696,251484509,460,1589718,86537205
3a24efba1ae7,4e683deeb741,2,1685278395675,38696,251484509,460,1589718,86537205
3a24efba1ae7,4e683deeb741,18,1685278395680,38696,251484509,460,1589718,86537205
3a24efba1ae7,4e683deeb741,36,1685278395763,38696,251484509,460,1589718,86537205
3a24efba1ae7,4e683deeb741,39,1685278395824,38696,251484509,460,1589718,86537205
3a24efba1ae7,4e683deeb741,20,1685278396091,38696,251484509,460,1589718,86537205
3a24efba1ae7,4e683deeb741,4,1685278653034,38696,251484509,460,1589718,86537205
3a24efba1ae7,4e683deeb741,2,1685278654234,38696,251484509,460,1589718,86537205
3a24efba1ae7,4e683deeb741,36,1685278654317,38696,251484509,460,1589718,86537205
3a24efba1ae7,4e683deeb741,39,1685278654390,38696,251484509,460,1589718,86537205
3a24efba1ae7,4e683deeb741,5,1685278654875,38696,251484509,460,1589718,86537205
3a24efba1ae7,4e683deeb741,20,1685278655375,38696,251484509,460,1589718,86537205
3a24efba1ae7,4e683deeb741,2,1685278771984,38696,251484509,460,1589718,86537205
3a24efba1ae7,4e683deeb741,18,1685278771988,38696,251484509,460,1589718,86537205
3a24efba1ae7,4e683deeb741,36,1685278772071,38696,251484509,460,1589718,86537205
3a24efba1ae7,4e683deeb741,39,1685278772128,38696,251484509,460,1589718,86537205
3a24efba1ae7,4e683deeb741,4,1685280212157,38696,251484509,460,1589718,86537205
3a24efba1ae7,4e683deeb741,2,1685280213273,38696,251484509,460,1589718,86537205
3a24efba1ae7,4e683deeb741,18,1685280213278,38696,251484509,460,1589718,86537205
3a24efba1ae7,4e683deeb741,36,1685280213360,38696,251484509,460,1589718,86537205
3a24efba1ae7,4e683deeb741,39,1685280213407,38696,251484509,460,1589718,86537205
3a24efba1ae7,4e683deeb741,20,1685280213771,38696,251484509,460,1589718,86537205
3a24efba1ae7,4e683deeb741,20,1685280214311,38696,251484509,460,1589718,86537205
3a24efba1ae7,4e683deeb741,2,1685280489632,38696,251484509,460,1589718,86537205
3a24efba1ae7,4e683deeb741,18,1685280489635,38696,251484509,460,1589718,86537205
3a24efba1ae7,4e683deeb741,39,1685280489764,38696,251484509,460,1589718,86537205
3a24efba1ae7,4e683deeb741,20,1685280499615,38696,251484509,460,1589718,86537205
3a24efba1ae7,4e683deeb741,4,1685281653316,38696,85055386,460,1589718,86537205
3a24efba1ae7,4e683deeb741,2,1685281654552,38696,85055386,460,1589718,86537205
3a24efba1ae7,4e683deeb741,18,1685281654557,38696,85055386,460,1589718,86537205
3a24efba1ae7,4e683deeb741,36,1685281654662,38696,85055386,460,1589718,86537205
3a24efba1ae7,4e683deeb741,5,1685281655053,38696,85055386,460,1589718,86537205
3a24efba1ae7,4e683deeb741,20,1685281655539,38696,85055386,460,1589718,86537205
3a24efba1ae7,4e683deeb741,2,1685281772657,38696,161677083,460,1589718,86537205
3a24efba1ae7,4e683deeb741,18,1685281772661,38696,161677083,460,1589718,86537205
3a24efba1ae7,4e683deeb741,39,1685281772835,38696,161677083,460,1589718,86537205
3a24efba1ae7,4e683deeb741,20,1685281782619,38696,161677083,460,1589718,86537205
3a24efba1ae7,4e683deeb741,4,1685283213252,38696,251484509,460,1589718,86537205
3a24efba1ae7,4e683deeb741,2,1685283213566,38696,251484509,460,1589718,86537205
3a24efba1ae7,4e683deeb741,18,1685283213570,38696,251484509,460,1589718,86537205
3a24efba1ae7,4e683deeb741,36,1685283213648,38696,251484509,460,1589718,86537205
3a24efba1ae7,4e683deeb741,39,1685283213728,38696,251484509,460,1589718,86537205
3a24efba1ae7,4e683deeb741,5,1685283214076,38696,251484509,460,1589718,86537205
3a24efba1ae7,4e683deeb741,20,1685283214550,38696,251484509,460,1589718,86537205
3a24efba1ae7,4e683deeb741,2,1685283522882,38696,251484509,460,1589718,86537205
3a24efba1ae7,4e683deeb741,18,1685283522886,38696,251484509,460,1589718,86537205
3a24efba1ae7,4e683deeb741,36,1685283522971,38696,251484509,460,1589718,86537205
3a24efba1ae7,4e683deeb741,39,1685283523050,38696,251484509,460,1589718,86537205
3a24efba1ae7,4e683deeb741,5,1685283523342,38696,251484509,460,1589718,86537205
3a24efba1ae7,4e683deeb741,20,1685283523346,38696,251484509,460,1589718,86537205
3a24efba1ae7,4e683deeb741,4,1685284653585,38696,161677086,460,1589718,86537205
3a24efba1ae7,4e683deeb741,2,1685284654847,38696,161677086,460,1589718,86537205
3a24efba1ae7,4e683deeb741,18,1685284654850,38696,161677086,460,1589718,86537205
3a24efba1ae7,4e683deeb741,39,1685284655017,38696,161677086,460,1589718,86537205
3a24efba1ae7,4e683deeb741,5,1685284655393,38696,161677086,460,1589718,86537205
3a24efba1ae7,4e683deeb741,20,1685284655397,38696,161677086,460,1589718,86537205
3a24efba1ae7,4e683deeb741,20,1685284655872,38696,161677086,460,1589718,86537205
3a24efba1ae7,4e683deeb741,2,1685284773093,38696,161677086,460,1589718,86537205
3a24efba1ae7,4e683deeb741,18,1685284773096,38696,161677086,460,1589718,86537205
3a24efba1ae7,4e683deeb741,36,1685284773212,38696,161677086,460,1589718,86537205
3a24efba1ae7,4e683deeb741,39,1685284773259,38696,161677086,460,1589718,86537205
3a24efba1ae7,4e683deeb741,5,1685284773557,38696,161677086,460,1589718,86537205
3a24efba1ae7,4e683deeb741,20,1685284773561,38696,161677086,460,1589718,86537205
3a24efba1ae7,4e683deeb741,20,1685284774047,38696,161677086,460,1589718,86537205
3a24efba1ae7,4e683deeb741,4,1685286213247,38696,161677086,460,1589718,86537205
3a24efba1ae7,4e683deeb741,18,1685286213891,38696,161677086,460,1589718,86537205
3a24efba1ae7,4e683deeb741,36,1685286214004,38696,161677086,460,1589718,86537205
3a24efba1ae7,4e683deeb741,39,1685286214042,38696,161677086,460,1589718,86537205
3a24efba1ae7,4e683deeb741,5,1685286214393,38696,161677086,460,1589718,86537205
3a24efba1ae7,4e683deeb741,20,1685286214396,38696,161677086,460,1589718,86537205
3a24efba1ae7,4e683deeb741,20,1685286214870,38696,161677086,460,1589718,86537205
3a24efba1ae7,4e683deeb741,2,1685286556207,38696,161677086,460,1589718,86537205
3a24efba1ae7,4e683deeb741,18,1685286556210,38696,161677086,460,1589718,86537205
3a24efba1ae7,4e683deeb741,36,1685286556329,38696,161677086,460,1589718,86537205
3a24efba1ae7,4e683deeb741,39,1685286556373,38696,161677086,460,1589718,86537205
3a24efba1ae7,4e683deeb741,5,1685286556623,38696,161677086,460,1589718,86537205
3a24efba1ae7,4e683deeb741,20,1685286556626,38696,161677086,460,1589718,86537205
3a24efba1ae7,4e683deeb741,20,1685286557106,38696,161677086,460,1589718,86537205
3a24efba1ae7,4e683deeb741,4,1685287654153,38696,161677083,460,1589718,86537205
3a24efba1ae7,4e683deeb741,18,1685287655178,38696,161677083,460,1589718,86537205
3a24efba1ae7,4e683deeb741,36,1685287655259,38696,161677083,460,1589718,86537205
3a24efba1ae7,4e683deeb741,39,1685287655299,38696,161677083,460,1589718,86537205
3a24efba1ae7,4e683deeb741,5,1685287655672,38696,161677083,460,1589718,86537205
3a24efba1ae7,4e683deeb741,20,1685287655676,38696,161677083,460,1589718,86537205
3a24efba1ae7,4e683deeb741,20,1685287656153,38696,161677083,460,1589718,86537205
3a24efba1ae7,4e683deeb741,18,1685287773497,38696,161677086,460,1589718,86537205
3a24efba1ae7,4e683deeb741,36,1685287773607,38696,161677086,460,1589718,86537205
3a24efba1ae7,4e683deeb741,39,1685287773647,38696,161677086,460,1589718,86537205
3a24efba1ae7,4e683deeb741,5,1685287773944,38696,161677086,460,1589718,86537205
3a24efba1ae7,4e683deeb741,20,1685287773947,38696,161677086,460,1589718,86537205
3a24efba1ae7,4e683deeb741,20,1685287774416,38696,161677086,460,1589718,86537205
3a24efba1ae7,4e683deeb741,4,1685289214079,38696,161677086,460,1589718,86537205
3a24efba1ae7,4e683deeb741,18,1685289214205,38696,161677086,460,1589718,86537205
3a24efba1ae7,4e683deeb741,36,1685289214317,38696,161677086,460,1589718,86537205
3a24efba1ae7,4e683deeb741,39,1685289214362,38696,161677086,460,1589718,86537205
3a24efba1ae7,4e683deeb741,5,1685289214722,38696,161677086,460,1589718,86537205
3a24efba1ae7,4e683deeb741,20,1685289214725,38696,161677086,460,1589718,86537205
