49b5770c2e1b,2aa6e402341c,18,1685204531067,38796,162757150,460,1970977,35298011
49b5770c2e1b,2aa6e402341c,36,1685204531151,38796,162757150,460,1970977,35298011
49b5770c2e1b,2aa6e402341c,2,1685204651900,38796,162757150,460,1970977,35298011
49b5770c2e1b,2aa6e402341c,20,1685204664694,38796,162757150,460,1970977,35298011
49b5770c2e1b,2aa6e402341c,36,1685204665309,38796,162757150,460,1970977,35298011
49b5770c2e1b,2aa6e402341c,20,1685204678023,38796,162757150,460,1970977,35298011
49b5770c2e1b,2aa6e402341c,36,1685204858178,38796,162757150,460,1970977,35298011
49b5770c2e1b,2aa6e402341c,20,1685204876689,38796,162757150,460,1970977,35298011
49b5770c2e1b,2aa6e402341c,20,1685204890017,38796,162757150,460,1970977,35298011
49b5770c2e1b,2aa6e402341c,2,1685207747753,38796,162757150,460,1970977,35298011
49b5770c2e1b,2aa6e402341c,20,1685207760697,38796,162757150,460,1970977,35298011
49b5770c2e1b,2aa6e402341c,36,1685207761166,38796,162757150,460,1970977,35298011
49b5770c2e1b,2aa6e402341c,2,1685207869023,38796,162757150,460,1970977,35298011
49b5770c2e1b,2aa6e402341c,18,1685207869024,38796,162757150,460,1970977,35298011
49b5770c2e1b,2aa6e402341c,2,1685207882346,38796,162757150,460,1970977,35298011
49b5770c2e1b,2aa6e402341c,18,1685207882347,38796,162757150,460,1970977,35298011
49b5770c2e1b,2aa6e402341c,20,1685207882700,38796,162757150,460,1970977,35298011
49b5770c2e1b,2aa6e402341c,20,1685207896023,38796,162757150,460,1970977,35298011
49b5770c2e1b,2aa6e402341c,2,1685208076043,38796,162757150,460,1970977,35298011
49b5770c2e1b,2aa6e402341c,18,1685208076044,38796,162757150,460,1970977,35298011
49b5770c2e1b,2aa6e402341c,36,1685208076127,38796,162757150,460,1970977,35298011
49b5770c2e1b,2aa6e402341c,2,1685208089366,38796,162757150,460,1970977,35298011
49b5770c2e1b,2aa6e402341c,18,1685208089367,38796,162757150,460,1970977,35298011
49b5770c2e1b,2aa6e402341c,20,1685208094695,38796,162757150,460,1970977,35298011
49b5770c2e1b,2aa6e402341c,20,1685208108018,38796,162757150,460,1970977,35298011
49b5770c2e1b,2aa6e402341c,2,1685210647993,38796,162757150,460,1970977,35298011
49b5770c2e1b,2aa6e402341c,36,1685210648080,38796,162757150,460,1970977,35298011
49b5770c2e1b,2aa6e402341c,20,1685210666694,38796,162757150,460,1970977,35298011
49b5770c2e1b,2aa6e402341c,20,1685210680014,38796,162757150,460,1970977,35298011
49b5770c2e1b,2aa6e402341c,2,1685211736963,38796,162757150,460,1970977,35298011
49b5770c2e1b,2aa6e402341c,36,1685211737060,38796,162757150,460,1970977,35298011
49b5770c2e1b,2aa6e402341c,2,1685211750282,38796,162757150,460,1970977,35298011
49b5770c2e1b,2aa6e402341c,36,1685211750380,38796,162757150,460,1970977,35298011
49b5770c2e1b,2aa6e402341c,20,1685211750705,38796,162757150,460,1970977,35298011
49b5770c2e1b,2aa6e402341c,20,1685211764024,38796,162757150,460,1970977,35298011
49b5770c2e1b,2aa6e402341c,18,1685211778485,38796,162757150,460,1970977,35298011
49b5770c2e1b,2aa6e402341c,20,1685211790703,38796,162757150,460,1970977,35298011
49b5770c2e1b,2aa6e402341c,2,1685211791802,38796,162757150,460,1970977,35298011
49b5770c2e1b,2aa6e402341c,20,1685211804022,38796,162757150,460,1970977,35298011
49b5770c2e1b,2aa6e402341c,2,1685213648643,38796,162757150,460,1970977,35298011
49b5770c2e1b,2aa6e402341c,36,1685213648727,38796,162757150,460,1970977,35298011
49b5770c2e1b,2aa6e402341c,2,1685213661963,38796,162757150,460,1970977,35298011
49b5770c2e1b,2aa6e402341c,20,1685213668032,38796,162757150,460,1970977,35298011
49b5770c2e1b,2aa6e402341c,20,1685213681352,38796,162757150,460,1970977,35298011
49b5770c2e1b,2aa6e402341c,4,1685214739382,38796,162757150,460,1970977,35298011
49b5770c2e1b,2aa6e402341c,2,1685214739633,38796,162757150,460,1970977,35298011
49b5770c2e1b,2aa6e402341c,36,1685214739714,38796,162757150,460,1970977,35298011
49b5770c2e1b,2aa6e402341c,20,1685214752126,38796,162757150,460,1970977,35298011
49b5770c2e1b,2aa6e402341c,4,1685214752702,38796,162757150,460,1970977,35298011
49b5770c2e1b,2aa6e402341c,2,1685214752953,38796,162757150,460,1970977,35298011
49b5770c2e1b,2aa6e402341c,20,1685214765446,38796,162757150,460,1970977,35298011
49b5770c2e1b,2aa6e402341c,2,1685214898623,38796,162757150,460,1970977,35298011
49b5770c2e1b,2aa6e402341c,18,1685214898624,38796,162757150,460,1970977,35298011
49b5770c2e1b,2aa6e402341c,36,1685214898714,38796,162757150,460,1970977,35298011
49b5770c2e1b,2aa6e402341c,18,1685214911944,38796,162757150,460,1970977,35298011
49b5770c2e1b,2aa6e402341c,2,1685214911944,38796,162757150,460,1970977,35298011
49b5770c2e1b,2aa6e402341c,36,1685214912034,38796,162757150,460,1970977,35298011
49b5770c2e1b,2aa6e402341c,20,1685214916128,38796,162757150,460,1970977,35298011
49b5770c2e1b,2aa6e402341c,20,1685214929449,38796,162757150,460,1970977,35298011
49b5770c2e1b,2aa6e402341c,2,1685216649242,38796,162757150,460,1970977,35298011
49b5770c2e1b,2aa6e402341c,36,1685216649329,38796,162757150,460,1970977,35298011
49b5770c2e1b,2aa6e402341c,18,1685216662565,38796,162757150,460,1970977,35298011
49b5770c2e1b,2aa6e402341c,20,1685216668242,38796,162757150,460,1970977,35298011
49b5770c2e1b,2aa6e402341c,20,1685216681564,38796,162757150,460,1970977,35298011
49b5770c2e1b,2aa6e402341c,2,1685218060013,38796,162757150,460,1970977,35298011
49b5770c2e1b,2aa6e402341c,36,1685218060109,38796,162757150,460,1970977,35298011
49b5770c2e1b,2aa6e402341c,2,1685218073337,38796,162757150,460,1970977,35298011
49b5770c2e1b,2aa6e402341c,36,1685218073433,38796,162757150,460,1970977,35298011
49b5770c2e1b,2aa6e402341c,14,1685218082615,38796,162755352,460,1970977,35298011
49b5770c2e1b,2aa6e402341c,20,1685218089683,38796,162755352,460,1970977,35298011
49b5770c2e1b,2aa6e402341c,18,1685219649865,38796,162757150,460,1970977,35298011
49b5770c2e1b,2aa6e402341c,2,1685219649865,38796,162757150,460,1970977,35298011
49b5770c2e1b,2aa6e402341c,36,1685219649954,38796,162757150,460,1970977,35298011
49b5770c2e1b,2aa6e402341c,2,1685219663192,38796,162757150,460,1970977,35298011
49b5770c2e1b,2aa6e402341c,18,1685219663192,38796,162757150,460,1970977,35298011
49b5770c2e1b,2aa6e402341c,36,1685219663281,38796,162757150,460,1970977,35298011
49b5770c2e1b,2aa6e402341c,20,1685219681767,38796,162757150,460,1970977,35298011
49b5770c2e1b,2aa6e402341c,36,1685221221491,38796,162757150,460,1970977,35298011
49b5770c2e1b,2aa6e402341c,2,1685221234733,38796,162757150,460,1970977,35298011
49b5770c2e1b,2aa6e402341c,20,1685221240534,38796,162757150,460,1970977,35298011
49b5770c2e1b,2aa6e402341c,2,1685222649842,38796,162757150,460,1970977,35298011
49b5770c2e1b,2aa6e402341c,36,1685222649927,38796,162757150,460,1970977,35298011
49b5770c2e1b,2aa6e402341c,2,1685222663175,38796,162757150,460,1970977,35298011
49b5770c2e1b,2aa6e402341c,20,1685222681982,38796,162757150,460,1970977,35298011
49b5770c2e1b,2aa6e402341c,2,1685224382801,38796,162757150,460,1970977,35298011
49b5770c2e1b,2aa6e402341c,36,1685224382891,38796,162757150,460,1970977,35298011
49b5770c2e1b,2aa6e402341c,2,1685224396137,38796,162757150,460,1970977,35298011
49b5770c2e1b,2aa6e402341c,36,1685224396228,38796,162757150,460,1970977,35298011
49b5770c2e1b,2aa6e402341c,20,1685224400793,38796,162757150,460,1970977,35298011
49b5770c2e1b,2aa6e402341c,2,1685225650360,38796,162757150,460,1970977,35298011
49b5770c2e1b,2aa6e402341c,2,1685225663699,38796,162757150,460,1970977,35298011
49b5770c2e1b,2aa6e402341c,36,1685225663782,38796,162757150,460,1970977,35298011
49b5770c2e1b,2aa6e402341c,20,1685225668879,38796,162757150,460,1970977,35298011
49b5770c2e1b,2aa6e402341c,20,1685225682218,38796,162757150,460,1970977,35298011
49b5770c2e1b,2aa6e402341c,4,1685226778757,38796,162757144,460,1970977,35298011
49b5770c2e1b,2aa6e402341c,2,1685226779306,38796,162757144,460,1970977,35298011
49b5770c2e1b,2aa6e402341c,4,1685226792098,38796,162757144,460,1970977,35298011
49b5770c2e1b,2aa6e402341c,2,1685226792647,38796,162757144,460,1970977,35298011
49b5770c2e1b,2aa6e402341c,36,1685226792735,38796,162757144,460,1970977,35298011
49b5770c2e1b,2aa6e402341c,20,1685226806300,38796,162757144,460,1970977,35298011
49b5770c2e1b,2aa6e402341c,2,1685227544221,38796,162757150,460,1970977,35298011
49b5770c2e1b,2aa6e402341c,36,1685227544308,38796,162757150,460,1970977,35298011
49b5770c2e1b,2aa6e402341c,36,1685227557650,38796,162757150,460,1970977,35298011
49b5770c2e1b,2aa6e402341c,20,1685227562685,38796,162757150,460,1970977,35298011
49b5770c2e1b,2aa6e402341c,2,1685228650910,38796,162757150,460,1970977,35298011
49b5770c2e1b,2aa6e402341c,2,1685228664253,38796,162757150,460,1970977,35298011
49b5770c2e1b,2aa6e402341c,36,1685228664334,38796,162757150,460,1970977,35298011
49b5770c2e1b,2aa6e402341c,20,1685228668686,38796,162757150,460,1970977,35298011
49b5770c2e1b,2aa6e402341c,20,1685228682030,38796,162757150,460,1970977,35298011
49b5770c2e1b,2aa6e402341c,2,1685230705642,38796,162757150,460,1970977,35298011
49b5770c2e1b,2aa6e402341c,20,1685230723256,38796,162757150,460,1970977,35298011
49b5770c2e1b,2aa6e402341c,36,1685231846743,38796,162757150,460,1970977,35298011
49b5770c2e1b,2aa6e402341c,36,1685231860088,38796,162757150,460,1970977,35298011
49b5770c2e1b,2aa6e402341c,2,1685234337608,38796,162757150,460,1970977,35298011
49b5770c2e1b,2aa6e402341c,36,1685234337690,38796,162757150,460,1970977,35298011
49b5770c2e1b,2aa6e402341c,2,1685234350952,38796,162757150,460,1970977,35298011
49b5770c2e1b,2aa6e402341c,36,1685234351034,38796,162757150,460,1970977,35298011
49b5770c2e1b,2aa6e402341c,20,1685234356688,38796,162757150,460,1970977,35298011
49b5770c2e1b,2aa6e402341c,20,1685234370032,38796,162757150,460,1970977,35298011
49b5770c2e1b,2aa6e402341c,2,1685234844683,38796,162757150,460,1970977,35298011
49b5770c2e1b,2aa6e402341c,36,1685234844769,38796,162757150,460,1970977,35298011
49b5770c2e1b,2aa6e402341c,36,1685234858113,38796,162757150,460,1970977,35298011
49b5770c2e1b,2aa6e402341c,20,1685234876032,38796,162757150,460,1970977,35298011
49b5770c2e1b,2aa6e402341c,36,1685237690112,38796,162757150,460,1970977,35298011
49b5770c2e1b,2aa6e402341c,36,1685237703452,38796,162757150,460,1970977,35298011
49b5770c2e1b,2aa6e402341c,20,1685237716035,38796,162757150,460,1970977,35298011
49b5770c2e1b,2aa6e402341c,2,1685237837593,38796,162757150,460,1970977,35298011
49b5770c2e1b,2aa6e402341c,36,1685237837675,38796,162757150,460,1970977,35298011
49b5770c2e1b,2aa6e402341c,2,1685237850933,38796,162757150,460,1970977,35298011
49b5770c2e1b,2aa6e402341c,36,1685237851014,38796,162757150,460,1970977,35298011
49b5770c2e1b,2aa6e402341c,20,1685237870027,38796,162757150,460,1970977,35298011
49b5770c2e1b,2aa6e402341c,36,1685237968692,38796,162757150,460,1970977,35298011
49b5770c2e1b,2aa6e402341c,2,1685237981944,38796,162757150,460,1970977,35298011
49b5770c2e1b,2aa6e402341c,2,1685240759513,38796,162757150,460,1970977,35298011
49b5770c2e1b,2aa6e402341c,36,1685240759621,38796,162757150,460,1970977,35298011
49b5770c2e1b,2aa6e402341c,2,1685240772848,38796,162757150,460,1970977,35298011
49b5770c2e1b,2aa6e402341c,36,1685240772955,38796,162757150,460,1970977,35298011
49b5770c2e1b,2aa6e402341c,20,1685240778686,38796,162757150,460,1970977,35298011
49b5770c2e1b,2aa6e402341c,36,1685241564559,38796,162757150,460,1970977,35298011
49b5770c2e1b,2aa6e402341c,2,1685241577805,38796,162757150,460,1970977,35298011
49b5770c2e1b,2aa6e402341c,20,1685241592015,38796,162757150,460,1970977,35298011
49b5770c2e1b,2aa6e402341c,36,1685241819596,38796,162757150,460,1970977,35298011
49b5770c2e1b,2aa6e402341c,20,1685241845469,38796,162757150,460,1970977,35298011
49b5770c2e1b,2aa6e402341c,5,1685243015173,38796,162757150,460,1970977,35298011
49b5770c2e1b,2aa6e402341c,20,1685243015229,38796,162757150,460,1970977,35298011
49b5770c2e1b,2aa6e402341c,67,1685243028559,38796,162757150,460,1970977,35298011
49b5770c2e1b,2aa6e402341c,18,1685246741663,38796,163507488,460,1970977,35298011
49b5770c2e1b,2aa6e402341c,36,1685246755076,38796,163507488,460,1970977,35298011
49b5770c2e1b,2aa6e402341c,20,1685246760948,38796,163541530,460,1970977,35298011
49b5770c2e1b,2aa6e402341c,14,1685246767224,38796,163541530,460,1970977,35298011
49b5770c2e1b,2aa6e402341c,2,1685248256856,38796,163507488,460,1970977,35298011
49b5770c2e1b,2aa6e402341c,36,1685248256952,38796,163507488,460,1970977,35298011
49b5770c2e1b,2aa6e402341c,2,1685248270183,38796,163507488,460,1970977,35298011
49b5770c2e1b,2aa6e402341c,20,1685248284572,38796,162757144,460,1970977,35298011
49b5770c2e1b,2aa6e402341c,36,1685249743461,38796,162757150,460,1970977,35298011
49b5770c2e1b,2aa6e402341c,20,1685249761834,38796,162757150,460,1970977,35298011
49b5770c2e1b,2aa6e402341c,20,1685249775160,38796,162757150,460,1970977,35298011
49b5770c2e1b,2aa6e402341c,2,1685250782569,38796,162759198,460,1970977,35298011
49b5770c2e1b,2aa6e402341c,4,1685250793821,38796,162759198,460,1970977,35298011
49b5770c2e1b,2aa6e402341c,20,1685250795072,38796,162759198,460,1970977,35298011
49b5770c2e1b,2aa6e402341c,2,1685250795896,38796,162759198,460,1970977,35298011
49b5770c2e1b,2aa6e402341c,18,1685250795907,38796,162759198,460,1970977,35298011
49b5770c2e1b,2aa6e402341c,36,1685250796001,38796,162759198,460,1970977,35298011
49b5770c2e1b,2aa6e402341c,20,1685250808400,38796,162759198,460,1970977,35298011
49b5770c2e1b,2aa6e402341c,2,1685251432064,38796,162757150,460,1970977,35298011
49b5770c2e1b,2aa6e402341c,36,1685251432272,38796,162757150,460,1970977,35298011
49b5770c2e1b,2aa6e402341c,20,1685251449195,38796,162757150,460,1970977,35298011
49b5770c2e1b,2aa6e402341c,2,1685252649592,38796,162757151,460,1970977,35298011
49b5770c2e1b,2aa6e402341c,20,1685252667521,38796,162757151,460,1970977,35298011
49b5770c2e1b,2aa6e402341c,14,1685254868528,38796,163530521,460,1970977,35298011
49b5770c2e1b,2aa6e402341c,14,1685254871918,38796,162756378,460,1970977,35298011
49b5770c2e1b,2aa6e402341c,36,1685254880795,38796,163570715,460,1970977,35298011
49b5770c2e1b,2aa6e402341c,20,1685254880969,38796,162756378,460,1970977,35298011
49b5770c2e1b,2aa6e402341c,14,1685254881862,38796,163530521,460,1970977,35298011
49b5770c2e1b,2aa6e402341c,14,1685254884102,38796,162756638,460,1970977,35298011
49b5770c2e1b,2aa6e402341c,14,1685254885252,38796,162756378,460,1970977,35298011
49b5770c2e1b,2aa6e402341c,20,1685254894303,38796,162756378,460,1970977,35298011
49b5770c2e1b,2aa6e402341c,14,1685255620658,38796,163530521,460,1970977,35298011
49b5770c2e1b,2aa6e402341c,36,1685255631583,38796,163570715,460,1970977,35298011
49b5770c2e1b,2aa6e402341c,14,1685255632823,38796,162756378,460,1970977,35298011
49b5770c2e1b,2aa6e402341c,20,1685255633134,38796,163530521,460,1970977,35298011
49b5770c2e1b,2aa6e402341c,14,1685255633995,38796,163530521,460,1970977,35298011
49b5770c2e1b,2aa6e402341c,18,1685258280618,38796,162754592,460,1970977,35298011
49b5770c2e1b,2aa6e402341c,36,1685258280702,38796,162754592,460,1970977,35298011
49b5770c2e1b,2aa6e402341c,20,1685258284773,38796,162756378,460,1970977,35298011
49b5770c2e1b,2aa6e402341c,20,1685258298117,38796,162756378,460,1970977,35298011
49b5770c2e1b,2aa6e402341c,18,1685258627629,38796,162754592,460,1970977,35298011
49b5770c2e1b,2aa6e402341c,14,1685258634180,38796,162756378,460,1970977,35298011
49b5770c2e1b,2aa6e402341c,20,1685258641232,38796,162756378,460,1970977,35298011
49b5770c2e1b,2aa6e402341c,18,1685258746745,38796,162754592,460,1970977,35298011
49b5770c2e1b,2aa6e402341c,2,1685258760086,38796,162754592,460,1970977,35298011
49b5770c2e1b,2aa6e402341c,36,1685258760186,38796,162754592,460,1970977,35298011
49b5770c2e1b,2aa6e402341c,18,1685261612302,38796,162754592,460,1970977,35298011
49b5770c2e1b,2aa6e402341c,36,1685261612398,38796,162754592,460,1970977,35298011
49b5770c2e1b,2aa6e402341c,14,1685261622434,38796,163530521,460,1970977,35298011
49b5770c2e1b,2aa6e402341c,2,1685261625647,38796,162754592,460,1970977,35298011
49b5770c2e1b,2aa6e402341c,18,1685261625650,38796,162754592,460,1970977,35298011
49b5770c2e1b,2aa6e402341c,36,1685261625747,38796,162754592,460,1970977,35298011
49b5770c2e1b,2aa6e402341c,14,1685261635782,38796,163530521,460,1970977,35298011
49b5770c2e1b,2aa6e402341c,14,1685261641631,38796,162754591,460,1970977,35298011
49b5770c2e1b,2aa6e402341c,20,1685261644747,38796,162754591,460,1970977,35298011
49b5770c2e1b,2aa6e402341c,18,1685261816201,38796,162754592,460,1970977,35298011
49b5770c2e1b,2aa6e402341c,2,1685261824500,38796,162756378,460,1970977,35298011
49b5770c2e1b,2aa6e402341c,20,1685261824501,38796,162756378,460,1970977,35298011
49b5770c2e1b,2aa6e402341c,14,1685261827857,38796,163507744,460,1970977,35298011
49b5770c2e1b,2aa6e402341c,18,1685261829549,38796,162754592,460,1970977,35298011
49b5770c2e1b,2aa6e402341c,36,1685261829635,38796,162754592,460,1970977,35298011
49b5770c2e1b,2aa6e402341c,14,1685261834014,38796,162756378,460,1970977,35298011
49b5770c2e1b,2aa6e402341c,20,1685261837004,38796,163530521,460,1970977,35298011
49b5770c2e1b,2aa6e402341c,2,1685261837848,38796,162756378,460,1970977,35298011
49b5770c2e1b,2aa6e402341c,18,1685261837867,38796,162756378,460,1970977,35298011
49b5770c2e1b,2aa6e402341c,36,1685261837950,38796,162756378,460,1970977,35298011
49b5770c2e1b,2aa6e402341c,14,1685261841206,38796,163507744,460,1970977,35298011
49b5770c2e1b,2aa6e402341c,14,1685261842305,38796,163530521,460,1970977,35298011
49b5770c2e1b,2aa6e402341c,20,1685261850353,38796,163530521,460,1970977,35298011
49b5770c2e1b,2aa6e402341c,18,1685264080409,38796,163570715,460,1970977,35298011
49b5770c2e1b,2aa6e402341c,36,1685264080495,38796,163570715,460,1970977,35298011
49b5770c2e1b,2aa6e402341c,4,1685264093533,38796,163570715,460,1970977,35298011
49b5770c2e1b,2aa6e402341c,2,1685264093762,38796,163570715,460,1970977,35298011
49b5770c2e1b,2aa6e402341c,14,1685264094817,38796,163530521,460,1970977,35298011
49b5770c2e1b,2aa6e402341c,14,1685264095825,38796,162754592,460,1970977,35298011
49b5770c2e1b,2aa6e402341c,2,1685264611144,38796,162754592,460,1970977,35298011
49b5770c2e1b,2aa6e402341c,20,1685264888084,38796,162754592,460,1970977,35298011
49b5770c2e1b,2aa6e402341c,2,1685265437105,38796,162754592,460,1970977,35298011
49b5770c2e1b,2aa6e402341c,2,1685265450458,38796,162754592,460,1970977,35298011
49b5770c2e1b,2aa6e402341c,18,1685265450462,38796,162754592,460,1970977,35298011
49b5770c2e1b,2aa6e402341c,20,1685265450911,38796,162754592,460,1970977,35298011
49b5770c2e1b,2aa6e402341c,20,1685265464264,38796,162754592,460,1970977,35298011
49b5770c2e1b,2aa6e402341c,18,1685265484978,38796,162754591,460,1970977,35298011
49b5770c2e1b,2aa6e402341c,36,1685265485086,38796,162754591,460,1970977,35298011
49b5770c2e1b,2aa6e402341c,20,1685265498005,38796,162754591,460,1970977,35298011
49b5770c2e1b,2aa6e402341c,14,1685267508093,38796,162751769,460,1970977,35298011
49b5770c2e1b,2aa6e402341c,2,1685267520127,38796,162757152,460,1970977,35298011
49b5770c2e1b,2aa6e402341c,14,1685267521446,38796,162751769,460,1970977,35298011
49b5770c2e1b,2aa6e402341c,36,1685269048138,38796,162757144,460,1970977,35298011
49b5770c2e1b,2aa6e402341c,20,1685269080719,38796,162757144,460,1970977,35298011
49b5770c2e1b,2aa6e402341c,36,1685270507514,38796,162757150,460,1970977,35298011
49b5770c2e1b,2aa6e402341c,36,1685270520864,38796,162757150,460,1970977,35298011
49b5770c2e1b,2aa6e402341c,20,1685270526378,38796,162757150,460,1970977,35298011
49b5770c2e1b,2aa6e402341c,20,1685270539727,38796,162757150,460,1970977,35298011
49b5770c2e1b,2aa6e402341c,36,1685272502250,38796,162757150,460,1970977,35298011
49b5770c2e1b,2aa6e402341c,20,1685272506387,38796,162757150,460,1970977,35298011
49b5770c2e1b,2aa6e402341c,20,1685272519731,38796,162757150,460,1970977,35298011
49b5770c2e1b,2aa6e402341c,2,1685273448013,38796,162757150,460,1970977,35298011
49b5770c2e1b,2aa6e402341c,36,1685273448099,38796,162757150,460,1970977,35298011
49b5770c2e1b,2aa6e402341c,36,1685273461442,38796,162757150,460,1970977,35298011
49b5770c2e1b,2aa6e402341c,2,1685275924982,38796,163570715,460,1970977,35298011
49b5770c2e1b,2aa6e402341c,14,1685275926032,38796,163507744,460,1970977,35298011
49b5770c2e1b,2aa6e402341c,14,1685275939373,38796,163507744,460,1970977,35298011
49b5770c2e1b,2aa6e402341c,2,1685276444957,38796,162754592,460,1970977,35298011
49b5770c2e1b,2aa6e402341c,18,1685276458301,38796,162754592,460,1970977,35298011
49b5770c2e1b,2aa6e402341c,36,1685276458410,38796,162754592,460,1970977,35298011
49b5770c2e1b,2aa6e402341c,36,1685276491717,38796,162754592,460,1970977,35298011
49b5770c2e1b,2aa6e402341c,20,1685276504729,38796,162754592,460,1970977,35298011
49b5770c2e1b,2aa6e402341c,18,1685276504950,38796,162754592,460,1970977,35298011
49b5770c2e1b,2aa6e402341c,20,1685276518069,38796,162754592,460,1970977,35298011
49b5770c2e1b,2aa6e402341c,4,1685278399000,38796,162754592,460,1970977,35298011
49b5770c2e1b,2aa6e402341c,18,1685278400443,38796,162754592,460,1970977,35298011
49b5770c2e1b,2aa6e402341c,4,1685278412339,38796,162754592,460,1970977,35298011
49b5770c2e1b,2aa6e402341c,20,1685278412942,38796,162754592,460,1970977,35298011
49b5770c2e1b,2aa6e402341c,18,1685278413782,38796,162754592,460,1970977,35298011
49b5770c2e1b,2aa6e402341c,36,1685278413937,38796,162754592,460,1970977,35298011
49b5770c2e1b,2aa6e402341c,20,1685278426281,38796,162754592,460,1970977,35298011
49b5770c2e1b,2aa6e402341c,2,1685279095358,38796,162754592,460,1970977,35298011
49b5770c2e1b,2aa6e402341c,36,1685279095559,38796,162754592,460,1970977,35298011
49b5770c2e1b,2aa6e402341c,2,1685279409108,38796,163570715,460,1970977,35298011
49b5770c2e1b,2aa6e402341c,36,1685279409194,38796,163570715,460,1970977,35298011
49b5770c2e1b,2aa6e402341c,14,1685279410081,38796,163507744,460,1970977,35298011
49b5770c2e1b,2aa6e402341c,18,1685282396275,38796,162756640,460,1970977,35298011
49b5770c2e1b,2aa6e402341c,14,1685282397393,38796,163541529,460,1970977,35298011
49b5770c2e1b,2aa6e402341c,2,1685282409611,38796,162756640,460,1970977,35298011
49b5770c2e1b,2aa6e402341c,18,1685282409613,38796,162756640,460,1970977,35298011
49b5770c2e1b,2aa6e402341c,36,1685282409724,38796,162756640,460,1970977,35298011
49b5770c2e1b,2aa6e402341c,14,1685282410731,38796,163541529,460,1970977,35298011
49b5770c2e1b,2aa6e402341c,20,1685282423470,38796,163541529,460,1970977,35298011
49b5770c2e1b,2aa6e402341c,18,1685282431875,38796,163541529,460,1970977,35298011
49b5770c2e1b,2aa6e402341c,36,1685282431968,38796,163541529,460,1970977,35298011
49b5770c2e1b,2aa6e402341c,2,1685282445208,38796,163541529,460,1970977,35298011
49b5770c2e1b,2aa6e402341c,18,1685282445212,38796,163541529,460,1970977,35298011
49b5770c2e1b,2aa6e402341c,36,1685282445306,38796,163541529,460,1970977,35298011
49b5770c2e1b,2aa6e402341c,20,1685282446132,38796,163541529,460,1970977,35298011
49b5770c2e1b,2aa6e402341c,18,1685282479525,38796,163541529,460,1970977,35298011
49b5770c2e1b,2aa6e402341c,20,1685282492134,38796,163541529,460,1970977,35298011
49b5770c2e1b,2aa6e402341c,2,1685282492859,38796,163541529,460,1970977,35298011
49b5770c2e1b,2aa6e402341c,18,1685282492863,38796,163541529,460,1970977,35298011
49b5770c2e1b,2aa6e402341c,36,1685282492954,38796,163541529,460,1970977,35298011
49b5770c2e1b,2aa6e402341c,20,1685282505471,38796,163541529,460,1970977,35298011
49b5770c2e1b,2aa6e402341c,18,1685285320713,38796,162754592,460,1970977,35298011
49b5770c2e1b,2aa6e402341c,2,1685285334051,38796,162754592,460,1970977,35298011
49b5770c2e1b,2aa6e402341c,18,1685285334053,38796,162754592,460,1970977,35298011
49b5770c2e1b,2aa6e402341c,36,1685285334149,38796,162754592,460,1970977,35298011
49b5770c2e1b,2aa6e402341c,14,1685285344854,38796,162756378,460,1970977,35298011
49b5770c2e1b,2aa6e402341c,20,1685285352922,38796,162756378,460,1970977,35298011
49b5770c2e1b,2aa6e402341c,2,1685285861776,38796,162754592,460,1970977,35298011
49b5770c2e1b,2aa6e402341c,20,1685285874743,38796,162754592,460,1970977,35298011
49b5770c2e1b,2aa6e402341c,2,1685285875117,38796,162754592,460,1970977,35298011
49b5770c2e1b,2aa6e402341c,18,1685285875121,38796,162754592,460,1970977,35298011
49b5770c2e1b,2aa6e402341c,36,1685285875213,38796,162754592,460,1970977,35298011
49b5770c2e1b,2aa6e402341c,20,1685285888083,38796,162754592,460,1970977,35298011
49b5770c2e1b,2aa6e402341c,5,1685286200991,38796,162754592,460,1970977,35298011
49b5770c2e1b,2aa6e402341c,67,1685286201058,38796,162754592,460,1970977,35298011
49b5770c2e1b,2aa6e402341c,2,1685286202955,38796,162754592,460,1970977,35298011
49b5770c2e1b,2aa6e402341c,18,1685286202959,38796,162754592,460,1970977,35298011
49b5770c2e1b,2aa6e402341c,36,1685286203059,38796,162754592,460,1970977,35298011
49b5770c2e1b,2aa6e402341c,20,1685286216070,38796,162754592,460,1970977,35298011
49b5770c2e1b,2aa6e402341c,2,1685288248754,38796,163570715,460,1970977,35298011
49b5770c2e1b,2aa6e402341c,36,1685288248834,38796,163570715,460,1970977,35298011
49b5770c2e1b,2aa6e402341c,14,1685288249776,38796,163507744,460,1970977,35298011
49b5770c2e1b,2aa6e402341c,2,1685288262097,38796,163570715,460,1970977,35298011
49b5770c2e1b,2aa6e402341c,36,1685288262178,38796,163570715,460,1970977,35298011
49b5770c2e1b,2aa6e402341c,20,1685288262687,38796,163507744,460,1970977,35298011
49b5770c2e1b,2aa6e402341c,20,1685288276030,38796,163507744,460,1970977,35298011
49b5770c2e1b,2aa6e402341c,2,1685289495704,38796,163570715,460,1970977,35298011
49b5770c2e1b,2aa6e402341c,36,1685289495783,38796,163570715,460,1970977,35298011
49b5770c2e1b,2aa6e402341c,14,1685289496756,38796,163507744,460,1970977,35298011
49b5770c2e1b,2aa6e402341c,2,1685289509050,38796,163570715,460,1970977,35298011
49b5770c2e1b,2aa6e402341c,36,1685289509128,38796,163570715,460,1970977,35298011
49b5770c2e1b,2aa6e402341c,20,1685289510687,38796,163507744,460,1970977,35298011
49b5770c2e1b,2aa6e402341c,20,1685289524032,38796,163507744,460,1970977,35298011
