500c2054635f,993aa421bca8,4,1685204614191,38682,162906649,460,1399740,86748205
500c2054635f,993aa421bca8,18,1685204615393,38682,162906649,460,1399740,86748205
500c2054635f,993aa421bca8,36,1685204615435,38682,162906649,460,1399740,86748205
500c2054635f,993aa421bca8,39,1685204616591,38682,162906654,460,1399740,86748205
500c2054635f,993aa421bca8,39,1685204732935,38682,162906654,460,1399740,86748205
500c2054635f,993aa421bca8,20,1685204742814,38682,162906654,460,1399740,86748205
500c2054635f,993aa421bca8,36,1685206151045,38682,162906649,460,1399740,86748205
500c2054635f,993aa421bca8,39,1685206151070,38682,162906649,460,1399740,86748205
500c2054635f,993aa421bca8,20,1685206160895,38682,162906649,460,1399740,86748205
500c2054635f,993aa421bca8,4,1685206173017,38682,162906649,460,1399740,86748205
500c2054635f,993aa421bca8,2,1685206173145,38682,162906649,460,1399740,86748205
500c2054635f,993aa421bca8,36,1685206173195,38682,162906649,460,1399740,86748205
500c2054635f,993aa421bca8,39,1685206173220,38682,162906649,460,1399740,86748205
500c2054635f,993aa421bca8,4,1685207613099,38682,162906649,460,1399740,86748205
500c2054635f,993aa421bca8,2,1685207614419,38682,162906649,460,1399740,86748205
500c2054635f,993aa421bca8,18,1685207614423,38682,162906649,460,1399740,86748205
500c2054635f,993aa421bca8,20,1685207625910,38682,162906654,460,1399740,86748205
500c2054635f,993aa421bca8,2,1685207733159,38682,162906654,460,1399740,86748205
500c2054635f,993aa421bca8,18,1685207733163,38682,162906654,460,1399740,86748205
500c2054635f,993aa421bca8,36,1685207733200,38682,162906654,460,1399740,86748205
500c2054635f,993aa421bca8,39,1685207733230,38682,162906654,460,1399740,86748205
500c2054635f,993aa421bca8,20,1685207743097,38682,162906654,460,1399740,86748205
500c2054635f,993aa421bca8,4,1685209173311,38682,162906654,460,1399740,86748205
500c2054635f,993aa421bca8,2,1685209173474,38682,162906654,460,1399740,86748205
500c2054635f,993aa421bca8,18,1685209173477,38682,162906654,460,1399740,86748205
500c2054635f,993aa421bca8,20,1685209183388,38682,162906654,460,1399740,86748205
500c2054635f,993aa421bca8,2,1685209184259,38682,162906654,460,1399740,86748205
500c2054635f,993aa421bca8,36,1685209184300,38682,162906654,460,1399740,86748205
500c2054635f,993aa421bca8,39,1685209184325,38682,162906654,460,1399740,86748205
500c2054635f,993aa421bca8,20,1685209194177,38682,162906654,460,1399740,86748205
500c2054635f,993aa421bca8,4,1685210613656,38682,162906649,460,1399740,86748205
500c2054635f,993aa421bca8,2,1685210614749,38682,162906649,460,1399740,86748205
500c2054635f,993aa421bca8,18,1685210614752,38682,162906649,460,1399740,86748205
500c2054635f,993aa421bca8,36,1685210614800,38682,162906649,460,1399740,86748205
500c2054635f,993aa421bca8,39,1685210614830,38682,162906649,460,1399740,86748205
500c2054635f,993aa421bca8,39,1685210617571,38682,162906679,460,1399740,86748205
500c2054635f,993aa421bca8,20,1685210627507,38682,162906679,460,1399740,86748205
500c2054635f,993aa421bca8,2,1685210733539,38682,162906649,460,1399740,86748205
500c2054635f,993aa421bca8,18,1685210733542,38682,162906649,460,1399740,86748205
500c2054635f,993aa421bca8,36,1685210733595,38682,162906649,460,1399740,86748205
500c2054635f,993aa421bca8,2,1685210756819,38682,162906649,460,1399740,86748205
500c2054635f,993aa421bca8,36,1685210756880,38682,162906649,460,1399740,86748205
500c2054635f,993aa421bca8,39,1685210756905,38682,162906649,460,1399740,86748205
500c2054635f,993aa421bca8,39,1685210757891,38682,162906679,460,1399740,86748205
500c2054635f,993aa421bca8,20,1685210767766,38682,162906679,460,1399740,86748205
500c2054635f,993aa421bca8,2,1685212173789,38682,162906649,460,1399740,86748205
500c2054635f,993aa421bca8,18,1685212173793,38682,162906649,460,1399740,86748205
500c2054635f,993aa421bca8,36,1685212173840,38682,162906649,460,1399740,86748205
500c2054635f,993aa421bca8,39,1685212173865,38682,162906649,460,1399740,86748205
500c2054635f,993aa421bca8,39,1685212174930,38682,162906655,460,1399740,86748205
500c2054635f,993aa421bca8,39,1685212175420,38682,162906654,460,1399740,86748205
500c2054635f,993aa421bca8,18,1685212217569,38682,162906654,460,1399740,86748205
500c2054635f,993aa421bca8,20,1685212227504,38682,162906654,460,1399740,86748205
500c2054635f,993aa421bca8,4,1685213613930,38682,162906654,460,1399740,86748205
500c2054635f,993aa421bca8,18,1685213615066,38682,162906654,460,1399740,86748205
500c2054635f,993aa421bca8,20,1685213624987,38682,162906654,460,1399740,86748205
500c2054635f,993aa421bca8,2,1685213733859,38682,162906654,460,1399740,86748205
500c2054635f,993aa421bca8,18,1685213733864,38682,162906654,460,1399740,86748205
500c2054635f,993aa421bca8,36,1685213733899,38682,162906654,460,1399740,86748205
500c2054635f,993aa421bca8,39,1685213733924,38682,162906654,460,1399740,86748205
500c2054635f,993aa421bca8,20,1685213743801,38682,162906654,460,1399740,86748205
500c2054635f,993aa421bca8,4,1685215174141,38682,162906654,460,1399740,86748205
500c2054635f,993aa421bca8,2,1685215175384,38682,162906654,460,1399740,86748205
500c2054635f,993aa421bca8,36,1685215175429,38682,162906654,460,1399740,86748205
500c2054635f,993aa421bca8,39,1685215175455,38682,162906654,460,1399740,86748205
500c2054635f,993aa421bca8,20,1685215185304,38682,162906654,460,1399740,86748205
500c2054635f,993aa421bca8,36,1685215250824,38682,162906654,460,1399740,86748205
500c2054635f,993aa421bca8,39,1685215250854,38682,162906654,460,1399740,86748205
500c2054635f,993aa421bca8,4,1685216615322,38682,162906679,460,1399740,86748205
500c2054635f,993aa421bca8,2,1685216616664,38682,162906679,460,1399740,86748205
500c2054635f,993aa421bca8,18,1685216616666,38682,162906679,460,1399740,86748205
500c2054635f,993aa421bca8,36,1685216616704,38682,162906679,460,1399740,86748205
500c2054635f,993aa421bca8,20,1685216626591,38682,162906679,460,1399740,86748205
500c2054635f,993aa421bca8,2,1685216734159,38682,162906649,460,1399740,86748205
500c2054635f,993aa421bca8,18,1685216734161,38682,162906649,460,1399740,86748205
500c2054635f,993aa421bca8,39,1685216734234,38682,162906649,460,1399740,86748205
500c2054635f,993aa421bca8,20,1685216744086,38682,162906649,460,1399740,86748205
500c2054635f,993aa421bca8,4,1685218174445,38682,162906649,460,1399740,86748205
500c2054635f,993aa421bca8,18,1685218175718,38682,162906649,460,1399740,86748205
500c2054635f,993aa421bca8,36,1685218175769,38682,162906649,460,1399740,86748205
500c2054635f,993aa421bca8,39,1685218175793,38682,162906649,460,1399740,86748205
500c2054635f,993aa421bca8,20,1685218185635,38682,162906649,460,1399740,86748205
500c2054635f,993aa421bca8,2,1685218284008,38682,162906649,460,1399740,86748205
500c2054635f,993aa421bca8,18,1685218284012,38682,162906649,460,1399740,86748205
500c2054635f,993aa421bca8,36,1685218284053,38682,162906649,460,1399740,86748205
500c2054635f,993aa421bca8,39,1685218284084,38682,162906649,460,1399740,86748205
500c2054635f,993aa421bca8,20,1685218293890,38682,162906649,460,1399740,86748205
500c2054635f,993aa421bca8,4,1685219615878,38682,162906649,460,1399740,86748205
500c2054635f,993aa421bca8,18,1685219616982,38682,162906649,460,1399740,86748205
500c2054635f,993aa421bca8,36,1685219617033,38682,162906649,460,1399740,86748205
500c2054635f,993aa421bca8,39,1685219617063,38682,162906649,460,1399740,86748205
500c2054635f,993aa421bca8,39,1685219626310,38682,162906679,460,1399740,86748205
500c2054635f,993aa421bca8,39,1685219627958,38682,162906654,460,1399740,86748205
500c2054635f,993aa421bca8,20,1685219637900,38682,162906654,460,1399740,86748205
500c2054635f,993aa421bca8,36,1685219734573,38682,162906654,460,1399740,86748205
500c2054635f,993aa421bca8,39,1685219734603,38682,162906654,460,1399740,86748205
500c2054635f,993aa421bca8,39,1685219744339,38682,162906679,460,1399740,86748205
500c2054635f,993aa421bca8,39,1685219748929,38682,162906654,460,1399740,86748205
500c2054635f,993aa421bca8,2,1685221176017,38682,162906654,460,1399740,86748205
500c2054635f,993aa421bca8,18,1685221176021,38682,162906654,460,1399740,86748205
500c2054635f,993aa421bca8,36,1685221176058,38682,162906654,460,1399740,86748205
500c2054635f,993aa421bca8,39,1685221176083,38682,162906654,460,1399740,86748205
500c2054635f,993aa421bca8,20,1685221185967,38682,162906654,460,1399740,86748205
500c2054635f,993aa421bca8,2,1685221317252,38682,162906654,460,1399740,86748205
500c2054635f,993aa421bca8,18,1685221317254,38682,162906654,460,1399740,86748205
500c2054635f,993aa421bca8,36,1685221317292,38682,162906654,460,1399740,86748205
500c2054635f,993aa421bca8,39,1685221317323,38682,162906654,460,1399740,86748205
500c2054635f,993aa421bca8,20,1685221327195,38682,162906654,460,1399740,86748205
500c2054635f,993aa421bca8,4,1685222327131,38682,162906649,460,1399740,86748205
500c2054635f,993aa421bca8,2,1685222328032,38682,162906649,460,1399740,86748205
500c2054635f,993aa421bca8,18,1685222328035,38682,162906649,460,1399740,86748205
500c2054635f,993aa421bca8,36,1685222328082,38682,162906649,460,1399740,86748205
500c2054635f,993aa421bca8,39,1685222328113,38682,162906649,460,1399740,86748205
500c2054635f,993aa421bca8,20,1685222337928,38682,162906649,460,1399740,86748205
500c2054635f,993aa421bca8,4,1685222616160,38682,162906649,460,1399740,86748205
500c2054635f,993aa421bca8,18,1685222617299,38682,162906649,460,1399740,86748205
500c2054635f,993aa421bca8,36,1685222617347,38682,162906649,460,1399740,86748205
500c2054635f,993aa421bca8,39,1685222617372,38682,162906649,460,1399740,86748205
500c2054635f,993aa421bca8,20,1685222627245,38682,162906649,460,1399740,86748205
500c2054635f,993aa421bca8,2,1685222734887,38682,162906649,460,1399740,86748205
500c2054635f,993aa421bca8,18,1685222734890,38682,162906649,460,1399740,86748205
500c2054635f,993aa421bca8,36,1685222734937,38682,162906649,460,1399740,86748205
500c2054635f,993aa421bca8,20,1685222744789,38682,162906649,460,1399740,86748205
500c2054635f,993aa421bca8,4,1685224175260,38682,162906649,460,1399740,86748205
500c2054635f,993aa421bca8,18,1685224176345,38682,162906649,460,1399740,86748205
500c2054635f,993aa421bca8,36,1685224176392,38682,162906649,460,1399740,86748205
500c2054635f,993aa421bca8,39,1685224176417,38682,162906649,460,1399740,86748205
500c2054635f,993aa421bca8,20,1685224186242,38682,162906649,460,1399740,86748205
500c2054635f,993aa421bca8,2,1685224350546,38682,162906649,460,1399740,86748205
500c2054635f,993aa421bca8,39,1685224350618,38682,162906649,460,1399740,86748205
500c2054635f,993aa421bca8,4,1685225616433,38682,162906649,460,1399740,86748205
500c2054635f,993aa421bca8,2,1685225617621,38682,162906649,460,1399740,86748205
500c2054635f,993aa421bca8,18,1685225617623,38682,162906649,460,1399740,86748205
500c2054635f,993aa421bca8,36,1685225617671,38682,162906649,460,1399740,86748205
500c2054635f,993aa421bca8,39,1685225617701,38682,162906649,460,1399740,86748205
500c2054635f,993aa421bca8,20,1685225627524,38682,162906649,460,1399740,86748205
500c2054635f,993aa421bca8,18,1685225735243,38682,162906649,460,1399740,86748205
500c2054635f,993aa421bca8,39,1685225735322,38682,162906649,460,1399740,86748205
500c2054635f,993aa421bca8,20,1685225745171,38682,162906649,460,1399740,86748205
500c2054635f,993aa421bca8,4,1685227175545,38682,162906649,460,1399740,86748205
500c2054635f,993aa421bca8,39,1685227176736,38682,162906649,460,1399740,86748205
500c2054635f,993aa421bca8,2,1685227383775,38682,162906649,460,1399740,86748205
500c2054635f,993aa421bca8,18,1685227383778,38682,162906649,460,1399740,86748205
500c2054635f,993aa421bca8,36,1685227383826,38682,162906649,460,1399740,86748205
500c2054635f,993aa421bca8,39,1685227383851,38682,162906649,460,1399740,86748205
500c2054635f,993aa421bca8,4,1685228616702,38682,162906648,460,1399740,86748205
500c2054635f,993aa421bca8,2,1685228617935,38682,162906648,460,1399740,86748205
500c2054635f,993aa421bca8,18,1685228617938,38682,162906648,460,1399740,86748205
500c2054635f,993aa421bca8,36,1685228617980,38682,162906648,460,1399740,86748205
500c2054635f,993aa421bca8,39,1685228618010,38682,162906648,460,1399740,86748205
500c2054635f,993aa421bca8,20,1685228627858,38682,162906648,460,1399740,86748205
500c2054635f,993aa421bca8,18,1685228735577,38682,162906648,460,1399740,86748205
500c2054635f,993aa421bca8,39,1685228735644,38682,162906648,460,1399740,86748205
500c2054635f,993aa421bca8,20,1685228751189,38682,162906679,460,1399740,86748205
500c2054635f,993aa421bca8,2,1685230176976,38682,162906679,460,1399740,86748205
500c2054635f,993aa421bca8,18,1685230176980,38682,162906679,460,1399740,86748205
500c2054635f,993aa421bca8,36,1685230177020,38682,162906679,460,1399740,86748205
500c2054635f,993aa421bca8,39,1685230177050,38682,162906679,460,1399740,86748205
500c2054635f,993aa421bca8,20,1685230186867,38682,162906679,460,1399740,86748205
500c2054635f,993aa421bca8,2,1685230417004,38682,162906679,460,1399740,86748205
500c2054635f,993aa421bca8,36,1685230417050,38682,162906679,460,1399740,86748205
500c2054635f,993aa421bca8,39,1685230417075,38682,162906679,460,1399740,86748205
500c2054635f,993aa421bca8,20,1685230426927,38682,162906679,460,1399740,86748205
500c2054635f,993aa421bca8,4,1685231616972,38682,162906649,460,1399740,86748205
500c2054635f,993aa421bca8,2,1685231618254,38682,162906649,460,1399740,86748205
500c2054635f,993aa421bca8,18,1685231618256,38682,162906649,460,1399740,86748205
500c2054635f,993aa421bca8,36,1685231618304,38682,162906649,460,1399740,86748205
500c2054635f,993aa421bca8,39,1685231618339,38682,162906649,460,1399740,86748205
500c2054635f,993aa421bca8,39,1685231619334,38682,162906679,460,1399740,86748205
500c2054635f,993aa421bca8,20,1685231629220,38682,162906679,460,1399740,86748205
500c2054635f,993aa421bca8,18,1685231735856,38682,162906648,460,1399740,86748205
500c2054635f,993aa421bca8,36,1685231735899,38682,162906648,460,1399740,86748205
500c2054635f,993aa421bca8,39,1685231735929,38682,162906648,460,1399740,86748205
500c2054635f,993aa421bca8,20,1685231745772,38682,162906648,460,1399740,86748205
500c2054635f,993aa421bca8,4,1685233176100,38682,162906648,460,1399740,86748205
500c2054635f,993aa421bca8,2,1685233177295,38682,162906648,460,1399740,86748205
500c2054635f,993aa421bca8,36,1685233177344,38682,162906648,460,1399740,86748205
500c2054635f,993aa421bca8,39,1685233177369,38682,162906648,460,1399740,86748205
500c2054635f,993aa421bca8,39,1685233179154,38682,162906649,460,1399740,86748205
500c2054635f,993aa421bca8,20,1685233190634,38682,162906679,460,1399740,86748205
500c2054635f,993aa421bca8,2,1685233450218,38682,162906648,460,1399740,86748205
500c2054635f,993aa421bca8,18,1685233450221,38682,162906648,460,1399740,86748205
500c2054635f,993aa421bca8,36,1685233450264,38682,162906648,460,1399740,86748205
500c2054635f,993aa421bca8,39,1685233450289,38682,162906648,460,1399740,86748205
500c2054635f,993aa421bca8,2,1685234618573,38682,162906648,460,1399740,86748205
500c2054635f,993aa421bca8,18,1685234618575,38682,162906648,460,1399740,86748205
500c2054635f,993aa421bca8,39,1685234621980,38682,162906649,460,1399740,86748205
500c2054635f,993aa421bca8,39,1685234623124,38682,162906655,460,1399740,86748205
500c2054635f,993aa421bca8,18,1685234736145,38682,162906648,460,1399740,86748205
500c2054635f,993aa421bca8,36,1685234736183,38682,162906648,460,1399740,86748205
500c2054635f,993aa421bca8,39,1685234743134,38682,162906649,460,1399740,86748205
500c2054635f,993aa421bca8,39,1685234744144,38682,162906655,460,1399740,86748205
500c2054635f,993aa421bca8,39,1685234745824,38682,162906649,460,1399740,86748205
500c2054635f,993aa421bca8,39,1685234747024,38682,162906655,460,1399740,86748205
500c2054635f,993aa421bca8,39,1685234748174,38682,162906648,460,1399740,86748205
500c2054635f,993aa421bca8,39,1685234748654,38682,162906649,460,1399740,86748205
500c2054635f,993aa421bca8,39,1685234749574,38682,162906679,460,1399740,86748205
500c2054635f,993aa421bca8,4,1685236176381,38682,162906648,460,1399740,86748205
500c2054635f,993aa421bca8,18,1685236177611,38682,162906648,460,1399740,86748205
500c2054635f,993aa421bca8,39,1685236177688,38682,162906648,460,1399740,86748205
500c2054635f,993aa421bca8,20,1685236187585,38682,162906648,460,1399740,86748205
500c2054635f,993aa421bca8,4,1685236448906,38682,162906648,460,1399740,86748205
500c2054635f,993aa421bca8,39,1685236450319,38682,162906648,460,1399740,86748205
500c2054635f,993aa421bca8,20,1685236461709,38682,162906679,460,1399740,86748205
500c2054635f,993aa421bca8,18,1685236483457,38682,162906648,460,1399740,86748205
500c2054635f,993aa421bca8,39,1685236483530,38682,162906648,460,1399740,86748205
500c2054635f,993aa421bca8,39,1685236488324,38682,162906649,460,1399740,86748205
500c2054635f,993aa421bca8,39,1685236489304,38682,162906679,460,1399740,86748205
500c2054635f,993aa421bca8,2,1685237618908,38682,162906648,460,1399740,86748205
500c2054635f,993aa421bca8,36,1685237618953,38682,162906648,460,1399740,86748205
500c2054635f,993aa421bca8,39,1685237618978,38682,162906648,460,1399740,86748205
500c2054635f,993aa421bca8,18,1685237736436,38682,162906649,460,1399740,86748205
500c2054635f,993aa421bca8,36,1685237736488,38682,162906649,460,1399740,86748205
500c2054635f,993aa421bca8,39,1685237736513,38682,162906649,460,1399740,86748205
500c2054635f,993aa421bca8,39,1685237737554,38682,162906679,460,1399740,86748205
500c2054635f,993aa421bca8,4,1685239176675,38682,162906649,460,1399740,86748205
500c2054635f,993aa421bca8,2,1685239177948,38682,162906649,460,1399740,86748205
500c2054635f,993aa421bca8,39,1685239178028,38682,162906649,460,1399740,86748205
500c2054635f,993aa421bca8,39,1685239179105,38682,162906679,460,1399740,86748205
500c2054635f,993aa421bca8,36,1685239516733,38682,162906649,460,1399740,86748205
500c2054635f,993aa421bca8,39,1685239516763,38682,162906649,460,1399740,86748205
500c2054635f,993aa421bca8,20,1685239527600,38682,162906679,460,1399740,86748205
500c2054635f,993aa421bca8,2,1685240619212,38682,162906649,460,1399740,86748205
500c2054635f,993aa421bca8,18,1685240619216,38682,162906649,460,1399740,86748205
500c2054635f,993aa421bca8,36,1685240619263,38682,162906649,460,1399740,86748205
500c2054635f,993aa421bca8,39,1685240619292,38682,162906649,460,1399740,86748205
500c2054635f,993aa421bca8,39,1685240625063,38682,162906648,460,1399740,86748205
500c2054635f,993aa421bca8,2,1685240736742,38682,162906648,460,1399740,86748205
500c2054635f,993aa421bca8,18,1685240736748,38682,162906648,460,1399740,86748205
500c2054635f,993aa421bca8,39,1685240736818,38682,162906648,460,1399740,86748205
500c2054635f,993aa421bca8,20,1685240746712,38682,162906648,460,1399740,86748205
500c2054635f,993aa421bca8,4,1685242176958,38682,162906679,460,1399740,86748205
500c2054635f,993aa421bca8,2,1685242178262,38682,162906679,460,1399740,86748205
500c2054635f,993aa421bca8,18,1685242178266,38682,162906679,460,1399740,86748205
500c2054635f,993aa421bca8,39,1685242178333,38682,162906679,460,1399740,86748205
500c2054635f,993aa421bca8,20,1685242188222,38682,162906679,460,1399740,86748205
500c2054635f,993aa421bca8,2,1685242549934,38682,162906679,460,1399740,86748205
500c2054635f,993aa421bca8,39,1685242550002,38682,162906679,460,1399740,86748205
500c2054635f,993aa421bca8,39,1685242553372,38682,162906654,460,1399740,86748205
500c2054635f,993aa421bca8,4,1685243618412,38682,162877474,460,1399740,86748205
500c2054635f,993aa421bca8,2,1685243619525,38682,162877474,460,1399740,86748205
500c2054635f,993aa421bca8,36,1685243619566,38682,162877474,460,1399740,86748205
500c2054635f,993aa421bca8,18,1685243737029,38682,162877494,460,1399740,86748205
500c2054635f,993aa421bca8,20,1685243747001,38682,162877494,460,1399740,86748205
500c2054635f,993aa421bca8,2,1685244281245,38682,162881568,460,1399740,86748205
500c2054635f,993aa421bca8,18,1685244281247,38682,162881568,460,1399740,86748205
500c2054635f,993aa421bca8,39,1685244281331,38682,162881568,460,1399740,86748205
500c2054635f,993aa421bca8,7,1685244281331,38682,162881568,460,1399740,86748205
500c2054635f,993aa421bca8,2,1685244339555,38682,162881568,460,1399740,86748205
500c2054635f,993aa421bca8,20,1685244380477,38682,162881568,460,1399740,86748205
500c2054635f,993aa421bca8,2,1685244401055,38682,162881568,460,1399740,86748205
500c2054635f,993aa421bca8,36,1685244401096,38682,162881568,460,1399740,86748205
500c2054635f,993aa421bca8,20,1685244423026,38682,162881568,460,1399740,86748205
500c2054635f,993aa421bca8,4,1685244429634,38682,162881568,460,1399740,86748205
500c2054635f,993aa421bca8,2,1685244429765,38682,162881568,460,1399740,86748205
500c2054635f,993aa421bca8,18,1685244429767,38682,162881568,460,1399740,86748205
500c2054635f,993aa421bca8,2,1685244464331,38682,162951710,460,1399740,86748205
500c2054635f,993aa421bca8,18,1685244464334,38682,162951710,460,1399740,86748205
500c2054635f,993aa421bca8,36,1685244464376,38682,162951710,460,1399740,86748205
500c2054635f,993aa421bca8,39,1685244464407,38682,162951710,460,1399740,86748205
500c2054635f,993aa421bca8,18,1685244502732,38682,162951710,460,1399740,86748205
500c2054635f,993aa421bca8,39,1685244502801,38682,162951710,460,1399740,86748205
500c2054635f,993aa421bca8,39,1685244511271,38682,162951710,460,1399740,86748205
500c2054635f,993aa421bca8,2,1685244610145,38682,162976542,460,1399740,86748205
500c2054635f,993aa421bca8,18,1685244610148,38682,162976542,460,1399740,86748205
500c2054635f,993aa421bca8,39,1685244610212,38682,162976542,460,1399740,86748205
500c2054635f,993aa421bca8,14,1685244614010,38682,162881568,460,1399740,86748205
500c2054635f,993aa421bca8,39,1685244614026,38682,162881568,460,1399740,86748205
500c2054635f,993aa421bca8,20,1685244628878,38682,162881568,460,1399740,86748205
500c2054635f,993aa421bca8,2,1685244697311,38682,85759133,460,1399740,86748205
500c2054635f,993aa421bca8,18,1685244697314,38682,85759133,460,1399740,86748205
500c2054635f,993aa421bca8,36,1685244697351,38682,85759133,460,1399740,86748205
500c2054635f,993aa421bca8,20,1685244707285,38682,85759133,460,1399740,86748205
500c2054635f,993aa421bca8,2,1685244712314,38682,162976542,460,1399740,86748205
500c2054635f,993aa421bca8,39,1685244712390,38682,162976542,460,1399740,86748205
500c2054635f,993aa421bca8,20,1685244724276,38682,162976542,460,1399740,86748205
500c2054635f,993aa421bca8,2,1685244761285,38682,162976542,460,1399740,86748205
500c2054635f,993aa421bca8,36,1685244761330,38682,162976542,460,1399740,86748205
500c2054635f,993aa421bca8,2,1685244789445,38682,162976542,460,1399740,86748205
500c2054635f,993aa421bca8,39,1685244789531,38682,162976542,460,1399740,86748205
500c2054635f,993aa421bca8,39,1685244793474,38682,162881567,460,1399740,86748205
500c2054635f,993aa421bca8,20,1685244803297,38682,162881567,460,1399740,86748205
500c2054635f,993aa421bca8,36,1685244828965,38682,162881567,460,1399740,86748205
500c2054635f,993aa421bca8,39,1685244829010,38682,162881567,460,1399740,86748205
500c2054635f,993aa421bca8,14,1685244836417,38682,162876696,460,1399740,86748205
500c2054635f,993aa421bca8,39,1685244839345,38682,117191896,460,1399740,86748205
500c2054635f,993aa421bca8,14,1685244841090,38682,162881561,460,1399740,86748205
500c2054635f,993aa421bca8,39,1685244841104,38682,162881561,460,1399740,86748205
500c2054635f,993aa421bca8,20,1685244855503,38682,162876696,460,1399740,86748205
500c2054635f,993aa421bca8,4,1685244858035,38682,162876696,460,1399740,86748205
500c2054635f,993aa421bca8,39,1685244860868,38682,162881305,460,1399740,86748205
500c2054635f,993aa421bca8,20,1685244880735,38682,162881305,460,1399740,86748205
500c2054635f,993aa421bca8,18,1685244917920,38682,162881305,460,1399740,86748205
500c2054635f,993aa421bca8,36,1685244917961,38682,162881305,460,1399740,86748205
500c2054635f,993aa421bca8,39,1685244917986,38682,162881305,460,1399740,86748205
500c2054635f,993aa421bca8,14,1685244931761,38682,162881561,460,1399740,86748205
500c2054635f,993aa421bca8,39,1685244931778,38682,162881561,460,1399740,86748205
500c2054635f,993aa421bca8,39,1685244940404,38682,162917912,460,1399740,86748205
500c2054635f,993aa421bca8,5,1685244951186,38682,162881305,460,1399740,86748205
500c2054635f,993aa421bca8,20,1685244951191,38682,162917912,460,1399740,86748205
500c2054635f,993aa421bca8,5,1685245375816,38683,162931736,460,1399740,86748205
500c2054635f,993aa421bca8,18,1685245390287,38682,85770648,460,1399740,86748205
500c2054635f,993aa421bca8,5,1685245437070,38682,117190360,460,1399740,86748205
500c2054635f,993aa421bca8,20,1685245447508,38683,162931736,460,1399740,86748205
500c2054635f,993aa421bca8,18,1685245447674,38683,162931736,460,1399740,86748205
500c2054635f,993aa421bca8,20,1685245450541,38683,162931736,460,1399740,86748205
500c2054635f,993aa421bca8,5,1685245464135,38682,85770648,460,1399740,86748205
500c2054635f,993aa421bca8,5,1685245468041,38683,162935607,460,1399740,86748205
500c2054635f,993aa421bca8,20,1685245468090,38683,162935607,460,1399740,86748205
500c2054635f,993aa421bca8,5,1685245486086,38683,162935576,460,1399740,86748205
500c2054635f,993aa421bca8,20,1685245486129,38683,162935576,460,1399740,86748205
500c2054635f,993aa421bca8,4,1685245494342,38683,162935576,460,1399740,86748205
500c2054635f,993aa421bca8,2,1685245494726,38683,162935576,460,1399740,86748205
500c2054635f,993aa421bca8,39,1685245494852,38683,162935576,460,1399740,86748205
500c2054635f,993aa421bca8,20,1685245497675,38683,162935576,460,1399740,86748205
500c2054635f,993aa421bca8,20,1685245570423,38682,162877978,460,1399740,86748205
