79ef5f3d7bd9,e4975c8cbe40,4,1685203651259,38706,250759512,460,1589704,86671204
79ef5f3d7bd9,e4975c8cbe40,18,1685203652370,38706,250759512,460,1589704,86671204
79ef5f3d7bd9,e4975c8cbe40,39,1685203652443,38706,250759512,460,1589704,86671204
79ef5f3d7bd9,e4975c8cbe40,2,1685204212207,38706,250759512,460,1589704,86671204
79ef5f3d7bd9,e4975c8cbe40,18,1685204212211,38706,250759512,460,1589704,86671204
79ef5f3d7bd9,e4975c8cbe40,36,1685205925737,38706,250759512,460,1589704,86671204
79ef5f3d7bd9,e4975c8cbe40,39,1685205925782,38706,250759512,460,1589704,86671204
79ef5f3d7bd9,e4975c8cbe40,20,1685205935673,38706,250759512,460,1589704,86671204
79ef5f3d7bd9,e4975c8cbe40,39,1685207375155,38706,250759512,460,1589704,86671204
79ef5f3d7bd9,e4975c8cbe40,18,1685208927540,38706,250759512,460,1589704,86671204
79ef5f3d7bd9,e4975c8cbe40,39,1685208927615,38706,250759512,460,1589704,86671204
79ef5f3d7bd9,e4975c8cbe40,2,1685210538023,38706,250759512,460,1589704,86671204
79ef5f3d7bd9,e4975c8cbe40,18,1685210538028,38706,250759512,460,1589704,86671204
79ef5f3d7bd9,e4975c8cbe40,39,1685210538098,38706,250759512,460,1589704,86671204
79ef5f3d7bd9,e4975c8cbe40,2,1685211929461,38706,250759512,460,1589704,86671204
79ef5f3d7bd9,e4975c8cbe40,18,1685211929465,38706,250759512,460,1589704,86671204
79ef5f3d7bd9,e4975c8cbe40,39,1685211929554,38706,250759512,460,1589704,86671204
79ef5f3d7bd9,e4975c8cbe40,20,1685211939443,38706,250759512,460,1589704,86671204
79ef5f3d7bd9,e4975c8cbe40,2,1685213700961,38706,250759512,460,1589704,86671204
79ef5f3d7bd9,e4975c8cbe40,18,1685213700963,38706,250759512,460,1589704,86671204
79ef5f3d7bd9,e4975c8cbe40,20,1685213710943,38706,250759512,460,1589704,86671204
79ef5f3d7bd9,e4975c8cbe40,18,1685214931447,38706,250759512,460,1589704,86671204
79ef5f3d7bd9,e4975c8cbe40,39,1685214931522,38706,250759512,460,1589704,86671204
79ef5f3d7bd9,e4975c8cbe40,20,1685214941425,38706,250759512,460,1589704,86671204
79ef5f3d7bd9,e4975c8cbe40,4,1685216679025,38706,250759512,460,1589704,86671204
79ef5f3d7bd9,e4975c8cbe40,2,1685216680222,38706,250759512,460,1589704,86671204
79ef5f3d7bd9,e4975c8cbe40,18,1685216680224,38706,250759512,460,1589704,86671204
79ef5f3d7bd9,e4975c8cbe40,36,1685216680259,38706,250759512,460,1589704,86671204
79ef5f3d7bd9,e4975c8cbe40,39,1685216680300,38706,250759512,460,1589704,86671204
79ef5f3d7bd9,e4975c8cbe40,20,1685216690192,38706,250759512,460,1589704,86671204
79ef5f3d7bd9,e4975c8cbe40,18,1685216863955,38706,250759512,460,1589704,86671204
79ef5f3d7bd9,e4975c8cbe40,36,1685216863996,38706,250759512,460,1589704,86671204
79ef5f3d7bd9,e4975c8cbe40,39,1685216864041,38706,250759512,460,1589704,86671204
79ef5f3d7bd9,e4975c8cbe40,20,1685216873932,38706,250759512,460,1589704,86671204
79ef5f3d7bd9,e4975c8cbe40,2,1685217933435,38706,250759512,460,1589704,86671204
79ef5f3d7bd9,e4975c8cbe40,36,1685217933475,38706,250759512,460,1589704,86671204
79ef5f3d7bd9,e4975c8cbe40,39,1685217933513,38706,250759512,460,1589704,86671204
79ef5f3d7bd9,e4975c8cbe40,2,1685220026973,38706,250759512,460,1589704,86671204
79ef5f3d7bd9,e4975c8cbe40,36,1685220027003,38706,250759512,460,1589704,86671204
79ef5f3d7bd9,e4975c8cbe40,39,1685220027040,38706,250759512,460,1589704,86671204
79ef5f3d7bd9,e4975c8cbe40,20,1685220036956,38706,250759512,460,1589704,86671204
79ef5f3d7bd9,e4975c8cbe40,2,1685220935394,38706,250759512,460,1589704,86671204
79ef5f3d7bd9,e4975c8cbe40,18,1685220935398,38706,250759512,460,1589704,86671204
79ef5f3d7bd9,e4975c8cbe40,36,1685220935433,38706,250759512,460,1589704,86671204
79ef5f3d7bd9,e4975c8cbe40,20,1685220945376,38706,250759512,460,1589704,86671204
79ef5f3d7bd9,e4975c8cbe40,2,1685223189972,38706,250759512,460,1589704,86671204
79ef5f3d7bd9,e4975c8cbe40,18,1685223189976,38706,250759512,460,1589704,86671204
79ef5f3d7bd9,e4975c8cbe40,36,1685223190003,38706,250759512,460,1589704,86671204
79ef5f3d7bd9,e4975c8cbe40,39,1685223190038,38706,250759512,460,1589704,86671204
79ef5f3d7bd9,e4975c8cbe40,20,1685223199955,38706,250759512,460,1589704,86671204
79ef5f3d7bd9,e4975c8cbe40,2,1685223937417,38706,250759512,460,1589704,86671204
79ef5f3d7bd9,e4975c8cbe40,36,1685223937457,38706,250759512,460,1589704,86671204
79ef5f3d7bd9,e4975c8cbe40,39,1685223937502,38706,250759512,460,1589704,86671204
79ef5f3d7bd9,e4975c8cbe40,20,1685223947399,38706,250759512,460,1589704,86671204
79ef5f3d7bd9,e4975c8cbe40,2,1685226352721,38706,250759512,460,1589704,86671204
79ef5f3d7bd9,e4975c8cbe40,18,1685226352723,38706,250759512,460,1589704,86671204
79ef5f3d7bd9,e4975c8cbe40,36,1685226352752,38706,250759512,460,1589704,86671204
79ef5f3d7bd9,e4975c8cbe40,39,1685226352791,38706,250759512,460,1589704,86671204
79ef5f3d7bd9,e4975c8cbe40,20,1685226362704,38706,250759512,460,1589704,86671204
79ef5f3d7bd9,e4975c8cbe40,18,1685226939066,38706,250759512,460,1589704,86671204
79ef5f3d7bd9,e4975c8cbe40,36,1685226939108,38706,250759512,460,1589704,86671204
79ef5f3d7bd9,e4975c8cbe40,20,1685226949044,38706,250759512,460,1589704,86671204
79ef5f3d7bd9,e4975c8cbe40,2,1685229514989,38706,250759512,460,1589704,86671204
79ef5f3d7bd9,e4975c8cbe40,18,1685229514992,38706,250759512,460,1589704,86671204
79ef5f3d7bd9,e4975c8cbe40,36,1685229515019,38706,250759512,460,1589704,86671204
79ef5f3d7bd9,e4975c8cbe40,20,1685229524972,38706,250759512,460,1589704,86671204
79ef5f3d7bd9,e4975c8cbe40,2,1685229940435,38706,250759512,460,1589704,86671204
79ef5f3d7bd9,e4975c8cbe40,18,1685229940437,38706,250759512,460,1589704,86671204
79ef5f3d7bd9,e4975c8cbe40,36,1685229940473,38706,250759512,460,1589704,86671204
79ef5f3d7bd9,e4975c8cbe40,39,1685229940519,38706,250759512,460,1589704,86671204
79ef5f3d7bd9,e4975c8cbe40,20,1685229950417,38706,250759512,460,1589704,86671204
79ef5f3d7bd9,e4975c8cbe40,4,1685230049774,38706,250759512,460,1589704,86671204
79ef5f3d7bd9,e4975c8cbe40,2,1685232678585,38706,250758745,460,1589704,86671204
79ef5f3d7bd9,e4975c8cbe40,36,1685232678645,38706,250758745,460,1589704,86671204
79ef5f3d7bd9,e4975c8cbe40,39,1685232678700,38706,250758745,460,1589704,86671204
79ef5f3d7bd9,e4975c8cbe40,2,1685232943075,38709,161980952,460,1589704,86671204
79ef5f3d7bd9,e4975c8cbe40,18,1685232943078,38709,161980952,460,1589704,86671204
79ef5f3d7bd9,e4975c8cbe40,36,1685232943610,38709,161980952,460,1589704,86671204
79ef5f3d7bd9,e4975c8cbe40,39,1685232943659,38709,161980952,460,1589704,86671204
79ef5f3d7bd9,e4975c8cbe40,14,1685232946273,38709,161951519,460,1589704,86671204
79ef5f3d7bd9,e4975c8cbe40,39,1685232946286,38709,161951519,460,1589704,86671204
79ef5f3d7bd9,e4975c8cbe40,20,1685232956191,38709,161951519,460,1589704,86671204
79ef5f3d7bd9,e4975c8cbe40,5,1685233542055,38841,161632798,460,1589704,86671204
79ef5f3d7bd9,e4975c8cbe40,20,1685233611993,38839,116869082,460,1589704,86671204
79ef5f3d7bd9,e4975c8cbe40,5,1685233621884,38842,250742626,460,1589704,86671204
79ef5f3d7bd9,e4975c8cbe40,20,1685233621953,38842,250742626,460,1589704,86671204
79ef5f3d7bd9,e4975c8cbe40,5,1685233635484,38841,116482264,460,1589704,86671204
79ef5f3d7bd9,e4975c8cbe40,20,1685233635552,38841,116482264,460,1589704,86671204
79ef5f3d7bd9,e4975c8cbe40,5,1685233694530,38842,250742617,460,1589704,86671204
79ef5f3d7bd9,e4975c8cbe40,20,1685233694845,38842,250742617,460,1589704,86671204
79ef5f3d7bd9,e4975c8cbe40,20,1685233716114,38839,116869082,460,1589704,86671204
79ef5f3d7bd9,e4975c8cbe40,5,1685233730365,38841,161567280,460,1589704,86671204
79ef5f3d7bd9,e4975c8cbe40,20,1685233730397,38841,161567280,460,1589704,86671204
79ef5f3d7bd9,e4975c8cbe40,5,1685233965747,38710,85090980,460,1589704,86671204
79ef5f3d7bd9,e4975c8cbe40,20,1685233965781,38710,85090980,460,1589704,86671204
79ef5f3d7bd9,e4975c8cbe40,5,1685234023063,38839,250742106,460,1589704,86671204
79ef5f3d7bd9,e4975c8cbe40,20,1685234023111,38839,250742106,460,1589704,86671204
79ef5f3d7bd9,e4975c8cbe40,5,1685234743984,38839,161546008,460,1589704,86671204
79ef5f3d7bd9,e4975c8cbe40,20,1685234744008,38839,161546008,460,1589704,86671204
79ef5f3d7bd9,e4975c8cbe40,2,1685235056860,38840,85043358,460,1589704,86671204
79ef5f3d7bd9,e4975c8cbe40,36,1685235056900,38840,85043358,460,1589704,86671204
79ef5f3d7bd9,e4975c8cbe40,34,1685235057024,38840,85043358,460,1589704,86671204
79ef5f3d7bd9,e4975c8cbe40,14,1685235058113,38840,250774366,460,1589704,86671204
79ef5f3d7bd9,e4975c8cbe40,39,1685235058121,38840,250774366,460,1589704,86671204
79ef5f3d7bd9,e4975c8cbe40,14,1685235060835,38840,161568285,460,1589704,86671204
79ef5f3d7bd9,e4975c8cbe40,39,1685235060846,38840,161568285,460,1589704,86671204
79ef5f3d7bd9,e4975c8cbe40,34,1685235068729,38840,161568285,460,1589704,86671204
79ef5f3d7bd9,e4975c8cbe40,13,1685235068729,38840,161568285,460,1589704,86671204
79ef5f3d7bd9,e4975c8cbe40,14,1685235079054,38840,85043099,460,1589704,86671204
79ef5f3d7bd9,e4975c8cbe40,39,1685235079065,38840,85043099,460,1589704,86671204
79ef5f3d7bd9,e4975c8cbe40,14,1685235080574,38840,161568285,460,1589704,86671204
79ef5f3d7bd9,e4975c8cbe40,39,1685235080586,38840,161568285,460,1589704,86671204
79ef5f3d7bd9,e4975c8cbe40,21,1685235099123,38840,161568285,460,1589704,86671204
79ef5f3d7bd9,e4975c8cbe40,11,1685235099123,38840,161568285,460,1589704,86671204
79ef5f3d7bd9,e4975c8cbe40,39,1685235099677,38840,161568284,460,1589704,86671204
79ef5f3d7bd9,e4975c8cbe40,20,1685235109620,38840,161568284,460,1589704,86671204
79ef5f3d7bd9,e4975c8cbe40,2,1685235843482,38843,250678361,460,1589704,86671204
79ef5f3d7bd9,e4975c8cbe40,36,1685235843513,38843,250678361,460,1589704,86671204
79ef5f3d7bd9,e4975c8cbe40,39,1685235843556,38843,250678361,460,1589704,86671204
79ef5f3d7bd9,e4975c8cbe40,20,1685235853466,38843,250678361,460,1589704,86671204
79ef5f3d7bd9,e4975c8cbe40,20,1685235873319,38843,85156381,460,1589704,86671204
79ef5f3d7bd9,e4975c8cbe40,18,1685235950148,38843,161565730,460,1589704,86671204
79ef5f3d7bd9,e4975c8cbe40,36,1685235950195,38843,161565730,460,1589704,86671204
79ef5f3d7bd9,e4975c8cbe40,18,1685236221980,38715,162270493,460,1589704,86671204
79ef5f3d7bd9,e4975c8cbe40,36,1685236222036,38715,162270493,460,1589704,86671204
79ef5f3d7bd9,e4975c8cbe40,2,1685236385039,38715,162270493,460,1589704,86671204
79ef5f3d7bd9,e4975c8cbe40,18,1685236385043,38715,162270493,460,1589704,86671204
79ef5f3d7bd9,e4975c8cbe40,16,1685236386850,38715,162270493,460,1589704,86671204
79ef5f3d7bd9,e4975c8cbe40,13,1685236387326,38715,251107418,460,1589704,86671204
79ef5f3d7bd9,e4975c8cbe40,34,1685236387326,38715,251107418,460,1589704,86671204
79ef5f3d7bd9,e4975c8cbe40,35,1685236387705,38715,251107418,460,1589704,86671204
79ef5f3d7bd9,e4975c8cbe40,12,1685236387705,38715,251107418,460,1589704,86671204
79ef5f3d7bd9,e4975c8cbe40,7,1685236401851,38715,251107418,460,1589704,86671204
79ef5f3d7bd9,e4975c8cbe40,41,1685236401899,38715,251107418,460,1589704,86671204
79ef5f3d7bd9,e4975c8cbe40,34,1685236401899,38715,251107418,460,1589704,86671204
79ef5f3d7bd9,e4975c8cbe40,15,1685236436143,38715,251641688,460,1589704,86671204
79ef5f3d7bd9,e4975c8cbe40,16,1685236439967,38715,251641688,460,1589704,86671204
79ef5f3d7bd9,e4975c8cbe40,20,1685236442053,38715,251641688,460,1589704,86671204
79ef5f3d7bd9,e4975c8cbe40,16,1685236442907,38715,251107418,460,1589704,86671204
79ef5f3d7bd9,e4975c8cbe40,15,1685236442911,38715,251641688,460,1589704,86671204
79ef5f3d7bd9,e4975c8cbe40,16,1685236446808,38715,251641688,460,1589704,86671204
79ef5f3d7bd9,e4975c8cbe40,15,1685236446811,38715,251107418,460,1589704,86671204
79ef5f3d7bd9,e4975c8cbe40,8,1685236447416,38715,251107418,460,1589704,86671204
79ef5f3d7bd9,e4975c8cbe40,11,1685236447421,38715,251107418,460,1589704,86671204
79ef5f3d7bd9,e4975c8cbe40,21,1685236447421,38715,251107418,460,1589704,86671204
79ef5f3d7bd9,e4975c8cbe40,21,1685236447424,38715,251107418,460,1589704,86671204
79ef5f3d7bd9,e4975c8cbe40,18,1685237046508,38715,116528602,460,1589704,86671204
79ef5f3d7bd9,e4975c8cbe40,36,1685237046577,38715,116528602,460,1589704,86671204
79ef5f3d7bd9,e4975c8cbe40,11,1685237073641,38715,116528602,460,1589704,86671204
79ef5f3d7bd9,e4975c8cbe40,15,1685237078760,38715,162270493,460,1589704,86671204
79ef5f3d7bd9,e4975c8cbe40,2,1685237286335,38715,162270493,460,1589704,86671204
79ef5f3d7bd9,e4975c8cbe40,36,1685237286391,38715,162270493,460,1589704,86671204
79ef5f3d7bd9,e4975c8cbe40,34,1685237286500,38715,162270493,460,1589704,86671204
79ef5f3d7bd9,e4975c8cbe40,16,1685237287528,38715,162270493,460,1589704,86671204
79ef5f3d7bd9,e4975c8cbe40,34,1685237288795,38715,251107418,460,1589704,86671204
79ef5f3d7bd9,e4975c8cbe40,13,1685237288795,38715,251107418,460,1589704,86671204
79ef5f3d7bd9,e4975c8cbe40,21,1685237295454,38715,251107418,460,1589704,86671204
79ef5f3d7bd9,e4975c8cbe40,21,1685237407812,38715,251107418,460,1589704,86671204
79ef5f3d7bd9,e4975c8cbe40,11,1685237407812,38715,251107418,460,1589704,86671204
79ef5f3d7bd9,e4975c8cbe40,20,1685237421498,38715,251107418,460,1589704,86671204
79ef5f3d7bd9,e4975c8cbe40,4,1685237749867,38715,116528602,460,1589704,86671204
79ef5f3d7bd9,e4975c8cbe40,36,1685237750327,38715,116528602,460,1589704,86671204
79ef5f3d7bd9,e4975c8cbe40,13,1685237750475,38715,116528602,460,1589704,86671204
79ef5f3d7bd9,e4975c8cbe40,34,1685237750475,38715,116528602,460,1589704,86671204
79ef5f3d7bd9,e4975c8cbe40,21,1685237790297,38715,116528602,460,1589704,86671204
79ef5f3d7bd9,e4975c8cbe40,20,1685237804152,38715,116528602,460,1589704,86671204
79ef5f3d7bd9,e4975c8cbe40,34,1685237969932,38715,116528602,460,1589704,86671204
79ef5f3d7bd9,e4975c8cbe40,35,1685237972804,38715,116528602,460,1589704,86671204
79ef5f3d7bd9,e4975c8cbe40,12,1685237972804,38715,116528602,460,1589704,86671204
79ef5f3d7bd9,e4975c8cbe40,21,1685237982582,38715,116528602,460,1589704,86671204
79ef5f3d7bd9,e4975c8cbe40,20,1685238014442,38715,116528602,460,1589704,86671204
79ef5f3d7bd9,e4975c8cbe40,18,1685238953276,38715,162313503,460,1589704,86671204
79ef5f3d7bd9,e4975c8cbe40,20,1685238966038,38715,162313503,460,1589704,86671204
79ef5f3d7bd9,e4975c8cbe40,2,1685239007770,38715,162313503,460,1589704,86671204
79ef5f3d7bd9,e4975c8cbe40,36,1685239007810,38715,162313503,460,1589704,86671204
79ef5f3d7bd9,e4975c8cbe40,2,1685239202431,38715,162313503,460,1589704,86671204
79ef5f3d7bd9,e4975c8cbe40,36,1685239202571,38715,162313503,460,1589704,86671204
79ef5f3d7bd9,e4975c8cbe40,34,1685239202703,38715,162313503,460,1589704,86671204
79ef5f3d7bd9,e4975c8cbe40,21,1685239209080,38715,162313503,460,1589704,86671204
79ef5f3d7bd9,e4975c8cbe40,11,1685239209080,38715,162313503,460,1589704,86671204
79ef5f3d7bd9,e4975c8cbe40,20,1685239220931,38715,162270493,460,1589704,86671204
79ef5f3d7bd9,e4975c8cbe40,2,1685239853005,38715,162270493,460,1589704,86671204
79ef5f3d7bd9,e4975c8cbe40,36,1685239853055,38715,162270493,460,1589704,86671204
79ef5f3d7bd9,e4975c8cbe40,13,1685239853163,38715,162270493,460,1589704,86671204
79ef5f3d7bd9,e4975c8cbe40,34,1685239853163,38715,162270493,460,1589704,86671204
79ef5f3d7bd9,e4975c8cbe40,15,1685239856416,38715,251107418,460,1589704,86671204
79ef5f3d7bd9,e4975c8cbe40,16,1685239864050,38715,251107418,460,1589704,86671204
79ef5f3d7bd9,e4975c8cbe40,15,1685239864053,38715,251641688,460,1589704,86671204
79ef5f3d7bd9,e4975c8cbe40,20,1685239866166,38715,251107418,460,1589704,86671204
79ef5f3d7bd9,e4975c8cbe40,11,1685239866742,38715,251641688,460,1589704,86671204
79ef5f3d7bd9,e4975c8cbe40,21,1685239866742,38715,251641688,460,1589704,86671204
79ef5f3d7bd9,e4975c8cbe40,15,1685239867467,38715,251107418,460,1589704,86671204
79ef5f3d7bd9,e4975c8cbe40,16,1685239869197,38715,251107418,460,1589704,86671204
79ef5f3d7bd9,e4975c8cbe40,15,1685239869200,38715,162313497,460,1589704,86671204
79ef5f3d7bd9,e4975c8cbe40,20,1685239871291,38715,251107418,460,1589704,86671204
79ef5f3d7bd9,e4975c8cbe40,20,1685239877082,38715,162270490,460,1589704,86671204
79ef5f3d7bd9,e4975c8cbe40,2,1685240387737,38715,162270493,460,1589704,86671204
79ef5f3d7bd9,e4975c8cbe40,36,1685240387837,38715,162270493,460,1589704,86671204
79ef5f3d7bd9,e4975c8cbe40,13,1685240387949,38715,162270493,460,1589704,86671204
79ef5f3d7bd9,e4975c8cbe40,34,1685240390960,38715,162270493,460,1589704,86671204
79ef5f3d7bd9,e4975c8cbe40,13,1685240390960,38715,162270493,460,1589704,86671204
79ef5f3d7bd9,e4975c8cbe40,7,1685240391638,38715,162270493,460,1589704,86671204
79ef5f3d7bd9,e4975c8cbe40,11,1685240404139,38715,251107418,460,1589704,86671204
79ef5f3d7bd9,e4975c8cbe40,8,1685240475130,38715,251107418,460,1589704,86671204
79ef5f3d7bd9,e4975c8cbe40,21,1685240475130,38715,251107418,460,1589704,86671204
79ef5f3d7bd9,e4975c8cbe40,21,1685240475136,38715,251107418,460,1589704,86671204
79ef5f3d7bd9,e4975c8cbe40,11,1685240475136,38715,251107418,460,1589704,86671204
79ef5f3d7bd9,e4975c8cbe40,18,1685240562043,38715,162270493,460,1589704,86671204
79ef5f3d7bd9,e4975c8cbe40,34,1685240564931,38715,162270493,460,1589704,86671204
79ef5f3d7bd9,e4975c8cbe40,13,1685240564931,38715,162270493,460,1589704,86671204
79ef5f3d7bd9,e4975c8cbe40,16,1685240567327,38715,162270493,460,1589704,86671204
79ef5f3d7bd9,e4975c8cbe40,15,1685240567330,38715,251107418,460,1589704,86671204
79ef5f3d7bd9,e4975c8cbe40,21,1685240574063,38715,251107418,460,1589704,86671204
79ef5f3d7bd9,e4975c8cbe40,20,1685240615497,38715,251107418,460,1589704,86671204
79ef5f3d7bd9,e4975c8cbe40,2,1685240641807,38715,162270493,460,1589704,86671204
79ef5f3d7bd9,e4975c8cbe40,36,1685240641941,38715,162270493,460,1589704,86671204
79ef5f3d7bd9,e4975c8cbe40,34,1685240642092,38715,162270493,460,1589704,86671204
79ef5f3d7bd9,e4975c8cbe40,11,1685240688340,38715,162313503,460,1589704,86671204
79ef5f3d7bd9,e4975c8cbe40,2,1685240714765,38715,162270493,460,1589704,86671204
79ef5f3d7bd9,e4975c8cbe40,18,1685240714767,38715,162270493,460,1589704,86671204
79ef5f3d7bd9,e4975c8cbe40,20,1685240725055,38715,162270493,460,1589704,86671204
79ef5f3d7bd9,e4975c8cbe40,12,1685240766478,38715,251107418,460,1589704,86671204
79ef5f3d7bd9,e4975c8cbe40,35,1685240766478,38715,251107418,460,1589704,86671204
79ef5f3d7bd9,e4975c8cbe40,11,1685240769526,38715,251107418,460,1589704,86671204
79ef5f3d7bd9,e4975c8cbe40,21,1685240769526,38715,251107418,460,1589704,86671204
79ef5f3d7bd9,e4975c8cbe40,20,1685240783510,38715,251107418,460,1589704,86671204
79ef5f3d7bd9,e4975c8cbe40,2,1685240794305,38715,116528602,460,1589704,86671204
79ef5f3d7bd9,e4975c8cbe40,18,1685240794308,38715,116528602,460,1589704,86671204
79ef5f3d7bd9,e4975c8cbe40,21,1685240860654,38715,116528602,460,1589704,86671204
79ef5f3d7bd9,e4975c8cbe40,11,1685240860655,38715,116528602,460,1589704,86671204
79ef5f3d7bd9,e4975c8cbe40,20,1685240874442,38715,116528602,460,1589704,86671204
79ef5f3d7bd9,e4975c8cbe40,2,1685240982050,38715,162270493,460,1589704,86671204
79ef5f3d7bd9,e4975c8cbe40,18,1685240982054,38715,162270493,460,1589704,86671204
79ef5f3d7bd9,e4975c8cbe40,34,1685240982215,38715,162270493,460,1589704,86671204
79ef5f3d7bd9,e4975c8cbe40,20,1685240985391,38715,162270493,460,1589704,86671204
79ef5f3d7bd9,e4975c8cbe40,20,1685241001494,38715,251107418,460,1589704,86671204
79ef5f3d7bd9,e4975c8cbe40,18,1685241006951,38715,162270493,460,1589704,86671204
79ef5f3d7bd9,e4975c8cbe40,36,1685241007046,38715,162270493,460,1589704,86671204
79ef5f3d7bd9,e4975c8cbe40,34,1685241007129,38715,162270493,460,1589704,86671204
79ef5f3d7bd9,e4975c8cbe40,16,1685241008146,38715,162270493,460,1589704,86671204
79ef5f3d7bd9,e4975c8cbe40,21,1685241020890,38715,251107418,460,1589704,86671204
79ef5f3d7bd9,e4975c8cbe40,11,1685241020890,38715,251107418,460,1589704,86671204
79ef5f3d7bd9,e4975c8cbe40,16,1685241027644,38715,251107418,460,1589704,86671204
79ef5f3d7bd9,e4975c8cbe40,15,1685241027647,38715,162313496,460,1589704,86671204
79ef5f3d7bd9,e4975c8cbe40,20,1685241029733,38715,251107418,460,1589704,86671204
79ef5f3d7bd9,e4975c8cbe40,16,1685241033610,38715,162270490,460,1589704,86671204
79ef5f3d7bd9,e4975c8cbe40,16,1685241035170,38715,116528602,460,1589704,86671204
79ef5f3d7bd9,e4975c8cbe40,20,1685241035173,38715,162270490,460,1589704,86671204
79ef5f3d7bd9,e4975c8cbe40,36,1685241273872,38715,162313503,460,1589704,86671204
79ef5f3d7bd9,e4975c8cbe40,13,1685241274096,38715,162313503,460,1589704,86671204
79ef5f3d7bd9,e4975c8cbe40,11,1685241331651,38715,116528602,460,1589704,86671204
79ef5f3d7bd9,e4975c8cbe40,11,1685241372106,38715,116528602,460,1589704,86671204
79ef5f3d7bd9,e4975c8cbe40,20,1685241384935,38715,116528602,460,1589704,86671204
79ef5f3d7bd9,e4975c8cbe40,2,1685241449425,38715,116528602,460,1589704,86671204
79ef5f3d7bd9,e4975c8cbe40,36,1685241449461,38715,116528602,460,1589704,86671204
79ef5f3d7bd9,e4975c8cbe40,11,1685241508746,38715,116528602,460,1589704,86671204
79ef5f3d7bd9,e4975c8cbe40,21,1685241508746,38715,116528602,460,1589704,86671204
79ef5f3d7bd9,e4975c8cbe40,20,1685241521292,38715,116528602,460,1589704,86671204
79ef5f3d7bd9,e4975c8cbe40,18,1685241819482,38715,162270493,460,1589704,86671204
79ef5f3d7bd9,e4975c8cbe40,36,1685241819578,38715,162270493,460,1589704,86671204
79ef5f3d7bd9,e4975c8cbe40,13,1685241819771,38715,162270493,460,1589704,86671204
79ef5f3d7bd9,e4975c8cbe40,34,1685241819771,38715,162270493,460,1589704,86671204
79ef5f3d7bd9,e4975c8cbe40,15,1685241921667,38715,116528602,460,1589704,86671204
79ef5f3d7bd9,e4975c8cbe40,16,1685241949935,38715,116528602,460,1589704,86671204
79ef5f3d7bd9,e4975c8cbe40,20,1685241952017,38715,116528602,460,1589704,86671204
79ef5f3d7bd9,e4975c8cbe40,16,1685241966242,38715,162313503,460,1589704,86671204
79ef5f3d7bd9,e4975c8cbe40,15,1685241966246,38715,116528602,460,1589704,86671204
79ef5f3d7bd9,e4975c8cbe40,20,1685241968325,38715,162313503,460,1589704,86671204
79ef5f3d7bd9,e4975c8cbe40,21,1685241988473,38715,116528602,460,1589704,86671204
79ef5f3d7bd9,e4975c8cbe40,11,1685241988473,38715,116528602,460,1589704,86671204
79ef5f3d7bd9,e4975c8cbe40,16,1685241992250,38715,116528602,460,1589704,86671204
79ef5f3d7bd9,e4975c8cbe40,15,1685241992254,38715,162313503,460,1589704,86671204
79ef5f3d7bd9,e4975c8cbe40,14,1685241996980,38715,162270493,460,1589704,86671204
79ef5f3d7bd9,e4975c8cbe40,20,1685242004081,38715,162270493,460,1589704,86671204
79ef5f3d7bd9,e4975c8cbe40,13,1685242125892,38715,162270493,460,1589704,86671204
79ef5f3d7bd9,e4975c8cbe40,12,1685242128104,38715,251107418,460,1589704,86671204
79ef5f3d7bd9,e4975c8cbe40,20,1685242128987,38715,162270493,460,1589704,86671204
79ef5f3d7bd9,e4975c8cbe40,20,1685242147506,38715,251107418,460,1589704,86671204
79ef5f3d7bd9,e4975c8cbe40,2,1685242172144,38715,162270493,460,1589704,86671204
79ef5f3d7bd9,e4975c8cbe40,18,1685242172148,38715,162270493,460,1589704,86671204
79ef5f3d7bd9,e4975c8cbe40,36,1685242172196,38715,162270493,460,1589704,86671204
79ef5f3d7bd9,e4975c8cbe40,18,1685242649730,38715,162270493,460,1589704,86671204
79ef5f3d7bd9,e4975c8cbe40,36,1685242649795,38715,162270493,460,1589704,86671204
79ef5f3d7bd9,e4975c8cbe40,34,1685242650212,38715,162270493,460,1589704,86671204
79ef5f3d7bd9,e4975c8cbe40,13,1685242650212,38715,162270493,460,1589704,86671204
79ef5f3d7bd9,e4975c8cbe40,13,1685242701035,38715,162270493,460,1589704,86671204
79ef5f3d7bd9,e4975c8cbe40,15,1685242702894,38715,251107418,460,1589704,86671204
79ef5f3d7bd9,e4975c8cbe40,20,1685242704985,38715,162270493,460,1589704,86671204
79ef5f3d7bd9,e4975c8cbe40,11,1685242744798,38715,251107418,460,1589704,86671204
79ef5f3d7bd9,e4975c8cbe40,21,1685242744798,38715,251107418,460,1589704,86671204
79ef5f3d7bd9,e4975c8cbe40,16,1685242750763,38715,251107418,460,1589704,86671204
79ef5f3d7bd9,e4975c8cbe40,15,1685242750766,38715,162270490,460,1589704,86671204
79ef5f3d7bd9,e4975c8cbe40,20,1685242758091,38715,162270490,460,1589704,86671204
79ef5f3d7bd9,e4975c8cbe40,2,1685243381015,38715,162270493,460,1589704,86671204
79ef5f3d7bd9,e4975c8cbe40,14,1685243382428,38715,162313503,460,1589704,86671204
79ef5f3d7bd9,e4975c8cbe40,14,1685243389100,38715,162270493,460,1589704,86671204
79ef5f3d7bd9,e4975c8cbe40,14,1685243402301,38715,162270493,460,1589704,86671204
79ef5f3d7bd9,e4975c8cbe40,11,1685243417664,38715,162270493,460,1589704,86671204
79ef5f3d7bd9,e4975c8cbe40,34,1685243571896,38715,162270493,460,1589704,86671204
79ef5f3d7bd9,e4975c8cbe40,16,1685243572923,38715,162270493,460,1589704,86671204
79ef5f3d7bd9,e4975c8cbe40,13,1685243604713,38715,251107418,460,1589704,86671204
79ef5f3d7bd9,e4975c8cbe40,20,1685243669494,38715,251107418,460,1589704,86671204
79ef5f3d7bd9,e4975c8cbe40,30,1685244351901,38843,85156380,460,1589704,86671204
79ef5f3d7bd9,e4975c8cbe40,20,1685244352115,38843,85156380,460,1589704,86671204
79ef5f3d7bd9,e4975c8cbe40,1,1685244352268,38843,85156380,460,1589704,86671204
79ef5f3d7bd9,e4975c8cbe40,18,1685244352907,38843,85156380,460,1589704,86671204
79ef5f3d7bd9,e4975c8cbe40,41,1685244353172,38843,85156380,460,1589704,86671204
79ef5f3d7bd9,e4975c8cbe40,14,1685244364548,38843,161621016,460,1589704,86671204
79ef5f3d7bd9,e4975c8cbe40,39,1685244364560,38843,161621016,460,1589704,86671204
79ef5f3d7bd9,e4975c8cbe40,14,1685244373708,38843,161490458,460,1589704,86671204
79ef5f3d7bd9,e4975c8cbe40,39,1685244373721,38843,161490458,460,1589704,86671204
79ef5f3d7bd9,e4975c8cbe40,20,1685244383612,38843,161490458,460,1589704,86671204
79ef5f3d7bd9,e4975c8cbe40,20,1685244502856,38840,161579551,460,1589704,86671204
79ef5f3d7bd9,e4975c8cbe40,4,1685244888457,38840,161725722,460,1589704,86671204
79ef5f3d7bd9,e4975c8cbe40,34,1685244889193,38840,161725722,460,1589704,86671204
79ef5f3d7bd9,e4975c8cbe40,39,1685244890383,38840,161728795,460,1589704,86671204
79ef5f3d7bd9,e4975c8cbe40,14,1685244891887,38705,85125148,460,1589704,86671204
79ef5f3d7bd9,e4975c8cbe40,5,1685244892053,38705,85125148,460,1589704,86671204
79ef5f3d7bd9,e4975c8cbe40,20,1685244901827,38705,85125148,460,1589704,86671204
79ef5f3d7bd9,e4975c8cbe40,2,1685244901985,38705,85125148,460,1589704,86671204
79ef5f3d7bd9,e4975c8cbe40,36,1685244902018,38705,85125148,460,1589704,86671204
79ef5f3d7bd9,e4975c8cbe40,39,1685244902052,38705,85125148,460,1589704,86671204
79ef5f3d7bd9,e4975c8cbe40,11,1685244934097,38705,85125148,460,1589704,86671204
79ef5f3d7bd9,e4975c8cbe40,21,1685244934097,38705,85125148,460,1589704,86671204
79ef5f3d7bd9,e4975c8cbe40,39,1685244935810,38840,116521692,460,1589704,86671204
79ef5f3d7bd9,e4975c8cbe40,20,1685244945738,38840,116521692,460,1589704,86671204
79ef5f3d7bd9,e4975c8cbe40,4,1685245083952,38840,161725722,460,1589704,86671204
79ef5f3d7bd9,e4975c8cbe40,2,1685245084677,38840,161725722,460,1589704,86671204
79ef5f3d7bd9,e4975c8cbe40,36,1685245084717,38840,161725722,460,1589704,86671204
79ef5f3d7bd9,e4975c8cbe40,13,1685245084903,38840,161725722,460,1589704,86671204
79ef5f3d7bd9,e4975c8cbe40,39,1685245086044,38840,161728795,460,1589704,86671204
79ef5f3d7bd9,e4975c8cbe40,14,1685245087567,38705,85125148,460,1589704,86671204
79ef5f3d7bd9,e4975c8cbe40,39,1685245087578,38705,85125148,460,1589704,86671204
79ef5f3d7bd9,e4975c8cbe40,5,1685245087626,38705,85125148,460,1589704,86671204
79ef5f3d7bd9,e4975c8cbe40,11,1685245088463,38705,85125148,460,1589704,86671204
79ef5f3d7bd9,e4975c8cbe40,39,1685245090126,38840,161725722,460,1589704,86671204
79ef5f3d7bd9,e4975c8cbe40,5,1685245090258,38840,161725722,460,1589704,86671204
79ef5f3d7bd9,e4975c8cbe40,20,1685245099971,38840,161725722,460,1589704,86671204
79ef5f3d7bd9,e4975c8cbe40,2,1685245192792,38840,116447705,460,1589704,86671204
79ef5f3d7bd9,e4975c8cbe40,18,1685245192796,38840,116447705,460,1589704,86671204
79ef5f3d7bd9,e4975c8cbe40,36,1685245192833,38840,116447705,460,1589704,86671204
79ef5f3d7bd9,e4975c8cbe40,34,1685245195294,38840,116521692,460,1589704,86671204
79ef5f3d7bd9,e4975c8cbe40,13,1685245195294,38840,116521692,460,1589704,86671204
79ef5f3d7bd9,e4975c8cbe40,35,1685245200709,38840,116521692,460,1589704,86671204
79ef5f3d7bd9,e4975c8cbe40,11,1685245200709,38840,116521692,460,1589704,86671204
79ef5f3d7bd9,e4975c8cbe40,12,1685245200709,38840,116521692,460,1589704,86671204
79ef5f3d7bd9,e4975c8cbe40,21,1685245209956,38840,116521692,460,1589704,86671204
79ef5f3d7bd9,e4975c8cbe40,11,1685245210104,38840,116521692,460,1589704,86671204
79ef5f3d7bd9,e4975c8cbe40,20,1685245532652,38852,161950242,460,1589704,86671204
79ef5f3d7bd9,e4975c8cbe40,5,1685245536828,38843,161565730,460,1589704,86671204
79ef5f3d7bd9,e4975c8cbe40,36,1685247358447,38843,162066713,460,1589704,86671204
79ef5f3d7bd9,e4975c8cbe40,39,1685247358492,38843,162066713,460,1589704,86671204
79ef5f3d7bd9,e4975c8cbe40,5,1685247361197,38843,162066713,460,1589704,86671204
79ef5f3d7bd9,e4975c8cbe40,20,1685247361201,38843,162066713,460,1589704,86671204
79ef5f3d7bd9,e4975c8cbe40,39,1685247519674,38843,250678361,460,1589704,86671204
79ef5f3d7bd9,e4975c8cbe40,20,1685247587516,38840,161500447,460,1589704,86671204
79ef5f3d7bd9,e4975c8cbe40,5,1685247877412,38839,161986584,460,1589704,86671204
79ef5f3d7bd9,e4975c8cbe40,20,1685247877445,38839,161986584,460,1589704,86671204
79ef5f3d7bd9,e4975c8cbe40,20,1685248175041,38710,116433112,460,1589704,86671204
79ef5f3d7bd9,e4975c8cbe40,2,1685250364772,38841,161605407,460,1589704,86671204
79ef5f3d7bd9,e4975c8cbe40,36,1685250687073,38841,161605407,460,1589704,86671204
79ef5f3d7bd9,e4975c8cbe40,18,1685251046928,38841,161605401,460,1589704,86671204
79ef5f3d7bd9,e4975c8cbe40,14,1685251050908,38841,250696537,460,1589704,86671204
79ef5f3d7bd9,e4975c8cbe40,20,1685251053547,38841,250696537,460,1589704,86671204
79ef5f3d7bd9,e4975c8cbe40,4,1685252019221,38841,84980899,460,1589704,86671204
79ef5f3d7bd9,e4975c8cbe40,2,1685252019722,38841,84980899,460,1589704,86671204
79ef5f3d7bd9,e4975c8cbe40,36,1685252019771,38841,84980899,460,1589704,86671204
79ef5f3d7bd9,e4975c8cbe40,39,1685252019826,38841,84980899,460,1589704,86671204
79ef5f3d7bd9,e4975c8cbe40,39,1685253261870,38841,84980901,460,1589704,86671204
79ef5f3d7bd9,e4975c8cbe40,14,1685253282165,38841,84981155,460,1589704,86671204
79ef5f3d7bd9,e4975c8cbe40,39,1685253282176,38841,84981155,460,1589704,86671204
79ef5f3d7bd9,e4975c8cbe40,14,1685253283445,38841,84980901,460,1589704,86671204
79ef5f3d7bd9,e4975c8cbe40,39,1685253283454,38841,84980901,460,1589704,86671204
79ef5f3d7bd9,e4975c8cbe40,14,1685253293380,38841,250653017,460,1589704,86671204
79ef5f3d7bd9,e4975c8cbe40,39,1685253293393,38841,250653017,460,1589704,86671204
79ef5f3d7bd9,e4975c8cbe40,14,1685253294802,38841,251517273,460,1589704,86671204
79ef5f3d7bd9,e4975c8cbe40,39,1685253294812,38841,251517273,460,1589704,86671204
79ef5f3d7bd9,e4975c8cbe40,34,1685253370121,38841,84980901,460,1589704,86671204
79ef5f3d7bd9,e4975c8cbe40,14,1685253375149,38841,85036185,460,1589704,86671204
79ef5f3d7bd9,e4975c8cbe40,39,1685253375163,38841,85036185,460,1589704,86671204
79ef5f3d7bd9,e4975c8cbe40,7,1685253375365,38841,85036185,460,1589704,86671204
79ef5f3d7bd9,e4975c8cbe40,41,1685253375431,38841,85036185,460,1589704,86671204
79ef5f3d7bd9,e4975c8cbe40,14,1685253377972,38841,251517273,460,1589704,86671204
79ef5f3d7bd9,e4975c8cbe40,14,1685253391663,38841,250653017,460,1589704,86671204
79ef5f3d7bd9,e4975c8cbe40,11,1685253419368,38841,250653017,460,1589704,86671204
79ef5f3d7bd9,e4975c8cbe40,21,1685253419368,38841,250653017,460,1589704,86671204
79ef5f3d7bd9,e4975c8cbe40,8,1685253419480,38841,250653017,460,1589704,86671204
79ef5f3d7bd9,e4975c8cbe40,11,1685253419487,38841,250653017,460,1589704,86671204
79ef5f3d7bd9,e4975c8cbe40,21,1685253419487,38841,250653017,460,1589704,86671204
79ef5f3d7bd9,e4975c8cbe40,20,1685253429602,38841,250653017,460,1589704,86671204
79ef5f3d7bd9,e4975c8cbe40,18,1685253851384,38841,161968420,460,1589704,86671204
79ef5f3d7bd9,e4975c8cbe40,36,1685253851415,38841,161968420,460,1589704,86671204
79ef5f3d7bd9,e4975c8cbe40,39,1685253851460,38841,161968420,460,1589704,86671204
79ef5f3d7bd9,e4975c8cbe40,20,1685253861270,38841,161968420,460,1589704,86671204
79ef5f3d7bd9,e4975c8cbe40,5,1685254609660,38839,84988056,460,1589704,86671204
79ef5f3d7bd9,e4975c8cbe40,2,1685256370524,38841,251588698,460,1589704,86671204
79ef5f3d7bd9,e4975c8cbe40,18,1685256370527,38841,251588698,460,1589704,86671204
79ef5f3d7bd9,e4975c8cbe40,36,1685256370574,38841,251588698,460,1589704,86671204
79ef5f3d7bd9,e4975c8cbe40,18,1685257014882,38841,116851418,460,1589704,86671204
79ef5f3d7bd9,e4975c8cbe40,39,1685257014939,38841,116851418,460,1589704,86671204
79ef5f3d7bd9,e4975c8cbe40,14,1685257029654,38841,116851418,460,1589704,86671204
79ef5f3d7bd9,e4975c8cbe40,39,1685257029661,38841,116851418,460,1589704,86671204
79ef5f3d7bd9,e4975c8cbe40,14,1685257035244,38841,251588952,460,1589704,86671204
79ef5f3d7bd9,e4975c8cbe40,39,1685257035254,38841,251588952,460,1589704,86671204
79ef5f3d7bd9,e4975c8cbe40,4,1685258517576,38841,161540380,460,1589704,86671204
79ef5f3d7bd9,e4975c8cbe40,2,1685258518280,38841,161540380,460,1589704,86671204
79ef5f3d7bd9,e4975c8cbe40,18,1685258518284,38841,161540380,460,1589704,86671204
79ef5f3d7bd9,e4975c8cbe40,36,1685258518317,38841,161540380,460,1589704,86671204
79ef5f3d7bd9,e4975c8cbe40,39,1685258518348,38841,161540380,460,1589704,86671204
79ef5f3d7bd9,e4975c8cbe40,20,1685258537158,38841,161540380,460,1589704,86671204
79ef5f3d7bd9,e4975c8cbe40,2,1685259372554,38841,116851418,460,1589704,86671204
79ef5f3d7bd9,e4975c8cbe40,18,1685259372558,38841,116851418,460,1589704,86671204
79ef5f3d7bd9,e4975c8cbe40,36,1685259372604,38841,116851418,460,1589704,86671204
79ef5f3d7bd9,e4975c8cbe40,39,1685259372689,38841,116851418,460,1589704,86671204
79ef5f3d7bd9,e4975c8cbe40,20,1685259392433,38841,116851418,460,1589704,86671204
79ef5f3d7bd9,e4975c8cbe40,2,1685260177923,38841,251588698,460,1589704,86671204
79ef5f3d7bd9,e4975c8cbe40,18,1685260177928,38841,251588698,460,1589704,86671204
79ef5f3d7bd9,e4975c8cbe40,36,1685260177964,38841,251588698,460,1589704,86671204
79ef5f3d7bd9,e4975c8cbe40,39,1685260177994,38841,251588698,460,1589704,86671204
79ef5f3d7bd9,e4975c8cbe40,20,1685260187590,38841,251588698,460,1589704,86671204
79ef5f3d7bd9,e4975c8cbe40,2,1685262374503,38841,85043615,460,1589704,86671204
79ef5f3d7bd9,e4975c8cbe40,18,1685262374507,38841,85043615,460,1589704,86671204
79ef5f3d7bd9,e4975c8cbe40,36,1685262374538,38841,85043615,460,1589704,86671204
79ef5f3d7bd9,e4975c8cbe40,39,1685262374588,38841,85043615,460,1589704,86671204
79ef5f3d7bd9,e4975c8cbe40,2,1685262525969,38841,85043615,460,1589704,86671204
79ef5f3d7bd9,e4975c8cbe40,2,1685263341037,38841,251588186,460,1589704,86671204
79ef5f3d7bd9,e4975c8cbe40,18,1685263341040,38841,251588186,460,1589704,86671204
79ef5f3d7bd9,e4975c8cbe40,36,1685263341117,38841,251588186,460,1589704,86671204
79ef5f3d7bd9,e4975c8cbe40,39,1685263341167,38841,251588186,460,1589704,86671204
79ef5f3d7bd9,e4975c8cbe40,14,1685263345925,38841,250696543,460,1589704,86671204
79ef5f3d7bd9,e4975c8cbe40,39,1685263345938,38841,250696543,460,1589704,86671204
79ef5f3d7bd9,e4975c8cbe40,5,1685263773737,38709,161549855,460,1589704,86671204
79ef5f3d7bd9,e4975c8cbe40,20,1685263773824,38709,161549855,460,1589704,86671204
79ef5f3d7bd9,e4975c8cbe40,5,1685264420767,38706,250758745,460,1589704,86671204
79ef5f3d7bd9,e4975c8cbe40,2,1685264861954,38706,250759512,460,1589704,86671204
79ef5f3d7bd9,e4975c8cbe40,20,1685264873938,38706,250759512,460,1589704,86671204
79ef5f3d7bd9,e4975c8cbe40,36,1685265377387,38706,250759512,460,1589704,86671204
79ef5f3d7bd9,e4975c8cbe40,20,1685265387333,38706,250759512,460,1589704,86671204
79ef5f3d7bd9,e4975c8cbe40,39,1685266246585,38709,250803044,460,1589704,86671204
79ef5f3d7bd9,e4975c8cbe40,39,1685266312395,38706,250759512,460,1589704,86671204
79ef5f3d7bd9,e4975c8cbe40,8,1685266318517,38706,250759512,460,1589704,86671204
79ef5f3d7bd9,e4975c8cbe40,11,1685266318523,38706,250759512,460,1589704,86671204
79ef5f3d7bd9,e4975c8cbe40,20,1685266329338,38706,250759512,460,1589704,86671204
79ef5f3d7bd9,e4975c8cbe40,18,1685266504557,38706,250759512,460,1589704,86671204
79ef5f3d7bd9,e4975c8cbe40,36,1685266504592,38706,250759512,460,1589704,86671204
79ef5f3d7bd9,e4975c8cbe40,39,1685266504633,38706,250759512,460,1589704,86671204
79ef5f3d7bd9,e4975c8cbe40,20,1685266514528,38706,250759512,460,1589704,86671204
79ef5f3d7bd9,e4975c8cbe40,18,1685268379027,38706,161659678,460,1589704,86671204
79ef5f3d7bd9,e4975c8cbe40,36,1685268379069,38706,161659678,460,1589704,86671204
79ef5f3d7bd9,e4975c8cbe40,39,1685268379122,38706,161659678,460,1589704,86671204
79ef5f3d7bd9,e4975c8cbe40,20,1685268388909,38706,161659678,460,1589704,86671204
79ef5f3d7bd9,e4975c8cbe40,5,1685268756136,38706,250745433,460,1589704,86671204
79ef5f3d7bd9,e4975c8cbe40,20,1685268756215,38706,250745433,460,1589704,86671204
79ef5f3d7bd9,e4975c8cbe40,5,1685268835486,38696,161628190,460,1589704,86671204
79ef5f3d7bd9,e4975c8cbe40,20,1685268835555,38696,161628190,460,1589704,86671204
79ef5f3d7bd9,e4975c8cbe40,5,1685269196451,38842,251527258,460,1589704,86671204
79ef5f3d7bd9,e4975c8cbe40,2,1685269668446,38842,116415192,460,1589704,86671204
79ef5f3d7bd9,e4975c8cbe40,18,1685269668448,38842,116415192,460,1589704,86671204
79ef5f3d7bd9,e4975c8cbe40,36,1685269668501,38842,116415192,460,1589704,86671204
79ef5f3d7bd9,e4975c8cbe40,39,1685269668526,38842,116415192,460,1589704,86671204
79ef5f3d7bd9,e4975c8cbe40,20,1685269678336,38842,116415192,460,1589704,86671204
79ef5f3d7bd9,e4975c8cbe40,18,1685271382878,38842,251504473,460,1589704,86671204
79ef5f3d7bd9,e4975c8cbe40,39,1685271382965,38842,251504473,460,1589704,86671204
79ef5f3d7bd9,e4975c8cbe40,36,1685271804730,38842,116415192,460,1589704,86671204
79ef5f3d7bd9,e4975c8cbe40,39,1685271804766,38842,116415192,460,1589704,86671204
79ef5f3d7bd9,e4975c8cbe40,20,1685271814590,38842,116415192,460,1589704,86671204
79ef5f3d7bd9,e4975c8cbe40,5,1685272329885,38710,250634584,460,1589704,86671204
79ef5f3d7bd9,e4975c8cbe40,20,1685272330005,38710,250634584,460,1589704,86671204
79ef5f3d7bd9,e4975c8cbe40,5,1685272333720,38710,250634584,460,1589704,86671204
79ef5f3d7bd9,e4975c8cbe40,20,1685272333803,38710,250634584,460,1589704,86671204
79ef5f3d7bd9,e4975c8cbe40,2,1685272832996,38842,162108191,460,1589704,86671204
79ef5f3d7bd9,e4975c8cbe40,18,1685272833001,38842,162108191,460,1589704,86671204
79ef5f3d7bd9,e4975c8cbe40,36,1685272833041,38842,162108191,460,1589704,86671204
79ef5f3d7bd9,e4975c8cbe40,20,1685272842927,38842,162108191,460,1589704,86671204
79ef5f3d7bd9,e4975c8cbe40,5,1685274041884,38842,162108191,460,1589704,86671204
79ef5f3d7bd9,e4975c8cbe40,5,1685274065005,38842,162108191,460,1589704,86671204
79ef5f3d7bd9,e4975c8cbe40,20,1685274065121,38842,162108191,460,1589704,86671204
79ef5f3d7bd9,e4975c8cbe40,5,1685274070869,38710,250634584,460,1589704,86671204
79ef5f3d7bd9,e4975c8cbe40,20,1685274070993,38710,250634584,460,1589704,86671204
79ef5f3d7bd9,e4975c8cbe40,5,1685274072840,38842,162108191,460,1589704,86671204
79ef5f3d7bd9,e4975c8cbe40,20,1685274072897,38842,162108191,460,1589704,86671204
79ef5f3d7bd9,e4975c8cbe40,20,1685274114101,38710,250634584,460,1589704,86671204
79ef5f3d7bd9,e4975c8cbe40,5,1685274117884,38710,250634584,460,1589704,86671204
79ef5f3d7bd9,e4975c8cbe40,20,1685274117977,38710,250634584,460,1589704,86671204
79ef5f3d7bd9,e4975c8cbe40,20,1685274123186,38842,116415192,460,1589704,86671204
79ef5f3d7bd9,e4975c8cbe40,5,1685274126885,38842,162108191,460,1589704,86671204
79ef5f3d7bd9,e4975c8cbe40,5,1685274130674,38842,162108191,460,1589704,86671204
79ef5f3d7bd9,e4975c8cbe40,5,1685274134459,38842,116415192,460,1589704,86671204
79ef5f3d7bd9,e4975c8cbe40,20,1685274134541,38842,116415192,460,1589704,86671204
79ef5f3d7bd9,e4975c8cbe40,4,1685274175773,38842,162108191,460,1589704,86671204
79ef5f3d7bd9,e4975c8cbe40,2,1685274176520,38842,162108191,460,1589704,86671204
79ef5f3d7bd9,e4975c8cbe40,18,1685274176523,38842,162108191,460,1589704,86671204
79ef5f3d7bd9,e4975c8cbe40,36,1685274176565,38842,162108191,460,1589704,86671204
79ef5f3d7bd9,e4975c8cbe40,39,1685274176594,38842,162108191,460,1589704,86671204
79ef5f3d7bd9,e4975c8cbe40,39,1685274385704,38842,116415192,460,1589704,86671204
79ef5f3d7bd9,e4975c8cbe40,20,1685274395577,38842,116415192,460,1589704,86671204
79ef5f3d7bd9,e4975c8cbe40,18,1685275996442,38842,250770265,460,1589704,86671204
79ef5f3d7bd9,e4975c8cbe40,36,1685275996485,38842,250770265,460,1589704,86671204
79ef5f3d7bd9,e4975c8cbe40,39,1685275996523,38842,250770265,460,1589704,86671204
79ef5f3d7bd9,e4975c8cbe40,20,1685276006419,38842,250770265,460,1589704,86671204
79ef5f3d7bd9,e4975c8cbe40,18,1685277387450,38842,251530850,460,1589704,86671204
79ef5f3d7bd9,e4975c8cbe40,36,1685277387488,38842,251530850,460,1589704,86671204
79ef5f3d7bd9,e4975c8cbe40,39,1685277387558,38842,251530850,460,1589704,86671204
79ef5f3d7bd9,e4975c8cbe40,14,1685277388878,38842,161560351,460,1589704,86671204
79ef5f3d7bd9,e4975c8cbe40,39,1685277388889,38842,161560351,460,1589704,86671204
79ef5f3d7bd9,e4975c8cbe40,39,1685277392343,38842,85261467,460,1589704,86671204
79ef5f3d7bd9,e4975c8cbe40,39,1685277393802,38842,250770265,460,1589704,86671204
79ef5f3d7bd9,e4975c8cbe40,14,1685277397505,38842,85261467,460,1589704,86671204
79ef5f3d7bd9,e4975c8cbe40,39,1685277397516,38842,85261467,460,1589704,86671204
79ef5f3d7bd9,e4975c8cbe40,39,1685277402934,38842,85261468,460,1589704,86671204
79ef5f3d7bd9,e4975c8cbe40,39,1685277406615,38842,250770265,460,1589704,86671204
79ef5f3d7bd9,e4975c8cbe40,20,1685277416551,38842,250770265,460,1589704,86671204
79ef5f3d7bd9,e4975c8cbe40,2,1685279158458,38842,161607706,460,1589704,86671204
79ef5f3d7bd9,e4975c8cbe40,18,1685279158462,38842,161607706,460,1589704,86671204
79ef5f3d7bd9,e4975c8cbe40,36,1685279158508,38842,161607706,460,1589704,86671204
79ef5f3d7bd9,e4975c8cbe40,20,1685279168365,38842,161607706,460,1589704,86671204
79ef5f3d7bd9,e4975c8cbe40,2,1685280388853,38842,161607706,460,1589704,86671204
79ef5f3d7bd9,e4975c8cbe40,18,1685280388856,38842,161607706,460,1589704,86671204
79ef5f3d7bd9,e4975c8cbe40,36,1685280388888,38842,161607706,460,1589704,86671204
79ef5f3d7bd9,e4975c8cbe40,20,1685280398765,38842,161607706,460,1589704,86671204
79ef5f3d7bd9,e4975c8cbe40,2,1685282320933,38842,161607706,460,1589704,86671204
79ef5f3d7bd9,e4975c8cbe40,18,1685282320936,38842,161607706,460,1589704,86671204
79ef5f3d7bd9,e4975c8cbe40,39,1685282321013,38842,161607706,460,1589704,86671204
79ef5f3d7bd9,e4975c8cbe40,20,1685282330846,38842,161607706,460,1589704,86671204
79ef5f3d7bd9,e4975c8cbe40,2,1685283390026,38842,161607706,460,1589704,86671204
79ef5f3d7bd9,e4975c8cbe40,36,1685283390067,38842,161607706,460,1589704,86671204
79ef5f3d7bd9,e4975c8cbe40,5,1685283393721,38842,161607706,460,1589704,86671204
79ef5f3d7bd9,e4975c8cbe40,20,1685283393726,38842,161607706,460,1589704,86671204
79ef5f3d7bd9,e4975c8cbe40,20,1685283393754,38842,161607706,460,1589704,86671204
79ef5f3d7bd9,e4975c8cbe40,4,1685284246172,38842,161607706,460,1589704,86671204
79ef5f3d7bd9,e4975c8cbe40,18,1685284247561,38842,161607706,460,1589704,86671204
79ef5f3d7bd9,e4975c8cbe40,36,1685284247607,38842,161607706,460,1589704,86671204
79ef5f3d7bd9,e4975c8cbe40,39,1685284247642,38842,161607706,460,1589704,86671204
79ef5f3d7bd9,e4975c8cbe40,20,1685284257476,38842,161607706,460,1589704,86671204
79ef5f3d7bd9,e4975c8cbe40,2,1685285483102,38842,161607706,460,1589704,86671204
79ef5f3d7bd9,e4975c8cbe40,18,1685285483106,38842,161607706,460,1589704,86671204
79ef5f3d7bd9,e4975c8cbe40,36,1685285483152,38842,161607706,460,1589704,86671204
79ef5f3d7bd9,e4975c8cbe40,39,1685285483182,38842,161607706,460,1589704,86671204
79ef5f3d7bd9,e4975c8cbe40,20,1685285493052,38842,161607706,460,1589704,86671204
79ef5f3d7bd9,e4975c8cbe40,18,1685286391073,38842,161607706,460,1589704,86671204
79ef5f3d7bd9,e4975c8cbe40,36,1685286391117,38842,161607706,460,1589704,86671204
79ef5f3d7bd9,e4975c8cbe40,39,1685286391148,38842,161607706,460,1589704,86671204
79ef5f3d7bd9,e4975c8cbe40,2,1685288644791,38842,161607706,460,1589704,86671204
79ef5f3d7bd9,e4975c8cbe40,18,1685288644796,38842,161607706,460,1589704,86671204
79ef5f3d7bd9,e4975c8cbe40,36,1685288644852,38842,161607706,460,1589704,86671204
79ef5f3d7bd9,e4975c8cbe40,39,1685288644882,38842,161607706,460,1589704,86671204
79ef5f3d7bd9,e4975c8cbe40,20,1685288654762,38842,161607706,460,1589704,86671204
79ef5f3d7bd9,e4975c8cbe40,2,1685289392111,38842,161607706,460,1589704,86671204
79ef5f3d7bd9,e4975c8cbe40,18,1685289392114,38842,161607706,460,1589704,86671204
79ef5f3d7bd9,e4975c8cbe40,39,1685289392177,38842,161607706,460,1589704,86671204
79ef5f3d7bd9,e4975c8cbe40,20,1685289402005,38842,161607706,460,1589704,86671204
