7b9946022785,d5d6f99ab77e,5,1685203376302,38824,250947416,460,1522736,35024433
7b9946022785,d5d6f99ab77e,5,1685203381855,38824,250947416,460,1522736,35024433
7b9946022785,d5d6f99ab77e,20,1685203381940,38824,250947416,460,1522736,35024433
7b9946022785,d5d6f99ab77e,5,1685203389631,38824,250947416,460,1522736,35024433
7b9946022785,d5d6f99ab77e,20,1685203389717,38824,250947416,460,1522736,35024433
7b9946022785,d5d6f99ab77e,5,1685203395185,38824,250947416,460,1522736,35024433
7b9946022785,d5d6f99ab77e,20,1685203395270,38824,250947416,460,1522736,35024433
7b9946022785,d5d6f99ab77e,20,1685203968608,38824,250947416,460,1522736,35024433
7b9946022785,d5d6f99ab77e,5,1685203976311,38824,250947416,460,1522736,35024433
7b9946022785,d5d6f99ab77e,5,1685203981851,38824,250947416,460,1522736,35024433
7b9946022785,d5d6f99ab77e,5,1685206314408,38824,250947416,460,1522736,35024433
7b9946022785,d5d6f99ab77e,18,1685209238340,38824,162173213,460,1522736,35024433
7b9946022785,d5d6f99ab77e,36,1685209238410,38824,162173213,460,1522736,35024433
7b9946022785,d5d6f99ab77e,14,1685209239236,38824,250947416,460,1522736,35024433
7b9946022785,d5d6f99ab77e,18,1685209251661,38824,162173213,460,1522736,35024433
7b9946022785,d5d6f99ab77e,36,1685209251731,38824,162173213,460,1522736,35024433
7b9946022785,d5d6f99ab77e,14,1685209252557,38824,250947416,460,1522736,35024433
7b9946022785,d5d6f99ab77e,20,1685209254694,38824,250947416,460,1522736,35024433
7b9946022785,d5d6f99ab77e,5,1685209254696,38824,250947416,460,1522736,35024433
7b9946022785,d5d6f99ab77e,20,1685209254790,38824,250947416,460,1522736,35024433
7b9946022785,d5d6f99ab77e,4,1685210670787,38824,85466012,460,1522736,35024433
7b9946022785,d5d6f99ab77e,2,1685210671981,38824,85466012,460,1522736,35024433
7b9946022785,d5d6f99ab77e,18,1685210671984,38824,85466012,460,1522736,35024433
7b9946022785,d5d6f99ab77e,4,1685210684107,38824,85466012,460,1522736,35024433
7b9946022785,d5d6f99ab77e,2,1685210685301,38824,85466012,460,1522736,35024433
7b9946022785,d5d6f99ab77e,20,1685210685824,38824,85466012,460,1522736,35024433
7b9946022785,d5d6f99ab77e,20,1685210699144,38824,85466012,460,1522736,35024433
7b9946022785,d5d6f99ab77e,2,1685210739861,38824,85466012,460,1522736,35024433
7b9946022785,d5d6f99ab77e,36,1685210739976,38824,85466012,460,1522736,35024433
7b9946022785,d5d6f99ab77e,2,1685210753181,38824,85466012,460,1522736,35024433
7b9946022785,d5d6f99ab77e,18,1685210753195,38824,85466012,460,1522736,35024433
7b9946022785,d5d6f99ab77e,36,1685210753296,38824,85466012,460,1522736,35024433
7b9946022785,d5d6f99ab77e,20,1685210757844,38824,85466012,460,1522736,35024433
7b9946022785,d5d6f99ab77e,20,1685210771164,38824,85466012,460,1522736,35024433
7b9946022785,d5d6f99ab77e,2,1685212175901,38824,85466012,460,1522736,35024433
7b9946022785,d5d6f99ab77e,18,1685212175904,38824,85466012,460,1522736,35024433
7b9946022785,d5d6f99ab77e,36,1685212176001,38824,85466012,460,1522736,35024433
7b9946022785,d5d6f99ab77e,20,1685212179064,38824,250947416,460,1522736,35024433
7b9946022785,d5d6f99ab77e,2,1685212189220,38824,85466012,460,1522736,35024433
7b9946022785,d5d6f99ab77e,18,1685212189223,38824,85466012,460,1522736,35024433
7b9946022785,d5d6f99ab77e,36,1685212189320,38824,85466012,460,1522736,35024433
7b9946022785,d5d6f99ab77e,14,1685212190630,38824,162164504,460,1522736,35024433
7b9946022785,d5d6f99ab77e,14,1685212191583,38824,250947416,460,1522736,35024433
7b9946022785,d5d6f99ab77e,5,1685212192385,38824,250947416,460,1522736,35024433
7b9946022785,d5d6f99ab77e,20,1685212192472,38824,250947416,460,1522736,35024433
7b9946022785,d5d6f99ab77e,2,1685215174814,38824,162173213,460,1522736,35024433
7b9946022785,d5d6f99ab77e,18,1685215174818,38824,162173213,460,1522736,35024433
7b9946022785,d5d6f99ab77e,36,1685215174899,38824,162173213,460,1522736,35024433
7b9946022785,d5d6f99ab77e,2,1685215188135,38824,162173213,460,1522736,35024433
7b9946022785,d5d6f99ab77e,18,1685215188138,38824,162173213,460,1522736,35024433
7b9946022785,d5d6f99ab77e,36,1685215188220,38824,162173213,460,1522736,35024433
7b9946022785,d5d6f99ab77e,14,1685215189006,38824,250947416,460,1522736,35024433
7b9946022785,d5d6f99ab77e,20,1685215189171,38824,250947416,460,1522736,35024433
7b9946022785,d5d6f99ab77e,2,1685217399771,38824,250947416,460,1522736,35024433
7b9946022785,d5d6f99ab77e,2,1685217413094,38824,250947416,460,1522736,35024433
7b9946022785,d5d6f99ab77e,36,1685217413167,38824,250947416,460,1522736,35024433
7b9946022785,d5d6f99ab77e,20,1685217419165,38824,250947416,460,1522736,35024433
7b9946022785,d5d6f99ab77e,20,1685217432488,38824,250947416,460,1522736,35024433
7b9946022785,d5d6f99ab77e,2,1685218171824,38824,162173213,460,1522736,35024433
7b9946022785,d5d6f99ab77e,14,1685218173149,38824,162164504,460,1522736,35024433
7b9946022785,d5d6f99ab77e,5,1685218180092,38824,162164504,460,1522736,35024433
7b9946022785,d5d6f99ab77e,2,1685218185148,38824,162173213,460,1522736,35024433
7b9946022785,d5d6f99ab77e,18,1685218185153,38824,162173213,460,1522736,35024433
7b9946022785,d5d6f99ab77e,36,1685218185283,38824,162173213,460,1522736,35024433
7b9946022785,d5d6f99ab77e,14,1685218186474,38824,162164504,460,1522736,35024433
7b9946022785,d5d6f99ab77e,5,1685218193417,38824,162164504,460,1522736,35024433
7b9946022785,d5d6f99ab77e,2,1685220742753,38824,162173213,460,1522736,35024433
7b9946022785,d5d6f99ab77e,18,1685220742757,38824,162173213,460,1522736,35024433
7b9946022785,d5d6f99ab77e,36,1685220742829,38824,162173213,460,1522736,35024433
7b9946022785,d5d6f99ab77e,14,1685220752019,38824,162164504,460,1522736,35024433
7b9946022785,d5d6f99ab77e,18,1685220756086,38824,162173213,460,1522736,35024433
7b9946022785,d5d6f99ab77e,14,1685220757492,38824,250947416,460,1522736,35024433
7b9946022785,d5d6f99ab77e,20,1685220762566,38824,250947416,460,1522736,35024433
7b9946022785,d5d6f99ab77e,14,1685220765348,38824,162164504,460,1522736,35024433
7b9946022785,d5d6f99ab77e,14,1685220770821,38824,250947416,460,1522736,35024433
7b9946022785,d5d6f99ab77e,36,1685221169833,38824,250947416,460,1522736,35024433
7b9946022785,d5d6f99ab77e,2,1685221183080,38824,250947416,460,1522736,35024433
7b9946022785,d5d6f99ab77e,36,1685221183164,38824,250947416,460,1522736,35024433
7b9946022785,d5d6f99ab77e,20,1685221202489,38824,250947416,460,1522736,35024433
7b9946022785,d5d6f99ab77e,4,1685222586624,38824,250947416,460,1522736,35024433
7b9946022785,d5d6f99ab77e,2,1685222587655,38824,250947416,460,1522736,35024433
7b9946022785,d5d6f99ab77e,36,1685222587725,38824,250947416,460,1522736,35024433
7b9946022785,d5d6f99ab77e,2,1685224137742,38824,250947416,460,1522736,35024433
7b9946022785,d5d6f99ab77e,2,1685224151078,38824,250947416,460,1522736,35024433
7b9946022785,d5d6f99ab77e,36,1685224151150,38824,250947416,460,1522736,35024433
7b9946022785,d5d6f99ab77e,20,1685224170504,38824,250947416,460,1522736,35024433
7b9946022785,d5d6f99ab77e,2,1685227149052,38824,250947416,460,1522736,35024433
7b9946022785,d5d6f99ab77e,36,1685227149132,38824,250947416,460,1522736,35024433
7b9946022785,d5d6f99ab77e,20,1685227168507,38824,250947416,460,1522736,35024433
7b9946022785,d5d6f99ab77e,36,1685227612766,38824,250947416,460,1522736,35024433
7b9946022785,d5d6f99ab77e,2,1685227626034,38824,250947416,460,1522736,35024433
7b9946022785,d5d6f99ab77e,36,1685227626108,38824,250947416,460,1522736,35024433
7b9946022785,d5d6f99ab77e,2,1685230137030,38824,85466012,460,1522736,35024433
7b9946022785,d5d6f99ab77e,18,1685230137035,38824,85466012,460,1522736,35024433
7b9946022785,d5d6f99ab77e,36,1685230137200,38824,85466012,460,1522736,35024433
7b9946022785,d5d6f99ab77e,14,1685230138269,38824,162173210,460,1522736,35024433
7b9946022785,d5d6f99ab77e,2,1685230150375,38824,85466012,460,1522736,35024433
7b9946022785,d5d6f99ab77e,18,1685230150380,38824,85466012,460,1522736,35024433
7b9946022785,d5d6f99ab77e,14,1685230151614,38824,162173210,460,1522736,35024433
7b9946022785,d5d6f99ab77e,20,1685230156478,38824,162173210,460,1522736,35024433
7b9946022785,d5d6f99ab77e,20,1685230169823,38824,162173210,460,1522736,35024433
7b9946022785,d5d6f99ab77e,2,1685230788224,38824,250947416,460,1522736,35024433
7b9946022785,d5d6f99ab77e,20,1685230793168,38824,250947416,460,1522736,35024433
7b9946022785,d5d6f99ab77e,20,1685230806514,38824,250947416,460,1522736,35024433
7b9946022785,d5d6f99ab77e,2,1685233138155,38824,85466012,460,1522736,35024433
7b9946022785,d5d6f99ab77e,36,1685233138286,38824,85466012,460,1522736,35024433
7b9946022785,d5d6f99ab77e,14,1685233139419,38824,162173210,460,1522736,35024433
7b9946022785,d5d6f99ab77e,4,1685233840652,38824,250947416,460,1522736,35024433
7b9946022785,d5d6f99ab77e,20,1685233841168,38824,250947416,460,1522736,35024433
7b9946022785,d5d6f99ab77e,2,1685233841465,38824,250947416,460,1522736,35024433
7b9946022785,d5d6f99ab77e,36,1685233841554,38824,250947416,460,1522736,35024433
7b9946022785,d5d6f99ab77e,20,1685233854512,38824,250947416,460,1522736,35024433
7b9946022785,d5d6f99ab77e,5,1685233919151,38824,250947416,460,1522736,35024433
7b9946022785,d5d6f99ab77e,5,1685233932495,38824,250947416,460,1522736,35024433
7b9946022785,d5d6f99ab77e,20,1685233932594,38824,250947416,460,1522736,35024433
7b9946022785,d5d6f99ab77e,2,1685233936487,38824,250947416,460,1522736,35024433
7b9946022785,d5d6f99ab77e,2,1685233949831,38824,250947416,460,1522736,35024433
7b9946022785,d5d6f99ab77e,20,1685233955168,38824,250947416,460,1522736,35024433
7b9946022785,d5d6f99ab77e,20,1685233968513,38824,250947416,460,1522736,35024433
7b9946022785,d5d6f99ab77e,5,1685235974696,38824,85481372,460,1522736,35024433
7b9946022785,d5d6f99ab77e,2,1685237402875,38824,162209310,460,1522736,35024433
7b9946022785,d5d6f99ab77e,36,1685237402926,38824,162209310,460,1522736,35024433
7b9946022785,d5d6f99ab77e,5,1685237409951,38824,162209310,460,1522736,35024433
7b9946022785,d5d6f99ab77e,20,1685237409989,38824,162209310,460,1522736,35024433
7b9946022785,d5d6f99ab77e,14,1685237698186,38824,250949977,460,1522736,35024433
7b9946022785,d5d6f99ab77e,20,1685237698668,38824,250949977,460,1522736,35024433
7b9946022785,d5d6f99ab77e,18,1685238883495,38824,162193700,460,1522736,35024433
7b9946022785,d5d6f99ab77e,14,1685238886071,38824,250971226,460,1522736,35024433
7b9946022785,d5d6f99ab77e,14,1685238887845,38824,116827352,460,1522736,35024433
7b9946022785,d5d6f99ab77e,20,1685238891893,38824,116827352,460,1522736,35024433
7b9946022785,d5d6f99ab77e,2,1685239168792,38824,162193700,460,1522736,35024433
7b9946022785,d5d6f99ab77e,36,1685239168843,38824,162193700,460,1522736,35024433
7b9946022785,d5d6f99ab77e,5,1685239171052,38824,162193700,460,1522736,35024433
7b9946022785,d5d6f99ab77e,20,1685239171094,38824,162193700,460,1522736,35024433
7b9946022785,d5d6f99ab77e,5,1685239681825,38827,250942809,460,1522736,35024433
7b9946022785,d5d6f99ab77e,20,1685239681875,38827,250942809,460,1522736,35024433
7b9946022785,d5d6f99ab77e,5,1685239698949,38824,250988124,460,1522736,35024433
7b9946022785,d5d6f99ab77e,5,1685239752301,38827,116847581,460,1522736,35024433
7b9946022785,d5d6f99ab77e,5,1685239762719,38824,250988125,460,1522736,35024433
7b9946022785,d5d6f99ab77e,5,1685239766580,38827,162172953,460,1522736,35024433
7b9946022785,d5d6f99ab77e,5,1685240218799,38824,162240025,460,1522736,35024433
7b9946022785,d5d6f99ab77e,5,1685240222560,38827,85460377,460,1522736,35024433
7b9946022785,d5d6f99ab77e,20,1685240222616,38827,85460377,460,1522736,35024433
7b9946022785,d5d6f99ab77e,5,1685240258272,38824,250964313,460,1522736,35024433
7b9946022785,d5d6f99ab77e,5,1685240287783,38824,162258456,460,1522736,35024433
7b9946022785,d5d6f99ab77e,5,1685240294128,38824,162258456,460,1522736,35024433
7b9946022785,d5d6f99ab77e,5,1685240303299,38824,162258456,460,1522736,35024433
7b9946022785,d5d6f99ab77e,20,1685240303338,38824,162258456,460,1522736,35024433
7b9946022785,d5d6f99ab77e,5,1685240305930,38827,250973280,460,1522736,35024433
7b9946022785,d5d6f99ab77e,5,1685240324749,38827,162169885,460,1522736,35024433
7b9946022785,d5d6f99ab77e,20,1685240423457,38824,162240025,460,1522736,35024433
7b9946022785,d5d6f99ab77e,20,1685240425838,38827,116836570,460,1522736,35024433
7b9946022785,d5d6f99ab77e,5,1685240559358,38824,162241048,460,1522736,35024433
7b9946022785,d5d6f99ab77e,20,1685240559426,38824,162241048,460,1522736,35024433
7b9946022785,d5d6f99ab77e,5,1685240586409,38827,85461408,460,1522736,35024433
7b9946022785,d5d6f99ab77e,20,1685240586451,38827,85461408,460,1522736,35024433
7b9946022785,d5d6f99ab77e,5,1685240626941,38824,162185761,460,1522736,35024433
7b9946022785,d5d6f99ab77e,20,1685240627025,38824,162185761,460,1522736,35024433
7b9946022785,d5d6f99ab77e,5,1685240695539,38827,162186008,460,1522736,35024433
7b9946022785,d5d6f99ab77e,18,1685241094906,38827,250968666,460,1522736,35024433
7b9946022785,d5d6f99ab77e,18,1685241101333,38827,250968666,460,1522736,35024433
7b9946022785,d5d6f99ab77e,5,1685241103572,38827,250968666,460,1522736,35024433
7b9946022785,d5d6f99ab77e,20,1685241103577,38827,250968666,460,1522736,35024433
7b9946022785,d5d6f99ab77e,20,1685241103609,38827,250968666,460,1522736,35024433
7b9946022785,d5d6f99ab77e,5,1685241488450,38824,162241049,460,1522736,35024433
7b9946022785,d5d6f99ab77e,20,1685241488512,38824,162241049,460,1522736,35024433
7b9946022785,d5d6f99ab77e,5,1685241492370,38827,117135321,460,1522736,35024433
7b9946022785,d5d6f99ab77e,5,1685241496038,38824,162240025,460,1522736,35024433
7b9946022785,d5d6f99ab77e,20,1685241496086,38824,162240025,460,1522736,35024433
7b9946022785,d5d6f99ab77e,5,1685241498690,38827,117135321,460,1522736,35024433
7b9946022785,d5d6f99ab77e,5,1685241506390,38827,117135321,460,1522736,35024433
7b9946022785,d5d6f99ab77e,5,1685241671350,38827,117135321,460,1522736,35024433
7b9946022785,d5d6f99ab77e,5,1685241713540,38824,162185761,460,1522736,35024433
7b9946022785,d5d6f99ab77e,5,1685241730110,38827,117135321,460,1522736,35024433
7b9946022785,d5d6f99ab77e,20,1685241730178,38827,117135321,460,1522736,35024433
7b9946022785,d5d6f99ab77e,5,1685241734383,38824,162258456,460,1522736,35024433
7b9946022785,d5d6f99ab77e,20,1685241734452,38824,162258456,460,1522736,35024433
7b9946022785,d5d6f99ab77e,5,1685241758270,38827,117135321,460,1522736,35024433
7b9946022785,d5d6f99ab77e,5,1685241762248,38824,162240025,460,1522736,35024433
7b9946022785,d5d6f99ab77e,5,1685241764670,38827,117135321,460,1522736,35024433
7b9946022785,d5d6f99ab77e,5,1685241800792,38827,250968666,460,1522736,35024433
7b9946022785,d5d6f99ab77e,20,1685241800847,38827,250968666,460,1522736,35024433
7b9946022785,d5d6f99ab77e,2,1685241819875,38827,162199073,460,1522736,35024433
7b9946022785,d5d6f99ab77e,36,1685241819939,38827,162199073,460,1522736,35024433
7b9946022785,d5d6f99ab77e,16,1685241820595,38827,162199073,460,1522736,35024433
7b9946022785,d5d6f99ab77e,15,1685241820598,38827,117135321,460,1522736,35024433
7b9946022785,d5d6f99ab77e,18,1685241826152,38827,117135321,460,1522736,35024433
7b9946022785,d5d6f99ab77e,36,1685241826207,38827,117135321,460,1522736,35024433
7b9946022785,d5d6f99ab77e,20,1685241828415,38827,117135321,460,1522736,35024433
7b9946022785,d5d6f99ab77e,20,1685241828447,38827,117135321,460,1522736,35024433
7b9946022785,d5d6f99ab77e,5,1685241935113,38824,162240025,460,1522736,35024433
7b9946022785,d5d6f99ab77e,20,1685241935161,38824,162240025,460,1522736,35024433
7b9946022785,d5d6f99ab77e,20,1685241942097,38824,162258457,460,1522736,35024433
7b9946022785,d5d6f99ab77e,5,1685242018336,38827,250984793,460,1522736,35024433
7b9946022785,d5d6f99ab77e,20,1685242018388,38827,250984793,460,1522736,35024433
7b9946022785,d5d6f99ab77e,5,1685242021399,38824,162235418,460,1522736,35024433
7b9946022785,d5d6f99ab77e,20,1685242033503,38827,162182681,460,1522736,35024433
7b9946022785,d5d6f99ab77e,20,1685242117194,38824,116827352,460,1522736,35024433
7b9946022785,d5d6f99ab77e,18,1685244603531,38824,162265632,460,1522736,35024433
7b9946022785,d5d6f99ab77e,36,1685244603581,38824,162265632,460,1522736,35024433
7b9946022785,d5d6f99ab77e,3,1685244606798,38824,162265632,460,1522736,35024433
7b9946022785,d5d6f99ab77e,19,1685244606801,38824,162265632,460,1522736,35024433
7b9946022785,d5d6f99ab77e,20,1685244606817,38824,162265632,460,1522736,35024433
7b9946022785,d5d6f99ab77e,5,1685244607008,38824,162265632,460,1522736,35024433
7b9946022785,d5d6f99ab77e,20,1685244607063,38824,162265632,460,1522736,35024433
7b9946022785,d5d6f99ab77e,18,1685244637907,38824,116827354,460,1522736,35024433
7b9946022785,d5d6f99ab77e,36,1685244637951,38824,116827354,460,1522736,35024433
7b9946022785,d5d6f99ab77e,2,1685244644802,38824,116827354,460,1522736,35024433
7b9946022785,d5d6f99ab77e,36,1685244644845,38824,116827354,460,1522736,35024433
7b9946022785,d5d6f99ab77e,20,1685244647057,38824,116827354,460,1522736,35024433
7b9946022785,d5d6f99ab77e,4,1685244693874,38824,116827354,460,1522736,35024433
7b9946022785,d5d6f99ab77e,2,1685244695233,38824,116827354,460,1522736,35024433
7b9946022785,d5d6f99ab77e,18,1685244695237,38824,116827354,460,1522736,35024433
7b9946022785,d5d6f99ab77e,20,1685244697799,38824,116827354,460,1522736,35024433
7b9946022785,d5d6f99ab77e,20,1685244734498,38824,116827354,460,1522736,35024433
7b9946022785,d5d6f99ab77e,2,1685244737163,38824,116827354,460,1522736,35024433
7b9946022785,d5d6f99ab77e,18,1685244737168,38824,116827354,460,1522736,35024433
7b9946022785,d5d6f99ab77e,5,1685244739434,38824,116827354,460,1522736,35024433
7b9946022785,d5d6f99ab77e,2,1685247729598,38824,250947416,460,1522736,35024433
7b9946022785,d5d6f99ab77e,20,1685247735524,38824,250947416,460,1522736,35024433
7b9946022785,d5d6f99ab77e,20,1685248289132,38824,250947416,460,1522736,35024433
7b9946022785,d5d6f99ab77e,18,1685248474978,38824,250947416,460,1522736,35024433
7b9946022785,d5d6f99ab77e,36,1685248475016,38824,250947416,460,1522736,35024433
7b9946022785,d5d6f99ab77e,5,1685248478307,38824,250947416,460,1522736,35024433
7b9946022785,d5d6f99ab77e,20,1685248478311,38824,250947416,460,1522736,35024433
7b9946022785,d5d6f99ab77e,2,1685250730026,38824,162173213,460,1522736,35024433
7b9946022785,d5d6f99ab77e,14,1685250731157,38824,250947416,460,1522736,35024433
7b9946022785,d5d6f99ab77e,5,1685250732955,38824,250947416,460,1522736,35024433
7b9946022785,d5d6f99ab77e,20,1685250732958,38824,250947416,460,1522736,35024433
7b9946022785,d5d6f99ab77e,2,1685251724526,38824,250947416,460,1522736,35024433
7b9946022785,d5d6f99ab77e,18,1685251724529,38824,250947416,460,1522736,35024433
7b9946022785,d5d6f99ab77e,36,1685251724581,38824,250947416,460,1522736,35024433
7b9946022785,d5d6f99ab77e,20,1685251737145,38824,250947416,460,1522736,35024433
7b9946022785,d5d6f99ab77e,36,1685251896891,38824,250947416,460,1522736,35024433
7b9946022785,d5d6f99ab77e,5,1685251899117,38824,250947416,460,1522736,35024433
7b9946022785,d5d6f99ab77e,20,1685251899158,38824,250947416,460,1522736,35024433
7b9946022785,d5d6f99ab77e,18,1685253726520,38824,250947416,460,1522736,35024433
7b9946022785,d5d6f99ab77e,36,1685253726571,38824,250947416,460,1522736,35024433
7b9946022785,d5d6f99ab77e,36,1685254925555,38824,162173213,460,1522736,35024433
7b9946022785,d5d6f99ab77e,14,1685254926985,38824,162147865,460,1522736,35024433
7b9946022785,d5d6f99ab77e,5,1685254927855,38824,162147865,460,1522736,35024433
7b9946022785,d5d6f99ab77e,20,1685254927858,38824,162147865,460,1522736,35024433
7b9946022785,d5d6f99ab77e,18,1685254931060,38824,162173210,460,1522736,35024433
7b9946022785,d5d6f99ab77e,36,1685254931110,38824,162173210,460,1522736,35024433
7b9946022785,d5d6f99ab77e,20,1685254933419,38824,162173210,460,1522736,35024433
7b9946022785,d5d6f99ab77e,4,1685255894167,38824,250947416,460,1522736,35024433
7b9946022785,d5d6f99ab77e,36,1685255895290,38824,250947416,460,1522736,35024433
7b9946022785,d5d6f99ab77e,20,1685255909129,38824,250947416,460,1522736,35024433
7b9946022785,d5d6f99ab77e,2,1685256595492,38824,250947416,460,1522736,35024433
7b9946022785,d5d6f99ab77e,36,1685256595549,38824,250947416,460,1522736,35024433
7b9946022785,d5d6f99ab77e,14,1685258553406,38824,250947416,460,1522736,35024433
7b9946022785,d5d6f99ab77e,5,1685258560661,38824,250947416,460,1522736,35024433
7b9946022785,d5d6f99ab77e,20,1685258560703,38824,250947416,460,1522736,35024433
7b9946022785,d5d6f99ab77e,36,1685259592510,38824,250947416,460,1522736,35024433
7b9946022785,d5d6f99ab77e,20,1685259605133,38824,250947416,460,1522736,35024433
7b9946022785,d5d6f99ab77e,2,1685259997533,38824,250947416,460,1522736,35024433
7b9946022785,d5d6f99ab77e,18,1685259997535,38824,250947416,460,1522736,35024433
7b9946022785,d5d6f99ab77e,36,1685259997575,38824,250947416,460,1522736,35024433
7b9946022785,d5d6f99ab77e,20,1685259999797,38824,250947416,460,1522736,35024433
7b9946022785,d5d6f99ab77e,2,1685261818436,38824,250947416,460,1522736,35024433
7b9946022785,d5d6f99ab77e,20,1685261837126,38824,250947416,460,1522736,35024433
7b9946022785,d5d6f99ab77e,18,1685262590447,38824,250947416,460,1522736,35024433
7b9946022785,d5d6f99ab77e,18,1685262993631,38824,162173213,460,1522736,35024433
7b9946022785,d5d6f99ab77e,36,1685262993683,38824,162173213,460,1522736,35024433
7b9946022785,d5d6f99ab77e,2,1685265426480,38824,250947416,460,1522736,35024433
7b9946022785,d5d6f99ab77e,18,1685265426484,38824,250947416,460,1522736,35024433
7b9946022785,d5d6f99ab77e,36,1685265426555,38824,250947416,460,1522736,35024433
7b9946022785,d5d6f99ab77e,14,1685265427592,38824,162164504,460,1522736,35024433
7b9946022785,d5d6f99ab77e,14,1685265434052,38824,250947416,460,1522736,35024433
7b9946022785,d5d6f99ab77e,20,1685265441098,38824,250947416,460,1522736,35024433
7b9946022785,d5d6f99ab77e,36,1685265587465,38824,250947416,460,1522736,35024433
7b9946022785,d5d6f99ab77e,20,1685265601426,38824,162164504,460,1522736,35024433
7b9946022785,d5d6f99ab77e,4,1685268572372,38824,162164504,460,1522736,35024433
7b9946022785,d5d6f99ab77e,18,1685268572716,38824,162164504,460,1522736,35024433
7b9946022785,d5d6f99ab77e,36,1685268572766,38824,162164504,460,1522736,35024433
7b9946022785,d5d6f99ab77e,14,1685268577361,38824,162173213,460,1522736,35024433
7b9946022785,d5d6f99ab77e,5,1685268582281,38824,162173210,460,1522736,35024433
7b9946022785,d5d6f99ab77e,18,1685268588455,38824,162173210,460,1522736,35024433
7b9946022785,d5d6f99ab77e,36,1685268588500,38824,162173210,460,1522736,35024433
7b9946022785,d5d6f99ab77e,5,1685268591481,38824,162173210,460,1522736,35024433
7b9946022785,d5d6f99ab77e,20,1685268591486,38824,162173210,460,1522736,35024433
7b9946022785,d5d6f99ab77e,2,1685268594371,38824,162173210,460,1522736,35024433
7b9946022785,d5d6f99ab77e,18,1685268594375,38824,162173210,460,1522736,35024433
7b9946022785,d5d6f99ab77e,5,1685268596631,38824,162173210,460,1522736,35024433
7b9946022785,d5d6f99ab77e,20,1685268596668,38824,162173210,460,1522736,35024433
7b9946022785,d5d6f99ab77e,2,1685271500132,38824,250947416,460,1522736,35024433
7b9946022785,d5d6f99ab77e,18,1685271500136,38824,250947416,460,1522736,35024433
7b9946022785,d5d6f99ab77e,36,1685271500209,38824,250947416,460,1522736,35024433
7b9946022785,d5d6f99ab77e,20,1685271503040,38824,250947416,460,1522736,35024433
7b9946022785,d5d6f99ab77e,5,1685271508270,38824,250947416,460,1522736,35024433
7b9946022785,d5d6f99ab77e,20,1685271508310,38824,250947416,460,1522736,35024433
7b9946022785,d5d6f99ab77e,2,1685272248893,38824,162138136,460,1522736,35024433
7b9946022785,d5d6f99ab77e,36,1685272248957,38824,162138136,460,1522736,35024433
7b9946022785,d5d6f99ab77e,20,1685272253176,38824,162138136,460,1522736,35024433
7b9946022785,d5d6f99ab77e,5,1685272278137,38824,162138136,460,1522736,35024433
7b9946022785,d5d6f99ab77e,20,1685272278180,38824,162138136,460,1522736,35024433
7b9946022785,d5d6f99ab77e,18,1685272281336,38824,162138136,460,1522736,35024433
7b9946022785,d5d6f99ab77e,36,1685272281381,38824,162138136,460,1522736,35024433
7b9946022785,d5d6f99ab77e,5,1685272283637,38824,162138136,460,1522736,35024433
7b9946022785,d5d6f99ab77e,20,1685272283639,38824,162138136,460,1522736,35024433
7b9946022785,d5d6f99ab77e,5,1685273656719,38824,85466009,460,1522736,35024433
7b9946022785,d5d6f99ab77e,31,1685273657009,38824,85466009,460,1522736,35024433
7b9946022785,d5d6f99ab77e,20,1685273657319,38824,85466009,460,1522736,35024433
7b9946022785,d5d6f99ab77e,18,1685274498422,38824,162173213,460,1522736,35024433
7b9946022785,d5d6f99ab77e,36,1685274498493,38824,162173213,460,1522736,35024433
7b9946022785,d5d6f99ab77e,14,1685274499459,38824,250947416,460,1522736,35024433
7b9946022785,d5d6f99ab77e,20,1685274501474,38824,250947416,460,1522736,35024433
7b9946022785,d5d6f99ab77e,20,1685274501559,38824,250947416,460,1522736,35024433
7b9946022785,d5d6f99ab77e,2,1685274511760,38824,162173213,460,1522736,35024433
7b9946022785,d5d6f99ab77e,18,1685274511764,38824,162173213,460,1522736,35024433
7b9946022785,d5d6f99ab77e,36,1685274511836,38824,162173213,460,1522736,35024433
7b9946022785,d5d6f99ab77e,14,1685274512801,38824,250947416,460,1522736,35024433
7b9946022785,d5d6f99ab77e,20,1685274514817,38824,250947416,460,1522736,35024433
7b9946022785,d5d6f99ab77e,2,1685277495398,38824,162173213,460,1522736,35024433
7b9946022785,d5d6f99ab77e,18,1685277495402,38824,162173213,460,1522736,35024433
7b9946022785,d5d6f99ab77e,36,1685277495473,38824,162173213,460,1522736,35024433
7b9946022785,d5d6f99ab77e,2,1685277508738,38824,162173213,460,1522736,35024433
7b9946022785,d5d6f99ab77e,36,1685277508812,38824,162173213,460,1522736,35024433
7b9946022785,d5d6f99ab77e,20,1685277514472,38824,162173213,460,1522736,35024433
7b9946022785,d5d6f99ab77e,2,1685279216472,38824,162173213,460,1522736,35024433
7b9946022785,d5d6f99ab77e,18,1685279216476,38824,162173213,460,1522736,35024433
7b9946022785,d5d6f99ab77e,36,1685279216662,38824,162173213,460,1522736,35024433
7b9946022785,d5d6f99ab77e,14,1685279217426,38824,250947416,460,1522736,35024433
7b9946022785,d5d6f99ab77e,18,1685279229815,38824,162173213,460,1522736,35024433
7b9946022785,d5d6f99ab77e,14,1685279230765,38824,250947416,460,1522736,35024433
7b9946022785,d5d6f99ab77e,20,1685279231143,38824,250947416,460,1522736,35024433
7b9946022785,d5d6f99ab77e,20,1685279244481,38824,250947416,460,1522736,35024433
7b9946022785,d5d6f99ab77e,5,1685280367793,38824,250947416,460,1522736,35024433
7b9946022785,d5d6f99ab77e,20,1685280367881,38824,250947416,460,1522736,35024433
7b9946022785,d5d6f99ab77e,4,1685282682131,38824,162173213,460,1522736,35024433
7b9946022785,d5d6f99ab77e,2,1685282682816,38824,162173213,460,1522736,35024433
7b9946022785,d5d6f99ab77e,18,1685282682821,38824,162173213,460,1522736,35024433
7b9946022785,d5d6f99ab77e,36,1685282682896,38824,162173213,460,1522736,35024433
7b9946022785,d5d6f99ab77e,14,1685282686017,38824,162173210,460,1522736,35024433
7b9946022785,d5d6f99ab77e,4,1685282695469,38824,162173213,460,1522736,35024433
7b9946022785,d5d6f99ab77e,2,1685282696154,38824,162173213,460,1522736,35024433
7b9946022785,d5d6f99ab77e,18,1685282696159,38824,162173213,460,1522736,35024433
7b9946022785,d5d6f99ab77e,36,1685282696234,38824,162173213,460,1522736,35024433
7b9946022785,d5d6f99ab77e,14,1685282697971,38824,162164504,460,1522736,35024433
7b9946022785,d5d6f99ab77e,20,1685282704462,38824,162173210,460,1522736,35024433
7b9946022785,d5d6f99ab77e,20,1685282717800,38824,162173210,460,1522736,35024433
7b9946022785,d5d6f99ab77e,2,1685283234484,38824,250947416,460,1522736,35024433
7b9946022785,d5d6f99ab77e,36,1685283234555,38824,250947416,460,1522736,35024433
7b9946022785,d5d6f99ab77e,20,1685283247148,38824,250947416,460,1522736,35024433
7b9946022785,d5d6f99ab77e,2,1685283247822,38824,250947416,460,1522736,35024433
7b9946022785,d5d6f99ab77e,2,1685283288034,38824,250947416,460,1522736,35024433
7b9946022785,d5d6f99ab77e,36,1685283288111,38824,250947416,460,1522736,35024433
7b9946022785,d5d6f99ab77e,20,1685283301148,38824,250947416,460,1522736,35024433
7b9946022785,d5d6f99ab77e,2,1685283301372,38824,250947416,460,1522736,35024433
7b9946022785,d5d6f99ab77e,36,1685283301450,38824,250947416,460,1522736,35024433
7b9946022785,d5d6f99ab77e,20,1685283314487,38824,250947416,460,1522736,35024433
7b9946022785,d5d6f99ab77e,5,1685283806722,38824,250947416,460,1522736,35024433
7b9946022785,d5d6f99ab77e,20,1685283806820,38824,250947416,460,1522736,35024433
7b9946022785,d5d6f99ab77e,5,1685283820061,38824,250947416,460,1522736,35024433
7b9946022785,d5d6f99ab77e,20,1685283820159,38824,250947416,460,1522736,35024433
7b9946022785,d5d6f99ab77e,2,1685286040296,38824,162173213,460,1522736,35024433
7b9946022785,d5d6f99ab77e,18,1685286040301,38824,162173213,460,1522736,35024433
7b9946022785,d5d6f99ab77e,14,1685286041432,38824,162164504,460,1522736,35024433
7b9946022785,d5d6f99ab77e,20,1685286051450,38824,162164504,460,1522736,35024433
7b9946022785,d5d6f99ab77e,2,1685286053637,38824,162173213,460,1522736,35024433
7b9946022785,d5d6f99ab77e,36,1685286053712,38824,162173213,460,1522736,35024433
7b9946022785,d5d6f99ab77e,14,1685286054773,38824,162164504,460,1522736,35024433
7b9946022785,d5d6f99ab77e,20,1685286064791,38824,162164504,460,1522736,35024433
7b9946022785,d5d6f99ab77e,36,1685286245721,38824,250947416,460,1522736,35024433
7b9946022785,d5d6f99ab77e,5,1685286252836,38824,250947416,460,1522736,35024433
7b9946022785,d5d6f99ab77e,20,1685286252919,38824,250947416,460,1522736,35024433
