84f36b30d0e0,d3de662ef16b,18,1685205987977,38793,162744091,460,1390979,86542803
84f36b30d0e0,d3de662ef16b,2,1685206001299,38793,162744091,460,1390979,86542803
84f36b30d0e0,d3de662ef16b,18,1685206001304,38793,162744091,460,1390979,86542803
84f36b30d0e0,d3de662ef16b,20,1685206017788,38793,162744091,460,1390979,86542803
84f36b30d0e0,d3de662ef16b,2,1685208991765,38793,163533592,460,1390979,86542803
84f36b30d0e0,d3de662ef16b,14,1685208993148,38793,162744088,460,1390979,86542803
84f36b30d0e0,d3de662ef16b,20,1685209003295,38793,162744088,460,1390979,86542803
84f36b30d0e0,d3de662ef16b,2,1685209005087,38793,163533592,460,1390979,86542803
84f36b30d0e0,d3de662ef16b,20,1685209016617,38793,162744088,460,1390979,86542803
84f36b30d0e0,d3de662ef16b,2,1685210455470,38793,163533592,460,1390979,86542803
84f36b30d0e0,d3de662ef16b,14,1685210456896,38793,162744088,460,1390979,86542803
84f36b30d0e0,d3de662ef16b,20,1685210467302,38793,162744088,460,1390979,86542803
84f36b30d0e0,d3de662ef16b,14,1685210470216,38793,162744088,460,1390979,86542803
84f36b30d0e0,d3de662ef16b,2,1685210666972,38793,162744088,460,1390979,86542803
84f36b30d0e0,d3de662ef16b,18,1685210666977,38793,162744088,460,1390979,86542803
84f36b30d0e0,d3de662ef16b,2,1685210680291,38793,162744088,460,1390979,86542803
84f36b30d0e0,d3de662ef16b,18,1685210680297,38793,162744088,460,1390979,86542803
84f36b30d0e0,d3de662ef16b,20,1685210683294,38793,162744088,460,1390979,86542803
84f36b30d0e0,d3de662ef16b,20,1685210696614,38793,162744088,460,1390979,86542803
84f36b30d0e0,d3de662ef16b,2,1685211288940,38793,163533592,460,1390979,86542803
84f36b30d0e0,d3de662ef16b,2,1685211302259,38793,163533592,460,1390979,86542803
84f36b30d0e0,d3de662ef16b,14,1685211303696,38793,162744088,460,1390979,86542803
84f36b30d0e0,d3de662ef16b,2,1685211381604,38793,163533592,460,1390979,86542803
84f36b30d0e0,d3de662ef16b,2,1685211394924,38793,163533592,460,1390979,86542803
84f36b30d0e0,d3de662ef16b,14,1685211396325,38793,162744088,460,1390979,86542803
84f36b30d0e0,d3de662ef16b,20,1685211410622,38793,162744088,460,1390979,86542803
84f36b30d0e0,d3de662ef16b,2,1685211992295,38793,163499032,460,1390979,86542803
84f36b30d0e0,d3de662ef16b,18,1685211992299,38793,163499032,460,1390979,86542803
84f36b30d0e0,d3de662ef16b,2,1685212005614,38793,163499032,460,1390979,86542803
84f36b30d0e0,d3de662ef16b,18,1685212005618,38793,163499032,460,1390979,86542803
84f36b30d0e0,d3de662ef16b,20,1685212005790,38793,163499032,460,1390979,86542803
84f36b30d0e0,d3de662ef16b,20,1685212019109,38793,163499032,460,1390979,86542803
84f36b30d0e0,d3de662ef16b,14,1685212098216,38793,162744088,460,1390979,86542803
84f36b30d0e0,d3de662ef16b,20,1685212109291,38793,162744088,460,1390979,86542803
84f36b30d0e0,d3de662ef16b,2,1685212110285,38793,163533592,460,1390979,86542803
84f36b30d0e0,d3de662ef16b,14,1685212111535,38793,162744088,460,1390979,86542803
84f36b30d0e0,d3de662ef16b,20,1685212122610,38793,162744088,460,1390979,86542803
84f36b30d0e0,d3de662ef16b,2,1685212124170,38793,162744088,460,1390979,86542803
84f36b30d0e0,d3de662ef16b,18,1685212124174,38793,162744088,460,1390979,86542803
84f36b30d0e0,d3de662ef16b,20,1685212136610,38793,162744088,460,1390979,86542803
84f36b30d0e0,d3de662ef16b,2,1685212190560,38793,162744088,460,1390979,86542803
84f36b30d0e0,d3de662ef16b,18,1685212190564,38793,162744088,460,1390979,86542803
84f36b30d0e0,d3de662ef16b,20,1685212203292,38793,162744088,460,1390979,86542803
84f36b30d0e0,d3de662ef16b,2,1685212203879,38793,162744088,460,1390979,86542803
84f36b30d0e0,d3de662ef16b,18,1685212203883,38793,162744088,460,1390979,86542803
84f36b30d0e0,d3de662ef16b,20,1685212216611,38793,162744088,460,1390979,86542803
84f36b30d0e0,d3de662ef16b,2,1685212564271,38793,162744088,460,1390979,86542803
84f36b30d0e0,d3de662ef16b,18,1685212564276,38793,162744088,460,1390979,86542803
84f36b30d0e0,d3de662ef16b,20,1685212577296,38793,162744088,460,1390979,86542803
84f36b30d0e0,d3de662ef16b,2,1685212577591,38793,162744088,460,1390979,86542803
84f36b30d0e0,d3de662ef16b,18,1685212577596,38793,162744088,460,1390979,86542803
84f36b30d0e0,d3de662ef16b,20,1685212590615,38793,162744088,460,1390979,86542803
84f36b30d0e0,d3de662ef16b,2,1685213092789,38793,163533592,460,1390979,86542803
84f36b30d0e0,d3de662ef16b,20,1685213105313,38793,162744088,460,1390979,86542803
84f36b30d0e0,d3de662ef16b,2,1685213106109,38793,163533592,460,1390979,86542803
84f36b30d0e0,d3de662ef16b,18,1685213112826,38793,162744088,460,1390979,86542803
84f36b30d0e0,d3de662ef16b,20,1685213118632,38793,162744088,460,1390979,86542803
84f36b30d0e0,d3de662ef16b,20,1685213125293,38793,162744088,460,1390979,86542803
84f36b30d0e0,d3de662ef16b,2,1685213126141,38793,162744088,460,1390979,86542803
84f36b30d0e0,d3de662ef16b,18,1685213126146,38793,162744088,460,1390979,86542803
84f36b30d0e0,d3de662ef16b,1,1685213219454,38793,163533592,460,1390979,86542803
84f36b30d0e0,d3de662ef16b,30,1685213219535,38793,163533592,460,1390979,86542803
84f36b30d0e0,d3de662ef16b,34,1685213220708,38793,163533592,460,1390979,86542803
84f36b30d0e0,d3de662ef16b,11,1685213221384,38793,163533592,460,1390979,86542803
84f36b30d0e0,d3de662ef16b,14,1685213221766,38793,162744088,460,1390979,86542803
84f36b30d0e0,d3de662ef16b,1,1685213232774,38793,163533592,460,1390979,86542803
84f36b30d0e0,d3de662ef16b,7,1685213232774,38793,163533592,460,1390979,86542803
84f36b30d0e0,d3de662ef16b,30,1685213232855,38793,163533592,460,1390979,86542803
84f36b30d0e0,d3de662ef16b,31,1685213233243,38793,163533592,460,1390979,86542803
84f36b30d0e0,d3de662ef16b,18,1685213233543,38793,163533592,460,1390979,86542803
84f36b30d0e0,d3de662ef16b,41,1685213233543,38793,163533592,460,1390979,86542803
84f36b30d0e0,d3de662ef16b,36,1685213233584,38793,163533592,460,1390979,86542803
84f36b30d0e0,d3de662ef16b,67,1685213233634,38793,163533592,460,1390979,86542803
84f36b30d0e0,d3de662ef16b,7,1685213233897,38793,163533592,460,1390979,86542803
84f36b30d0e0,d3de662ef16b,41,1685213234028,38793,163533592,460,1390979,86542803
84f36b30d0e0,d3de662ef16b,34,1685213234028,38793,163533592,460,1390979,86542803
84f36b30d0e0,d3de662ef16b,8,1685213234677,38793,163533592,460,1390979,86542803
84f36b30d0e0,d3de662ef16b,11,1685213234703,38793,163533592,460,1390979,86542803
84f36b30d0e0,d3de662ef16b,14,1685213235086,38793,162744088,460,1390979,86542803
84f36b30d0e0,d3de662ef16b,20,1685213249294,38793,162744088,460,1390979,86542803
84f36b30d0e0,d3de662ef16b,2,1685213438977,38793,162744088,460,1390979,86542803
84f36b30d0e0,d3de662ef16b,2,1685213452296,38793,162744088,460,1390979,86542803
84f36b30d0e0,d3de662ef16b,18,1685213452299,38793,162744088,460,1390979,86542803
84f36b30d0e0,d3de662ef16b,20,1685213464616,38793,162744088,460,1390979,86542803
84f36b30d0e0,d3de662ef16b,2,1685213652261,38793,162744088,460,1390979,86542803
84f36b30d0e0,d3de662ef16b,18,1685213652267,38793,162744088,460,1390979,86542803
84f36b30d0e0,d3de662ef16b,2,1685213665581,38793,162744088,460,1390979,86542803
84f36b30d0e0,d3de662ef16b,18,1685213665586,38793,162744088,460,1390979,86542803
84f36b30d0e0,d3de662ef16b,20,1685213667299,38793,162744088,460,1390979,86542803
84f36b30d0e0,d3de662ef16b,20,1685213680618,38793,162744088,460,1390979,86542803
84f36b30d0e0,d3de662ef16b,2,1685213865830,38793,163499032,460,1390979,86542803
84f36b30d0e0,d3de662ef16b,18,1685213865833,38793,163499032,460,1390979,86542803
84f36b30d0e0,d3de662ef16b,20,1685213879291,38793,162744088,460,1390979,86542803
84f36b30d0e0,d3de662ef16b,14,1685213881356,38793,162744088,460,1390979,86542803
84f36b30d0e0,d3de662ef16b,20,1685213892611,38793,162744088,460,1390979,86542803
84f36b30d0e0,d3de662ef16b,2,1685214078672,38793,162744088,460,1390979,86542803
84f36b30d0e0,d3de662ef16b,18,1685214078675,38793,162744088,460,1390979,86542803
84f36b30d0e0,d3de662ef16b,20,1685214091294,38793,162744088,460,1390979,86542803
84f36b30d0e0,d3de662ef16b,2,1685214091992,38793,162744088,460,1390979,86542803
84f36b30d0e0,d3de662ef16b,18,1685214091995,38793,162744088,460,1390979,86542803
84f36b30d0e0,d3de662ef16b,20,1685214104614,38793,162744088,460,1390979,86542803
84f36b30d0e0,d3de662ef16b,2,1685214472371,38793,162744088,460,1390979,86542803
84f36b30d0e0,d3de662ef16b,18,1685214472375,38793,162744088,460,1390979,86542803
84f36b30d0e0,d3de662ef16b,2,1685214485691,38793,162744088,460,1390979,86542803
84f36b30d0e0,d3de662ef16b,18,1685214485695,38793,162744088,460,1390979,86542803
84f36b30d0e0,d3de662ef16b,20,1685214511289,38793,162744088,460,1390979,86542803
84f36b30d0e0,d3de662ef16b,20,1685214524609,38793,162744088,460,1390979,86542803
84f36b30d0e0,d3de662ef16b,2,1685214532201,38793,162744088,460,1390979,86542803
84f36b30d0e0,d3de662ef16b,18,1685214532205,38793,162744088,460,1390979,86542803
84f36b30d0e0,d3de662ef16b,2,1685214545521,38793,162744088,460,1390979,86542803
84f36b30d0e0,d3de662ef16b,20,1685214549299,38793,162744088,460,1390979,86542803
84f36b30d0e0,d3de662ef16b,20,1685214562619,38793,162744088,460,1390979,86542803
84f36b30d0e0,d3de662ef16b,2,1685214715025,38793,162744088,460,1390979,86542803
84f36b30d0e0,d3de662ef16b,18,1685214715030,38793,162744088,460,1390979,86542803
84f36b30d0e0,d3de662ef16b,20,1685214727301,38793,162744088,460,1390979,86542803
84f36b30d0e0,d3de662ef16b,2,1685214728345,38793,162744088,460,1390979,86542803
84f36b30d0e0,d3de662ef16b,18,1685214728350,38793,162744088,460,1390979,86542803
84f36b30d0e0,d3de662ef16b,20,1685214740621,38793,162744088,460,1390979,86542803
84f36b30d0e0,d3de662ef16b,18,1685214932279,38793,163533592,460,1390979,86542803
84f36b30d0e0,d3de662ef16b,20,1685214945293,38793,162744088,460,1390979,86542803
84f36b30d0e0,d3de662ef16b,2,1685214945598,38793,163533592,460,1390979,86542803
84f36b30d0e0,d3de662ef16b,18,1685214945600,38793,163533592,460,1390979,86542803
84f36b30d0e0,d3de662ef16b,20,1685214958614,38793,162744088,460,1390979,86542803
84f36b30d0e0,d3de662ef16b,2,1685215016052,38793,162744088,460,1390979,86542803
84f36b30d0e0,d3de662ef16b,2,1685215029372,38793,162744088,460,1390979,86542803
84f36b30d0e0,d3de662ef16b,18,1685215029375,38793,162744088,460,1390979,86542803
84f36b30d0e0,d3de662ef16b,20,1685215039295,38793,162744088,460,1390979,86542803
84f36b30d0e0,d3de662ef16b,18,1685215041635,38793,162744088,460,1390979,86542803
84f36b30d0e0,d3de662ef16b,20,1685215052615,38793,162744088,460,1390979,86542803
84f36b30d0e0,d3de662ef16b,20,1685215055295,38793,162744088,460,1390979,86542803
84f36b30d0e0,d3de662ef16b,20,1685215068615,38793,162744088,460,1390979,86542803
84f36b30d0e0,d3de662ef16b,2,1685215106150,38793,162744088,460,1390979,86542803
84f36b30d0e0,d3de662ef16b,18,1685215106154,38793,162744088,460,1390979,86542803
84f36b30d0e0,d3de662ef16b,2,1685215119471,38793,162744088,460,1390979,86542803
84f36b30d0e0,d3de662ef16b,18,1685215119475,38793,162744088,460,1390979,86542803
84f36b30d0e0,d3de662ef16b,20,1685215121295,38793,162744088,460,1390979,86542803
84f36b30d0e0,d3de662ef16b,20,1685215134616,38793,162744088,460,1390979,86542803
84f36b30d0e0,d3de662ef16b,5,1685215297852,38793,162744088,460,1390979,86542803
84f36b30d0e0,d3de662ef16b,20,1685215297969,38793,162744088,460,1390979,86542803
84f36b30d0e0,d3de662ef16b,2,1685215358502,38793,162744088,460,1390979,86542803
84f36b30d0e0,d3de662ef16b,18,1685215358505,38793,162744088,460,1390979,86542803
84f36b30d0e0,d3de662ef16b,20,1685215359288,38793,162744088,460,1390979,86542803
84f36b30d0e0,d3de662ef16b,20,1685215372609,38793,162744088,460,1390979,86542803
84f36b30d0e0,d3de662ef16b,2,1685215616081,38793,163533592,460,1390979,86542803
84f36b30d0e0,d3de662ef16b,20,1685215616514,38793,163533592,460,1390979,86542803
84f36b30d0e0,d3de662ef16b,2,1685215629403,38793,163533592,460,1390979,86542803
84f36b30d0e0,d3de662ef16b,1,1685215629986,38793,162744088,460,1390979,86542803
84f36b30d0e0,d3de662ef16b,7,1685215629986,38793,162744088,460,1390979,86542803
84f36b30d0e0,d3de662ef16b,41,1685215630782,38793,162744088,460,1390979,86542803
84f36b30d0e0,d3de662ef16b,36,1685215630818,38793,162744088,460,1390979,86542803
84f36b30d0e0,d3de662ef16b,67,1685215630875,38793,162744088,460,1390979,86542803
84f36b30d0e0,d3de662ef16b,7,1685215632585,38793,162744088,460,1390979,86542803
84f36b30d0e0,d3de662ef16b,34,1685215632730,38793,162744088,460,1390979,86542803
84f36b30d0e0,d3de662ef16b,8,1685215633385,38793,162744088,460,1390979,86542803
84f36b30d0e0,d3de662ef16b,21,1685215633415,38793,162744088,460,1390979,86542803
84f36b30d0e0,d3de662ef16b,1,1685215643307,38793,162744088,460,1390979,86542803
84f36b30d0e0,d3de662ef16b,30,1685215643370,38793,162744088,460,1390979,86542803
84f36b30d0e0,d3de662ef16b,18,1685215644103,38793,162744088,460,1390979,86542803
84f36b30d0e0,d3de662ef16b,41,1685215644103,38793,162744088,460,1390979,86542803
84f36b30d0e0,d3de662ef16b,67,1685215644196,38793,162744088,460,1390979,86542803
84f36b30d0e0,d3de662ef16b,7,1685215645906,38793,162744088,460,1390979,86542803
84f36b30d0e0,d3de662ef16b,34,1685215646051,38793,162744088,460,1390979,86542803
84f36b30d0e0,d3de662ef16b,8,1685215646706,38793,162744088,460,1390979,86542803
84f36b30d0e0,d3de662ef16b,21,1685215646736,38793,162744088,460,1390979,86542803
84f36b30d0e0,d3de662ef16b,20,1685215679292,38793,162744088,460,1390979,86542803
84f36b30d0e0,d3de662ef16b,2,1685215692170,38793,162744088,460,1390979,86542803
84f36b30d0e0,d3de662ef16b,18,1685215692174,38793,162744088,460,1390979,86542803
84f36b30d0e0,d3de662ef16b,36,1685215692240,38793,162744088,460,1390979,86542803
84f36b30d0e0,d3de662ef16b,20,1685215692613,38793,162744088,460,1390979,86542803
84f36b30d0e0,d3de662ef16b,18,1685215705495,38793,162744088,460,1390979,86542803
84f36b30d0e0,d3de662ef16b,36,1685215705561,38793,162744088,460,1390979,86542803
84f36b30d0e0,d3de662ef16b,36,1685215782238,38793,163533592,460,1390979,86542803
84f36b30d0e0,d3de662ef16b,14,1685215783617,38793,162744088,460,1390979,86542803
84f36b30d0e0,d3de662ef16b,2,1685215795483,38793,163533592,460,1390979,86542803
84f36b30d0e0,d3de662ef16b,14,1685215796938,38793,162744088,460,1390979,86542803
84f36b30d0e0,d3de662ef16b,2,1685215818491,38793,162744088,460,1390979,86542803
84f36b30d0e0,d3de662ef16b,18,1685215818495,38793,162744088,460,1390979,86542803
84f36b30d0e0,d3de662ef16b,36,1685215818566,38793,162744088,460,1390979,86542803
84f36b30d0e0,d3de662ef16b,20,1685215831294,38793,162744088,460,1390979,86542803
84f36b30d0e0,d3de662ef16b,2,1685215831812,38793,162744088,460,1390979,86542803
84f36b30d0e0,d3de662ef16b,18,1685215831816,38793,162744088,460,1390979,86542803
84f36b30d0e0,d3de662ef16b,36,1685215831887,38793,162744088,460,1390979,86542803
84f36b30d0e0,d3de662ef16b,20,1685215844615,38793,162744088,460,1390979,86542803
84f36b30d0e0,d3de662ef16b,2,1685215941340,38793,162744088,460,1390979,86542803
84f36b30d0e0,d3de662ef16b,18,1685215941343,38793,162744088,460,1390979,86542803
84f36b30d0e0,d3de662ef16b,2,1685215954662,38793,162744088,460,1390979,86542803
84f36b30d0e0,d3de662ef16b,18,1685215954665,38793,162744088,460,1390979,86542803
84f36b30d0e0,d3de662ef16b,20,1685215955295,38793,162744088,460,1390979,86542803
84f36b30d0e0,d3de662ef16b,20,1685215968616,38793,162744088,460,1390979,86542803
84f36b30d0e0,d3de662ef16b,2,1685216247361,38793,162744088,460,1390979,86542803
84f36b30d0e0,d3de662ef16b,36,1685216247430,38793,162744088,460,1390979,86542803
84f36b30d0e0,d3de662ef16b,2,1685216260683,38793,162744088,460,1390979,86542803
84f36b30d0e0,d3de662ef16b,18,1685216260688,38793,162744088,460,1390979,86542803
84f36b30d0e0,d3de662ef16b,36,1685216260752,38793,162744088,460,1390979,86542803
84f36b30d0e0,d3de662ef16b,20,1685216261298,38793,162744088,460,1390979,86542803
84f36b30d0e0,d3de662ef16b,2,1685216377966,38793,162744088,460,1390979,86542803
84f36b30d0e0,d3de662ef16b,18,1685216377971,38793,162744088,460,1390979,86542803
84f36b30d0e0,d3de662ef16b,36,1685216378047,38793,162744088,460,1390979,86542803
84f36b30d0e0,d3de662ef16b,2,1685216391287,38793,162744088,460,1390979,86542803
84f36b30d0e0,d3de662ef16b,18,1685216391293,38793,162744088,460,1390979,86542803
84f36b30d0e0,d3de662ef16b,20,1685216391300,38793,162744088,460,1390979,86542803
84f36b30d0e0,d3de662ef16b,36,1685216391368,38793,162744088,460,1390979,86542803
84f36b30d0e0,d3de662ef16b,18,1685216608239,38793,163499032,460,1390979,86542803
84f36b30d0e0,d3de662ef16b,36,1685216608294,38793,163499032,460,1390979,86542803
84f36b30d0e0,d3de662ef16b,2,1685216621557,38793,163499032,460,1390979,86542803
84f36b30d0e0,d3de662ef16b,18,1685216621561,38793,163499032,460,1390979,86542803
84f36b30d0e0,d3de662ef16b,36,1685216621616,38793,163499032,460,1390979,86542803
84f36b30d0e0,d3de662ef16b,20,1685216623293,38793,162744088,460,1390979,86542803
84f36b30d0e0,d3de662ef16b,2,1685216721173,38793,163533592,460,1390979,86542803
84f36b30d0e0,d3de662ef16b,36,1685216721250,38793,163533592,460,1390979,86542803
84f36b30d0e0,d3de662ef16b,14,1685216722737,38793,162744088,460,1390979,86542803
84f36b30d0e0,d3de662ef16b,18,1685216733684,38793,162744088,460,1390979,86542803
84f36b30d0e0,d3de662ef16b,2,1685216734495,38793,163533592,460,1390979,86542803
84f36b30d0e0,d3de662ef16b,36,1685216734572,38793,163533592,460,1390979,86542803
84f36b30d0e0,d3de662ef16b,14,1685216736059,38793,162744088,460,1390979,86542803
84f36b30d0e0,d3de662ef16b,20,1685216746616,38793,162744088,460,1390979,86542803
84f36b30d0e0,d3de662ef16b,2,1685216747003,38793,162744088,460,1390979,86542803
84f36b30d0e0,d3de662ef16b,36,1685216747093,38793,162744088,460,1390979,86542803
84f36b30d0e0,d3de662ef16b,20,1685216747294,38793,162744088,460,1390979,86542803
84f36b30d0e0,d3de662ef16b,2,1685216901062,38793,163533592,460,1390979,86542803
84f36b30d0e0,d3de662ef16b,36,1685216901137,38793,163533592,460,1390979,86542803
84f36b30d0e0,d3de662ef16b,2,1685216914384,38793,163533592,460,1390979,86542803
84f36b30d0e0,d3de662ef16b,20,1685216923296,38793,162744088,460,1390979,86542803
84f36b30d0e0,d3de662ef16b,20,1685216936619,38793,162744088,460,1390979,86542803
84f36b30d0e0,d3de662ef16b,2,1685217119186,38793,162744088,460,1390979,86542803
84f36b30d0e0,d3de662ef16b,18,1685217119190,38793,162744088,460,1390979,86542803
84f36b30d0e0,d3de662ef16b,36,1685217119273,38793,162744088,460,1390979,86542803
84f36b30d0e0,d3de662ef16b,2,1685217132509,38793,162744088,460,1390979,86542803
84f36b30d0e0,d3de662ef16b,18,1685217132513,38793,162744088,460,1390979,86542803
84f36b30d0e0,d3de662ef16b,36,1685217132596,38793,162744088,460,1390979,86542803
84f36b30d0e0,d3de662ef16b,20,1685217146611,38793,162744088,460,1390979,86542803
84f36b30d0e0,d3de662ef16b,2,1685217325254,38793,162744088,460,1390979,86542803
84f36b30d0e0,d3de662ef16b,36,1685217325359,38793,162744088,460,1390979,86542803
84f36b30d0e0,d3de662ef16b,20,1685217338614,38793,162744088,460,1390979,86542803
84f36b30d0e0,d3de662ef16b,2,1685217451881,38793,162744088,460,1390979,86542803
84f36b30d0e0,d3de662ef16b,18,1685217451884,38793,162744088,460,1390979,86542803
84f36b30d0e0,d3de662ef16b,36,1685217451950,38793,162744088,460,1390979,86542803
84f36b30d0e0,d3de662ef16b,20,1685217478616,38793,162744088,460,1390979,86542803
84f36b30d0e0,d3de662ef16b,18,1685217569985,38793,162744088,460,1390979,86542803
84f36b30d0e0,d3de662ef16b,36,1685217570065,38793,162744088,460,1390979,86542803
84f36b30d0e0,d3de662ef16b,2,1685217583303,38793,162744088,460,1390979,86542803
84f36b30d0e0,d3de662ef16b,36,1685217583388,38793,162744088,460,1390979,86542803
84f36b30d0e0,d3de662ef16b,2,1685217750494,38793,163499032,460,1390979,86542803
84f36b30d0e0,d3de662ef16b,2,1685217763817,38793,163499032,460,1390979,86542803
84f36b30d0e0,d3de662ef16b,36,1685217763877,38793,163499032,460,1390979,86542803
84f36b30d0e0,d3de662ef16b,2,1685217769879,38793,162744088,460,1390979,86542803
84f36b30d0e0,d3de662ef16b,18,1685217769884,38793,162744088,460,1390979,86542803
84f36b30d0e0,d3de662ef16b,36,1685217769970,38793,162744088,460,1390979,86542803
84f36b30d0e0,d3de662ef16b,20,1685217774620,38793,162744088,460,1390979,86542803
84f36b30d0e0,d3de662ef16b,2,1685217783203,38793,162744088,460,1390979,86542803
84f36b30d0e0,d3de662ef16b,36,1685217783294,38793,162744088,460,1390979,86542803
84f36b30d0e0,d3de662ef16b,20,1685217796620,38793,162744088,460,1390979,86542803
84f36b30d0e0,d3de662ef16b,1,1685217884353,38793,163533592,460,1390979,86542803
84f36b30d0e0,d3de662ef16b,31,1685217884868,38793,163533592,460,1390979,86542803
84f36b30d0e0,d3de662ef16b,18,1685217885229,38793,163533592,460,1390979,86542803
84f36b30d0e0,d3de662ef16b,41,1685217885229,38793,163533592,460,1390979,86542803
84f36b30d0e0,d3de662ef16b,36,1685217885261,38793,163533592,460,1390979,86542803
84f36b30d0e0,d3de662ef16b,67,1685217885335,38793,163533592,460,1390979,86542803
84f36b30d0e0,d3de662ef16b,7,1685217885603,38793,163533592,460,1390979,86542803
84f36b30d0e0,d3de662ef16b,11,1685217886454,38793,163533592,460,1390979,86542803
84f36b30d0e0,d3de662ef16b,14,1685217886720,38793,162744088,460,1390979,86542803
84f36b30d0e0,d3de662ef16b,7,1685217897677,38793,163533592,460,1390979,86542803
84f36b30d0e0,d3de662ef16b,1,1685217897677,38793,163533592,460,1390979,86542803
84f36b30d0e0,d3de662ef16b,30,1685217897793,38793,163533592,460,1390979,86542803
84f36b30d0e0,d3de662ef16b,18,1685217898553,38793,163533592,460,1390979,86542803
84f36b30d0e0,d3de662ef16b,36,1685217898585,38793,163533592,460,1390979,86542803
84f36b30d0e0,d3de662ef16b,67,1685217898658,38793,163533592,460,1390979,86542803
84f36b30d0e0,d3de662ef16b,7,1685217898927,38793,163533592,460,1390979,86542803
84f36b30d0e0,d3de662ef16b,8,1685217899729,38793,163533592,460,1390979,86542803
84f36b30d0e0,d3de662ef16b,11,1685217899778,38793,163533592,460,1390979,86542803
84f36b30d0e0,d3de662ef16b,14,1685217900044,38793,162744088,460,1390979,86542803
84f36b30d0e0,d3de662ef16b,20,1685217928637,38793,162744088,460,1390979,86542803
84f36b30d0e0,d3de662ef16b,36,1685217957902,38793,163499032,460,1390979,86542803
84f36b30d0e0,d3de662ef16b,6,1685217960999,38793,162744088,460,1390979,86542803
84f36b30d0e0,d3de662ef16b,20,1685217961075,38793,162744088,460,1390979,86542803
84f36b30d0e0,d3de662ef16b,36,1685217971226,38793,163499032,460,1390979,86542803
84f36b30d0e0,d3de662ef16b,14,1685217971693,38793,162744088,460,1390979,86542803
84f36b30d0e0,d3de662ef16b,20,1685217974399,38793,162744088,460,1390979,86542803
84f36b30d0e0,d3de662ef16b,7,1685218000441,38793,162744088,460,1390979,86542803
84f36b30d0e0,d3de662ef16b,1,1685218000441,38793,162744088,460,1390979,86542803
84f36b30d0e0,d3de662ef16b,31,1685218000951,38793,162744088,460,1390979,86542803
84f36b30d0e0,d3de662ef16b,18,1685218001373,38793,162744088,460,1390979,86542803
84f36b30d0e0,d3de662ef16b,41,1685218001373,38793,162744088,460,1390979,86542803
84f36b30d0e0,d3de662ef16b,36,1685218001435,38793,162744088,460,1390979,86542803
84f36b30d0e0,d3de662ef16b,7,1685218001814,38793,162744088,460,1390979,86542803
84f36b30d0e0,d3de662ef16b,41,1685218001954,38793,162744088,460,1390979,86542803
84f36b30d0e0,d3de662ef16b,34,1685218001954,38793,162744088,460,1390979,86542803
84f36b30d0e0,d3de662ef16b,8,1685218002633,38793,162744088,460,1390979,86542803
84f36b30d0e0,d3de662ef16b,11,1685218002662,38793,162744088,460,1390979,86542803
84f36b30d0e0,d3de662ef16b,21,1685218002662,38793,162744088,460,1390979,86542803
84f36b30d0e0,d3de662ef16b,7,1685218013765,38793,162744088,460,1390979,86542803
84f36b30d0e0,d3de662ef16b,1,1685218013765,38793,162744088,460,1390979,86542803
84f36b30d0e0,d3de662ef16b,30,1685218013833,38793,162744088,460,1390979,86542803
84f36b30d0e0,d3de662ef16b,31,1685218014275,38793,162744088,460,1390979,86542803
84f36b30d0e0,d3de662ef16b,41,1685218014697,38793,162744088,460,1390979,86542803
84f36b30d0e0,d3de662ef16b,67,1685218014814,38793,162744088,460,1390979,86542803
84f36b30d0e0,d3de662ef16b,7,1685218015138,38793,162744088,460,1390979,86542803
84f36b30d0e0,d3de662ef16b,41,1685218015278,38793,162744088,460,1390979,86542803
84f36b30d0e0,d3de662ef16b,34,1685218015278,38793,162744088,460,1390979,86542803
84f36b30d0e0,d3de662ef16b,8,1685218015957,38793,162744088,460,1390979,86542803
84f36b30d0e0,d3de662ef16b,21,1685218015986,38793,162744088,460,1390979,86542803
84f36b30d0e0,d3de662ef16b,11,1685218015986,38793,162744088,460,1390979,86542803
84f36b30d0e0,d3de662ef16b,20,1685218128629,38793,162744088,460,1390979,86542803
84f36b30d0e0,d3de662ef16b,36,1685218166826,38793,163499032,460,1390979,86542803
84f36b30d0e0,d3de662ef16b,14,1685218167350,38793,162744088,460,1390979,86542803
84f36b30d0e0,d3de662ef16b,20,1685218177316,38793,162744088,460,1390979,86542803
84f36b30d0e0,d3de662ef16b,2,1685218180072,38793,163499032,460,1390979,86542803
84f36b30d0e0,d3de662ef16b,36,1685218180151,38793,163499032,460,1390979,86542803
84f36b30d0e0,d3de662ef16b,14,1685218180674,38793,162744088,460,1390979,86542803
84f36b30d0e0,d3de662ef16b,20,1685218190640,38793,162744088,460,1390979,86542803
84f36b30d0e0,d3de662ef16b,36,1685218307603,38793,162744088,460,1390979,86542803
84f36b30d0e0,d3de662ef16b,2,1685218320838,38793,162744088,460,1390979,86542803
84f36b30d0e0,d3de662ef16b,36,1685218320928,38793,162744088,460,1390979,86542803
84f36b30d0e0,d3de662ef16b,2,1685218329854,38793,162744088,460,1390979,86542803
84f36b30d0e0,d3de662ef16b,36,1685218329944,38793,162744088,460,1390979,86542803
84f36b30d0e0,d3de662ef16b,20,1685218342642,38793,162744088,460,1390979,86542803
84f36b30d0e0,d3de662ef16b,36,1685218343269,38793,162744088,460,1390979,86542803
84f36b30d0e0,d3de662ef16b,20,1685218356632,38793,162744088,460,1390979,86542803
84f36b30d0e0,d3de662ef16b,2,1685218400308,38793,162744088,460,1390979,86542803
84f36b30d0e0,d3de662ef16b,36,1685218400388,38793,162744088,460,1390979,86542803
84f36b30d0e0,d3de662ef16b,20,1685218403308,38793,162744088,460,1390979,86542803
84f36b30d0e0,d3de662ef16b,20,1685218416633,38793,162744088,460,1390979,86542803
84f36b30d0e0,d3de662ef16b,2,1685218423445,38793,162744088,460,1390979,86542803
84f36b30d0e0,d3de662ef16b,2,1685218436770,38793,162744088,460,1390979,86542803
84f36b30d0e0,d3de662ef16b,20,1685218450633,38793,162744088,460,1390979,86542803
84f36b30d0e0,d3de662ef16b,2,1685218603919,38793,162744088,460,1390979,86542803
84f36b30d0e0,d3de662ef16b,2,1685218617244,38793,162744088,460,1390979,86542803
84f36b30d0e0,d3de662ef16b,20,1685218634635,38793,162744088,460,1390979,86542803
84f36b30d0e0,d3de662ef16b,2,1685218634990,38793,162744088,460,1390979,86542803
84f36b30d0e0,d3de662ef16b,36,1685218635089,38793,162744088,460,1390979,86542803
84f36b30d0e0,d3de662ef16b,2,1685218704660,38793,162744088,460,1390979,86542803
84f36b30d0e0,d3de662ef16b,36,1685218704749,38793,162744088,460,1390979,86542803
84f36b30d0e0,d3de662ef16b,20,1685218718636,38793,162744088,460,1390979,86542803
84f36b30d0e0,d3de662ef16b,2,1685218870570,38793,162744088,460,1390979,86542803
84f36b30d0e0,d3de662ef16b,20,1685218884640,38793,162744088,460,1390979,86542803
84f36b30d0e0,d3de662ef16b,18,1685219235405,38793,163533592,460,1390979,86542803
84f36b30d0e0,d3de662ef16b,36,1685219235478,38793,163533592,460,1390979,86542803
84f36b30d0e0,d3de662ef16b,14,1685219236859,38793,162744088,460,1390979,86542803
84f36b30d0e0,d3de662ef16b,20,1685219247308,38793,162744088,460,1390979,86542803
84f36b30d0e0,d3de662ef16b,2,1685219248718,38793,163533592,460,1390979,86542803
84f36b30d0e0,d3de662ef16b,36,1685219248804,38793,163533592,460,1390979,86542803
84f36b30d0e0,d3de662ef16b,14,1685219250185,38793,162744088,460,1390979,86542803
84f36b30d0e0,d3de662ef16b,20,1685219260635,38793,162744088,460,1390979,86542803
84f36b30d0e0,d3de662ef16b,2,1685219260771,38793,163533592,460,1390979,86542803
84f36b30d0e0,d3de662ef16b,14,1685219262288,38793,162744088,460,1390979,86542803
84f36b30d0e0,d3de662ef16b,18,1685219274109,38793,163533592,460,1390979,86542803
84f36b30d0e0,d3de662ef16b,14,1685219275614,38793,162744088,460,1390979,86542803
84f36b30d0e0,d3de662ef16b,20,1685219294635,38793,162744088,460,1390979,86542803
84f36b30d0e0,d3de662ef16b,2,1685219368082,38793,163533592,460,1390979,86542803
84f36b30d0e0,d3de662ef16b,36,1685219368167,38793,163533592,460,1390979,86542803
84f36b30d0e0,d3de662ef16b,14,1685219369533,38793,162744088,460,1390979,86542803
84f36b30d0e0,d3de662ef16b,20,1685219381312,38793,162744088,460,1390979,86542803
84f36b30d0e0,d3de662ef16b,2,1685219381408,38793,163533592,460,1390979,86542803
84f36b30d0e0,d3de662ef16b,18,1685219381420,38793,163533592,460,1390979,86542803
84f36b30d0e0,d3de662ef16b,36,1685219381493,38793,163533592,460,1390979,86542803
84f36b30d0e0,d3de662ef16b,14,1685219382860,38793,162744088,460,1390979,86542803
84f36b30d0e0,d3de662ef16b,2,1685219390940,38793,162744088,460,1390979,86542803
84f36b30d0e0,d3de662ef16b,2,1685219404267,38793,162744088,460,1390979,86542803
84f36b30d0e0,d3de662ef16b,36,1685219404350,38793,162744088,460,1390979,86542803
84f36b30d0e0,d3de662ef16b,14,1685219421468,38793,163499035,460,1390979,86542803
84f36b30d0e0,d3de662ef16b,20,1685219435110,38793,163499035,460,1390979,86542803
84f36b30d0e0,d3de662ef16b,20,1685219448437,38793,163499035,460,1390979,86542803
84f36b30d0e0,d3de662ef16b,2,1685219459697,38793,163499035,460,1390979,86542803
84f36b30d0e0,d3de662ef16b,2,1685219493061,38793,163533592,460,1390979,86542803
84f36b30d0e0,d3de662ef16b,18,1685219493073,38793,163533592,460,1390979,86542803
84f36b30d0e0,d3de662ef16b,36,1685219493146,38793,163533592,460,1390979,86542803
84f36b30d0e0,d3de662ef16b,14,1685219494581,38793,163499032,460,1390979,86542803
84f36b30d0e0,d3de662ef16b,20,1685219506124,38793,163499032,460,1390979,86542803
84f36b30d0e0,d3de662ef16b,2,1685219506388,38793,163533592,460,1390979,86542803
84f36b30d0e0,d3de662ef16b,18,1685219506400,38793,163533592,460,1390979,86542803
84f36b30d0e0,d3de662ef16b,36,1685219506472,38793,163533592,460,1390979,86542803
84f36b30d0e0,d3de662ef16b,14,1685219507908,38793,163499032,460,1390979,86542803
84f36b30d0e0,d3de662ef16b,2,1685220110627,38793,163499032,460,1390979,86542803
84f36b30d0e0,d3de662ef16b,36,1685220110706,38793,163499032,460,1390979,86542803
84f36b30d0e0,d3de662ef16b,2,1685220123955,38793,163499032,460,1390979,86542803
84f36b30d0e0,d3de662ef16b,36,1685220124666,38793,163499032,460,1390979,86542803
84f36b30d0e0,d3de662ef16b,20,1685220137490,38793,163499032,460,1390979,86542803
84f36b30d0e0,d3de662ef16b,36,1685220137994,38793,163499032,460,1390979,86542803
84f36b30d0e0,d3de662ef16b,2,1685220339835,38793,163499032,460,1390979,86542803
84f36b30d0e0,d3de662ef16b,20,1685220353501,38793,163499032,460,1390979,86542803
84f36b30d0e0,d3de662ef16b,36,1685220470446,38793,163499032,460,1390979,86542803
84f36b30d0e0,d3de662ef16b,2,1685220483695,38793,163499032,460,1390979,86542803
84f36b30d0e0,d3de662ef16b,36,1685220483774,38793,163499032,460,1390979,86542803
84f36b30d0e0,d3de662ef16b,20,1685220497508,38793,163499032,460,1390979,86542803
84f36b30d0e0,d3de662ef16b,36,1685220722935,38793,163499032,460,1390979,86542803
84f36b30d0e0,d3de662ef16b,36,1685220736264,38793,163499032,460,1390979,86542803
84f36b30d0e0,d3de662ef16b,2,1685220748426,38793,163499032,460,1390979,86542803
84f36b30d0e0,d3de662ef16b,36,1685220748500,38793,163499032,460,1390979,86542803
84f36b30d0e0,d3de662ef16b,20,1685220749530,38793,163499032,460,1390979,86542803
84f36b30d0e0,d3de662ef16b,2,1685220761755,38793,163499032,460,1390979,86542803
84f36b30d0e0,d3de662ef16b,20,1685220801543,38793,163499032,460,1390979,86542803
84f36b30d0e0,d3de662ef16b,2,1685220834847,38793,163499032,460,1390979,86542803
84f36b30d0e0,d3de662ef16b,2,1685220848177,38793,163499032,460,1390979,86542803
84f36b30d0e0,d3de662ef16b,20,1685220848216,38793,163499032,460,1390979,86542803
84f36b30d0e0,d3de662ef16b,20,1685220861546,38793,163499032,460,1390979,86542803
84f36b30d0e0,d3de662ef16b,20,1685221020205,38793,163499032,460,1390979,86542803
84f36b30d0e0,d3de662ef16b,2,1685221020517,38793,163499032,460,1390979,86542803
84f36b30d0e0,d3de662ef16b,36,1685221020595,38793,163499032,460,1390979,86542803
84f36b30d0e0,d3de662ef16b,2,1685221033837,38793,163499032,460,1390979,86542803
84f36b30d0e0,d3de662ef16b,36,1685221033917,38793,163499032,460,1390979,86542803
84f36b30d0e0,d3de662ef16b,20,1685221034205,38793,163499032,460,1390979,86542803
84f36b30d0e0,d3de662ef16b,2,1685221167747,38793,163499032,460,1390979,86542803
84f36b30d0e0,d3de662ef16b,36,1685221167825,38793,163499032,460,1390979,86542803
84f36b30d0e0,d3de662ef16b,36,1685221181155,38793,163499032,460,1390979,86542803
84f36b30d0e0,d3de662ef16b,2,1685221197747,38793,163499032,460,1390979,86542803
84f36b30d0e0,d3de662ef16b,2,1685221214247,38793,163499032,460,1390979,86542803
84f36b30d0e0,d3de662ef16b,36,1685221214326,38793,163499032,460,1390979,86542803
84f36b30d0e0,d3de662ef16b,2,1685221227578,38793,163499032,460,1390979,86542803
84f36b30d0e0,d3de662ef16b,36,1685221227656,38793,163499032,460,1390979,86542803
84f36b30d0e0,d3de662ef16b,20,1685221241535,38793,163499032,460,1390979,86542803
84f36b30d0e0,d3de662ef16b,36,1685221244197,38793,163499032,460,1390979,86542803
84f36b30d0e0,d3de662ef16b,2,1685221247127,38793,163499032,460,1390979,86542803
84f36b30d0e0,d3de662ef16b,20,1685221257535,38793,163499032,460,1390979,86542803
84f36b30d0e0,d3de662ef16b,2,1685221260458,38793,163499032,460,1390979,86542803
84f36b30d0e0,d3de662ef16b,36,1685221260536,38793,163499032,460,1390979,86542803
84f36b30d0e0,d3de662ef16b,20,1685221273536,38793,163499032,460,1390979,86542803
84f36b30d0e0,d3de662ef16b,20,1685221276206,38793,163499032,460,1390979,86542803
84f36b30d0e0,d3de662ef16b,2,1685221276857,38793,163499032,460,1390979,86542803
84f36b30d0e0,d3de662ef16b,2,1685221280267,38793,163499032,460,1390979,86542803
84f36b30d0e0,d3de662ef16b,36,1685221280346,38793,163499032,460,1390979,86542803
84f36b30d0e0,d3de662ef16b,20,1685221289537,38793,163499032,460,1390979,86542803
84f36b30d0e0,d3de662ef16b,2,1685221293597,38793,163499032,460,1390979,86542803
84f36b30d0e0,d3de662ef16b,36,1685221293676,38793,163499032,460,1390979,86542803
84f36b30d0e0,d3de662ef16b,4,1685221481243,38793,163499032,460,1390979,86542803
84f36b30d0e0,d3de662ef16b,2,1685221484418,38793,163499032,460,1390979,86542803
84f36b30d0e0,d3de662ef16b,36,1685221484497,38793,163499032,460,1390979,86542803
84f36b30d0e0,d3de662ef16b,2,1685221779627,38793,163499032,460,1390979,86542803
84f36b30d0e0,d3de662ef16b,4,1685221792162,38793,163499032,460,1390979,86542803
84f36b30d0e0,d3de662ef16b,36,1685221793046,38793,163499032,460,1390979,86542803
84f36b30d0e0,d3de662ef16b,36,1685222535098,38793,163499032,460,1390979,86542803
84f36b30d0e0,d3de662ef16b,20,1685222547588,38793,163499032,460,1390979,86542803
84f36b30d0e0,d3de662ef16b,2,1685222875606,38793,163499032,460,1390979,86542803
84f36b30d0e0,d3de662ef16b,36,1685222889030,38793,163499032,460,1390979,86542803
84f36b30d0e0,d3de662ef16b,20,1685222901625,38793,163499032,460,1390979,86542803
84f36b30d0e0,d3de662ef16b,2,1685223308580,38793,163499032,460,1390979,86542803
84f36b30d0e0,d3de662ef16b,36,1685223308660,38793,163499032,460,1390979,86542803
84f36b30d0e0,d3de662ef16b,2,1685223723126,38793,163499032,460,1390979,86542803
84f36b30d0e0,d3de662ef16b,2,1685223736461,38793,163499032,460,1390979,86542803
84f36b30d0e0,d3de662ef16b,36,1685223736540,38793,163499032,460,1390979,86542803
84f36b30d0e0,d3de662ef16b,20,1685223751657,38793,163499032,460,1390979,86542803
84f36b30d0e0,d3de662ef16b,2,1685223947942,38793,163499032,460,1390979,86542803
84f36b30d0e0,d3de662ef16b,20,1685223963687,38793,163499032,460,1390979,86542803
84f36b30d0e0,d3de662ef16b,36,1685224008206,38793,163499032,460,1390979,86542803
84f36b30d0e0,d3de662ef16b,2,1685224021462,38793,163499032,460,1390979,86542803
84f36b30d0e0,d3de662ef16b,36,1685224021542,38793,163499032,460,1390979,86542803
84f36b30d0e0,d3de662ef16b,20,1685224022355,38793,163499032,460,1390979,86542803
84f36b30d0e0,d3de662ef16b,20,1685224035691,38793,163499032,460,1390979,86542803
84f36b30d0e0,d3de662ef16b,2,1685224574487,38793,163499032,460,1390979,86542803
84f36b30d0e0,d3de662ef16b,36,1685224574564,38793,163499032,460,1390979,86542803
84f36b30d0e0,d3de662ef16b,36,1685224587901,38793,163499032,460,1390979,86542803
84f36b30d0e0,d3de662ef16b,20,1685224601698,38793,163499032,460,1390979,86542803
84f36b30d0e0,d3de662ef16b,2,1685224954203,38793,163499032,460,1390979,86542803
84f36b30d0e0,d3de662ef16b,36,1685224954282,38793,163499032,460,1390979,86542803
84f36b30d0e0,d3de662ef16b,20,1685224954368,38793,163499032,460,1390979,86542803
84f36b30d0e0,d3de662ef16b,20,1685224967706,38793,163499032,460,1390979,86542803
84f36b30d0e0,d3de662ef16b,36,1685225155684,38793,163499032,460,1390979,86542803
84f36b30d0e0,d3de662ef16b,2,1685225168944,38793,163499032,460,1390979,86542803
84f36b30d0e0,d3de662ef16b,20,1685225326446,38793,163499032,460,1390979,86542803
84f36b30d0e0,d3de662ef16b,2,1685225327544,38793,163499032,460,1390979,86542803
84f36b30d0e0,d3de662ef16b,20,1685225339784,38793,163499032,460,1390979,86542803
84f36b30d0e0,d3de662ef16b,2,1685225366326,38793,163499032,460,1390979,86542803
84f36b30d0e0,d3de662ef16b,20,1685225378449,38793,163499032,460,1390979,86542803
84f36b30d0e0,d3de662ef16b,36,1685225379743,38793,163499032,460,1390979,86542803
84f36b30d0e0,d3de662ef16b,20,1685225391787,38793,163499032,460,1390979,86542803
84f36b30d0e0,d3de662ef16b,2,1685225582206,38793,163499032,460,1390979,86542803
84f36b30d0e0,d3de662ef16b,2,1685225595544,38793,163499032,460,1390979,86542803
84f36b30d0e0,d3de662ef16b,20,1685225607867,38793,163499032,460,1390979,86542803
84f36b30d0e0,d3de662ef16b,2,1685226024245,38793,163499032,460,1390979,86542803
84f36b30d0e0,d3de662ef16b,36,1685226024324,38793,163499032,460,1390979,86542803
84f36b30d0e0,d3de662ef16b,20,1685226039928,38793,163499032,460,1390979,86542803
84f36b30d0e0,d3de662ef16b,2,1685226136166,38793,163499032,460,1390979,86542803
84f36b30d0e0,d3de662ef16b,36,1685226136245,38793,163499032,460,1390979,86542803
84f36b30d0e0,d3de662ef16b,20,1685226136623,38793,163499032,460,1390979,86542803
84f36b30d0e0,d3de662ef16b,36,1685227009403,38793,163499032,460,1390979,86542803
84f36b30d0e0,d3de662ef16b,36,1685227022745,38793,163499032,460,1390979,86542803
84f36b30d0e0,d3de662ef16b,20,1685227022745,38793,163499032,460,1390979,86542803
84f36b30d0e0,d3de662ef16b,20,1685227036086,38793,163499032,460,1390979,86542803
84f36b30d0e0,d3de662ef16b,2,1685228138624,38793,163499032,460,1390979,86542803
84f36b30d0e0,d3de662ef16b,36,1685228138703,38793,163499032,460,1390979,86542803
84f36b30d0e0,d3de662ef16b,2,1685228151967,38793,163499032,460,1390979,86542803
84f36b30d0e0,d3de662ef16b,20,1685228164770,38793,163499032,460,1390979,86542803
84f36b30d0e0,d3de662ef16b,36,1685228770436,38793,163499032,460,1390979,86542803
84f36b30d0e0,d3de662ef16b,20,1685228791456,38793,163499032,460,1390979,86542803
84f36b30d0e0,d3de662ef16b,20,1685228804800,38793,163499032,460,1390979,86542803
84f36b30d0e0,d3de662ef16b,2,1685229021368,38793,163499032,460,1390979,86542803
84f36b30d0e0,d3de662ef16b,36,1685229021447,38793,163499032,460,1390979,86542803
84f36b30d0e0,d3de662ef16b,20,1685229036822,38793,163499032,460,1390979,86542803
84f36b30d0e0,d3de662ef16b,2,1685229295384,38793,163499032,460,1390979,86542803
84f36b30d0e0,d3de662ef16b,36,1685229295465,38793,163499032,460,1390979,86542803
84f36b30d0e0,d3de662ef16b,36,1685229308809,38793,163499032,460,1390979,86542803
84f36b30d0e0,d3de662ef16b,20,1685229322885,38793,163499032,460,1390979,86542803
84f36b30d0e0,d3de662ef16b,2,1685229441703,38793,163499032,460,1390979,86542803
84f36b30d0e0,d3de662ef16b,20,1685229468892,38793,163499032,460,1390979,86542803
84f36b30d0e0,d3de662ef16b,2,1685229646744,38793,163499032,460,1390979,86542803
84f36b30d0e0,d3de662ef16b,2,1685229660088,38793,163499032,460,1390979,86542803
84f36b30d0e0,d3de662ef16b,20,1685229663587,38793,163499032,460,1390979,86542803
84f36b30d0e0,d3de662ef16b,20,1685229676932,38793,163499032,460,1390979,86542803
84f36b30d0e0,d3de662ef16b,2,1685230023368,38793,163499032,460,1390979,86542803
84f36b30d0e0,d3de662ef16b,36,1685230023448,38793,163499032,460,1390979,86542803
84f36b30d0e0,d3de662ef16b,36,1685230461398,38793,163499032,460,1390979,86542803
84f36b30d0e0,d3de662ef16b,36,1685233010901,38793,163499032,460,1390979,86542803
84f36b30d0e0,d3de662ef16b,2,1685233024167,38793,163499032,460,1390979,86542803
84f36b30d0e0,d3de662ef16b,20,1685233024634,38793,163499032,460,1390979,86542803
84f36b30d0e0,d3de662ef16b,18,1685234291555,38793,163533592,460,1390979,86542803
84f36b30d0e0,d3de662ef16b,2,1685234304886,38793,163533592,460,1390979,86542803
84f36b30d0e0,d3de662ef16b,20,1685234305825,38793,163533592,460,1390979,86542803
84f36b30d0e0,d3de662ef16b,20,1685234319169,38793,163533592,460,1390979,86542803
84f36b30d0e0,d3de662ef16b,2,1685234488963,38793,163533592,460,1390979,86542803
84f36b30d0e0,d3de662ef16b,18,1685234502320,38793,163533592,460,1390979,86542803
84f36b30d0e0,d3de662ef16b,36,1685234502389,38793,163533592,460,1390979,86542803
84f36b30d0e0,d3de662ef16b,20,1685234519171,38793,163533592,460,1390979,86542803
84f36b30d0e0,d3de662ef16b,14,1685234598208,38793,162744088,460,1390979,86542803
84f36b30d0e0,d3de662ef16b,2,1685234610045,38793,163533592,460,1390979,86542803
84f36b30d0e0,d3de662ef16b,18,1685234610058,38793,163533592,460,1390979,86542803
84f36b30d0e0,d3de662ef16b,36,1685234610132,38793,163533592,460,1390979,86542803
84f36b30d0e0,d3de662ef16b,14,1685234611551,38793,162744088,460,1390979,86542803
84f36b30d0e0,d3de662ef16b,20,1685234613297,38793,162744088,460,1390979,86542803
84f36b30d0e0,d3de662ef16b,20,1685234626641,38793,162744088,460,1390979,86542803
84f36b30d0e0,d3de662ef16b,2,1685234826486,38793,163499032,460,1390979,86542803
84f36b30d0e0,d3de662ef16b,36,1685234826565,38793,163499032,460,1390979,86542803
84f36b30d0e0,d3de662ef16b,20,1685234840622,38793,163499032,460,1390979,86542803
84f36b30d0e0,d3de662ef16b,2,1685235022862,38793,163499032,460,1390979,86542803
84f36b30d0e0,d3de662ef16b,2,1685235036205,38793,163499032,460,1390979,86542803
84f36b30d0e0,d3de662ef16b,36,1685235036280,38793,163499032,460,1390979,86542803
84f36b30d0e0,d3de662ef16b,20,1685235048652,38793,163499032,460,1390979,86542803
84f36b30d0e0,d3de662ef16b,20,1685235159324,38793,163499032,460,1390979,86542803
84f36b30d0e0,d3de662ef16b,20,1685235172668,38793,163499032,460,1390979,86542803
84f36b30d0e0,d3de662ef16b,2,1685235249180,38793,163499032,460,1390979,86542803
84f36b30d0e0,d3de662ef16b,20,1685235262672,38793,163499032,460,1390979,86542803
84f36b30d0e0,d3de662ef16b,36,1685235874276,38793,163499032,460,1390979,86542803
84f36b30d0e0,d3de662ef16b,20,1685235887518,38793,163499032,460,1390979,86542803
84f36b30d0e0,d3de662ef16b,2,1685235887544,38793,163499032,460,1390979,86542803
84f36b30d0e0,d3de662ef16b,36,1685235887618,38793,163499032,460,1390979,86542803
84f36b30d0e0,d3de662ef16b,20,1685235900861,38793,163499032,460,1390979,86542803
84f36b30d0e0,d3de662ef16b,2,1685236011602,38793,163499032,460,1390979,86542803
84f36b30d0e0,d3de662ef16b,20,1685236038878,38793,163499032,460,1390979,86542803
84f36b30d0e0,d3de662ef16b,36,1685236039238,38793,163499032,460,1390979,86542803
84f36b30d0e0,d3de662ef16b,20,1685236052878,38793,163499032,460,1390979,86542803
84f36b30d0e0,d3de662ef16b,36,1685236298602,38793,163499032,460,1390979,86542803
84f36b30d0e0,d3de662ef16b,20,1685236311548,38793,163499032,460,1390979,86542803
84f36b30d0e0,d3de662ef16b,20,1685236324890,38793,163499032,460,1390979,86542803
84f36b30d0e0,d3de662ef16b,20,1685236737608,38793,163499032,460,1390979,86542803
84f36b30d0e0,d3de662ef16b,36,1685236737742,38793,163499032,460,1390979,86542803
84f36b30d0e0,d3de662ef16b,20,1685236750950,38793,163499032,460,1390979,86542803
84f36b30d0e0,d3de662ef16b,2,1685236935922,38793,163499032,460,1390979,86542803
84f36b30d0e0,d3de662ef16b,36,1685236935996,38793,163499032,460,1390979,86542803
84f36b30d0e0,d3de662ef16b,2,1685236949263,38793,163499032,460,1390979,86542803
84f36b30d0e0,d3de662ef16b,36,1685236949337,38793,163499032,460,1390979,86542803
84f36b30d0e0,d3de662ef16b,20,1685236962969,38793,163499032,460,1390979,86542803
84f36b30d0e0,d3de662ef16b,2,1685237362782,38793,163499032,460,1390979,86542803
84f36b30d0e0,d3de662ef16b,36,1685237362860,38793,163499032,460,1390979,86542803
84f36b30d0e0,d3de662ef16b,36,1685237376201,38793,163499032,460,1390979,86542803
84f36b30d0e0,d3de662ef16b,2,1685237790122,38793,163499032,460,1390979,86542803
84f36b30d0e0,d3de662ef16b,2,1685237803462,38793,163499032,460,1390979,86542803
84f36b30d0e0,d3de662ef16b,36,1685239025675,38793,163499032,460,1390979,86542803
84f36b30d0e0,d3de662ef16b,20,1685239039694,38793,163499032,460,1390979,86542803
84f36b30d0e0,d3de662ef16b,4,1685241503385,38793,163499032,460,1390979,86542803
84f36b30d0e0,d3de662ef16b,20,1685241516792,38793,163499032,460,1390979,86542803
84f36b30d0e0,d3de662ef16b,36,1685241517793,38793,163499032,460,1390979,86542803
84f36b30d0e0,d3de662ef16b,14,1685241596365,38793,163499035,460,1390979,86542803
84f36b30d0e0,d3de662ef16b,2,1685241604926,38793,162744088,460,1390979,86542803
84f36b30d0e0,d3de662ef16b,14,1685241609698,38793,163499035,460,1390979,86542803
84f36b30d0e0,d3de662ef16b,20,1685241679262,38793,163499035,460,1390979,86542803
84f36b30d0e0,d3de662ef16b,36,1685241775829,38793,162744091,460,1390979,86542803
84f36b30d0e0,d3de662ef16b,20,1685241864127,38793,162744091,460,1390979,86542803
84f36b30d0e0,d3de662ef16b,20,1685242034468,38793,162744091,460,1390979,86542803
84f36b30d0e0,d3de662ef16b,20,1685242047800,38793,162744091,460,1390979,86542803
84f36b30d0e0,d3de662ef16b,18,1685242143630,38793,162744091,460,1390979,86542803
84f36b30d0e0,d3de662ef16b,2,1685242156965,38793,162744091,460,1390979,86542803
84f36b30d0e0,d3de662ef16b,20,1685242218459,38793,162744091,460,1390979,86542803
84f36b30d0e0,d3de662ef16b,20,1685242231791,38793,162744091,460,1390979,86542803
84f36b30d0e0,d3de662ef16b,2,1685242327723,38793,162744091,460,1390979,86542803
84f36b30d0e0,d3de662ef16b,36,1685242327860,38793,162744091,460,1390979,86542803
84f36b30d0e0,d3de662ef16b,20,1685242402792,38793,162744091,460,1390979,86542803
84f36b30d0e0,d3de662ef16b,20,1685242416123,38793,162744091,460,1390979,86542803
84f36b30d0e0,d3de662ef16b,2,1685242525101,38793,162744091,460,1390979,86542803
84f36b30d0e0,d3de662ef16b,36,1685242525200,38793,162744091,460,1390979,86542803
84f36b30d0e0,d3de662ef16b,20,1685242586793,38793,162744091,460,1390979,86542803
84f36b30d0e0,d3de662ef16b,20,1685242600125,38793,162744091,460,1390979,86542803
84f36b30d0e0,d3de662ef16b,2,1685242695853,38793,162744091,460,1390979,86542803
84f36b30d0e0,d3de662ef16b,2,1685242709184,38793,162744091,460,1390979,86542803
84f36b30d0e0,d3de662ef16b,2,1685242879932,38793,162744091,460,1390979,86542803
84f36b30d0e0,d3de662ef16b,36,1685242880068,38793,162744091,460,1390979,86542803
84f36b30d0e0,d3de662ef16b,2,1685242893263,38793,162744091,460,1390979,86542803
84f36b30d0e0,d3de662ef16b,2,1685243063993,38793,162744091,460,1390979,86542803
84f36b30d0e0,d3de662ef16b,2,1685243077324,38793,162744091,460,1390979,86542803
84f36b30d0e0,d3de662ef16b,20,1685243152121,38793,162744091,460,1390979,86542803
84f36b30d0e0,d3de662ef16b,36,1685243248298,38793,162744091,460,1390979,86542803
84f36b30d0e0,d3de662ef16b,36,1685243261627,38793,162744091,460,1390979,86542803
84f36b30d0e0,d3de662ef16b,20,1685243336123,38793,162744091,460,1390979,86542803
84f36b30d0e0,d3de662ef16b,2,1685243432144,38793,162744091,460,1390979,86542803
84f36b30d0e0,d3de662ef16b,36,1685243432394,38793,162744091,460,1390979,86542803
84f36b30d0e0,d3de662ef16b,36,1685243445724,38793,162744091,460,1390979,86542803
84f36b30d0e0,d3de662ef16b,20,1685243506465,38793,162744091,460,1390979,86542803
84f36b30d0e0,d3de662ef16b,20,1685243519794,38793,162744091,460,1390979,86542803
84f36b30d0e0,d3de662ef16b,2,1685243616172,38793,163533592,460,1390979,86542803
84f36b30d0e0,d3de662ef16b,18,1685243616184,38793,163533592,460,1390979,86542803
84f36b30d0e0,d3de662ef16b,2,1685243629502,38793,163533592,460,1390979,86542803
84f36b30d0e0,d3de662ef16b,18,1685243629514,38793,163533592,460,1390979,86542803
84f36b30d0e0,d3de662ef16b,36,1685243629589,38793,163533592,460,1390979,86542803
84f36b30d0e0,d3de662ef16b,14,1685243632195,38793,163499035,460,1390979,86542803
84f36b30d0e0,d3de662ef16b,20,1685243690264,38793,163499035,460,1390979,86542803
84f36b30d0e0,d3de662ef16b,2,1685243800233,38793,163533592,460,1390979,86542803
84f36b30d0e0,d3de662ef16b,14,1685243802205,38793,163499035,460,1390979,86542803
84f36b30d0e0,d3de662ef16b,20,1685243874352,38793,163499035,460,1390979,86542803
84f36b30d0e0,d3de662ef16b,20,1685243887681,38793,163499035,460,1390979,86542803
84f36b30d0e0,d3de662ef16b,2,1685243984313,38793,163533592,460,1390979,86542803
84f36b30d0e0,d3de662ef16b,36,1685243984394,38793,163533592,460,1390979,86542803
84f36b30d0e0,d3de662ef16b,14,1685243987025,38793,163499035,460,1390979,86542803
84f36b30d0e0,d3de662ef16b,18,1685243997655,38793,163533592,460,1390979,86542803
84f36b30d0e0,d3de662ef16b,36,1685243997723,38793,163533592,460,1390979,86542803
84f36b30d0e0,d3de662ef16b,20,1685244058411,38793,163499035,460,1390979,86542803
84f36b30d0e0,d3de662ef16b,20,1685244071740,38793,163499035,460,1390979,86542803
84f36b30d0e0,d3de662ef16b,2,1685244181741,38793,162744091,460,1390979,86542803
84f36b30d0e0,d3de662ef16b,36,1685244181965,38793,162744091,460,1390979,86542803
84f36b30d0e0,d3de662ef16b,2,1685244365842,38793,162744091,460,1390979,86542803
84f36b30d0e0,d3de662ef16b,20,1685244426797,38793,162744091,460,1390979,86542803
84f36b30d0e0,d3de662ef16b,2,1685244550007,38793,162744091,460,1390979,86542803
84f36b30d0e0,d3de662ef16b,36,1685244550558,38793,162744091,460,1390979,86542803
84f36b30d0e0,d3de662ef16b,20,1685244561802,38793,162744091,460,1390979,86542803
84f36b30d0e0,d3de662ef16b,20,1685244612789,38793,162744091,460,1390979,86542803
84f36b30d0e0,d3de662ef16b,2,1685244738253,38793,162744091,460,1390979,86542803
84f36b30d0e0,d3de662ef16b,20,1685244747081,38793,162744091,460,1390979,86542803
84f36b30d0e0,d3de662ef16b,2,1685244757767,38793,162744091,460,1390979,86542803
84f36b30d0e0,d3de662ef16b,36,1685244758256,38793,162744091,460,1390979,86542803
84f36b30d0e0,d3de662ef16b,2,1685244771095,38793,162744091,460,1390979,86542803
84f36b30d0e0,d3de662ef16b,20,1685244779783,38793,162744091,460,1390979,86542803
84f36b30d0e0,d3de662ef16b,2,1685245310096,38793,162744091,460,1390979,86542803
84f36b30d0e0,d3de662ef16b,36,1685245310427,38793,162744091,460,1390979,86542803
84f36b30d0e0,d3de662ef16b,18,1685245320940,38793,162744091,460,1390979,86542803
84f36b30d0e0,d3de662ef16b,2,1685245320943,38793,162744091,460,1390979,86542803
84f36b30d0e0,d3de662ef16b,36,1685245321413,38793,162744091,460,1390979,86542803
84f36b30d0e0,d3de662ef16b,20,1685245332798,38793,162744091,460,1390979,86542803
84f36b30d0e0,d3de662ef16b,2,1685245334271,38793,162744091,460,1390979,86542803
84f36b30d0e0,d3de662ef16b,20,1685245346126,38793,162744091,460,1390979,86542803
84f36b30d0e0,d3de662ef16b,2,1685245347226,38793,162744091,460,1390979,86542803
84f36b30d0e0,d3de662ef16b,36,1685245347390,38793,162744091,460,1390979,86542803
84f36b30d0e0,d3de662ef16b,20,1685245356459,38793,162744091,460,1390979,86542803
84f36b30d0e0,d3de662ef16b,36,1685245457307,38793,162744091,460,1390979,86542803
84f36b30d0e0,d3de662ef16b,36,1685245470635,38793,162744091,460,1390979,86542803
84f36b30d0e0,d3de662ef16b,20,1685245530461,38793,162744091,460,1390979,86542803
84f36b30d0e0,d3de662ef16b,18,1685245640984,38793,163533592,460,1390979,86542803
84f36b30d0e0,d3de662ef16b,14,1685245642945,38793,163499035,460,1390979,86542803
84f36b30d0e0,d3de662ef16b,36,1685245654390,38793,163533592,460,1390979,86542803
84f36b30d0e0,d3de662ef16b,20,1685245714848,38793,163499035,460,1390979,86542803
84f36b30d0e0,d3de662ef16b,20,1685245728176,38793,163499035,460,1390979,86542803
84f36b30d0e0,d3de662ef16b,2,1685245825043,38793,163533592,460,1390979,86542803
84f36b30d0e0,d3de662ef16b,18,1685245825054,38793,163533592,460,1390979,86542803
84f36b30d0e0,d3de662ef16b,36,1685245825122,38793,163533592,460,1390979,86542803
84f36b30d0e0,d3de662ef16b,2,1685245838371,38793,163533592,460,1390979,86542803
84f36b30d0e0,d3de662ef16b,18,1685245838382,38793,163533592,460,1390979,86542803
84f36b30d0e0,d3de662ef16b,36,1685245838450,38793,163533592,460,1390979,86542803
84f36b30d0e0,d3de662ef16b,2,1685246022480,38793,162744091,460,1390979,86542803
84f36b30d0e0,d3de662ef16b,20,1685246281362,38793,163499032,460,1390979,86542803
84f36b30d0e0,d3de662ef16b,2,1685246390708,38793,163499032,460,1390979,86542803
84f36b30d0e0,d3de662ef16b,36,1685246390783,38793,163499032,460,1390979,86542803
84f36b30d0e0,d3de662ef16b,2,1685246561339,38793,163499032,460,1390979,86542803
84f36b30d0e0,d3de662ef16b,2,1685246574667,38793,163499032,460,1390979,86542803
84f36b30d0e0,d3de662ef16b,2,1685246745400,38793,163533592,460,1390979,86542803
84f36b30d0e0,d3de662ef16b,18,1685246745413,38793,163533592,460,1390979,86542803
84f36b30d0e0,d3de662ef16b,36,1685246745487,38793,163533592,460,1390979,86542803
84f36b30d0e0,d3de662ef16b,2,1685246758728,38793,163533592,460,1390979,86542803
84f36b30d0e0,d3de662ef16b,18,1685246758740,38793,163533592,460,1390979,86542803
84f36b30d0e0,d3de662ef16b,36,1685246758814,38793,163533592,460,1390979,86542803
84f36b30d0e0,d3de662ef16b,20,1685246819221,38793,163499035,460,1390979,86542803
84f36b30d0e0,d3de662ef16b,2,1685246929512,38793,162744091,460,1390979,86542803
84f36b30d0e0,d3de662ef16b,2,1685246942839,38793,162744091,460,1390979,86542803
84f36b30d0e0,d3de662ef16b,36,1685246942989,38793,162744091,460,1390979,86542803
84f36b30d0e0,d3de662ef16b,20,1685247002789,38793,162744091,460,1390979,86542803
84f36b30d0e0,d3de662ef16b,18,1685247113610,38793,162744091,460,1390979,86542803
84f36b30d0e0,d3de662ef16b,36,1685247113918,38793,162744091,460,1390979,86542803
84f36b30d0e0,d3de662ef16b,20,1685247188461,38793,162744091,460,1390979,86542803
84f36b30d0e0,d3de662ef16b,20,1685247201788,38793,162744091,460,1390979,86542803
84f36b30d0e0,d3de662ef16b,18,1685247297732,38793,162744091,460,1390979,86542803
84f36b30d0e0,d3de662ef16b,2,1685247297736,38793,162744091,460,1390979,86542803
84f36b30d0e0,d3de662ef16b,36,1685247298172,38793,162744091,460,1390979,86542803
84f36b30d0e0,d3de662ef16b,20,1685247372464,38793,162744091,460,1390979,86542803
84f36b30d0e0,d3de662ef16b,20,1685247385791,38793,162744091,460,1390979,86542803
84f36b30d0e0,d3de662ef16b,2,1685247481802,38793,162744091,460,1390979,86542803
84f36b30d0e0,d3de662ef16b,20,1685247492795,38793,162744091,460,1390979,86542803
84f36b30d0e0,d3de662ef16b,36,1685247495133,38793,162744091,460,1390979,86542803
84f36b30d0e0,d3de662ef16b,36,1685247496054,38793,162744091,460,1390979,86542803
84f36b30d0e0,d3de662ef16b,2,1685247508109,38793,162744091,460,1390979,86542803
84f36b30d0e0,d3de662ef16b,20,1685247754115,38793,162744091,460,1390979,86542803
84f36b30d0e0,d3de662ef16b,2,1685247849871,38793,162744091,460,1390979,86542803
84f36b30d0e0,d3de662ef16b,36,1685247849987,38793,162744091,460,1390979,86542803
84f36b30d0e0,d3de662ef16b,2,1685247863198,38793,162744091,460,1390979,86542803
84f36b30d0e0,d3de662ef16b,36,1685247863314,38793,162744091,460,1390979,86542803
84f36b30d0e0,d3de662ef16b,20,1685247938118,38793,162744091,460,1390979,86542803
84f36b30d0e0,d3de662ef16b,2,1685248030417,38793,162744091,460,1390979,86542803
84f36b30d0e0,d3de662ef16b,36,1685248030566,38793,162744091,460,1390979,86542803
84f36b30d0e0,d3de662ef16b,2,1685248043743,38793,162744091,460,1390979,86542803
84f36b30d0e0,d3de662ef16b,36,1685248043893,38793,162744091,460,1390979,86542803
84f36b30d0e0,d3de662ef16b,20,1685248121793,38793,162744091,460,1390979,86542803
84f36b30d0e0,d3de662ef16b,18,1685248218019,38793,162744091,460,1390979,86542803
84f36b30d0e0,d3de662ef16b,2,1685248218023,38793,162744091,460,1390979,86542803
84f36b30d0e0,d3de662ef16b,20,1685248306123,38793,162744091,460,1390979,86542803
84f36b30d0e0,d3de662ef16b,18,1685248402070,38793,162744091,460,1390979,86542803
84f36b30d0e0,d3de662ef16b,36,1685248402197,38793,162744091,460,1390979,86542803
84f36b30d0e0,d3de662ef16b,36,1685248415524,38793,162744091,460,1390979,86542803
84f36b30d0e0,d3de662ef16b,20,1685248476797,38793,162744091,460,1390979,86542803
84f36b30d0e0,d3de662ef16b,2,1685248599518,38793,162744091,460,1390979,86542803
84f36b30d0e0,d3de662ef16b,36,1685248599785,38793,162744091,460,1390979,86542803
84f36b30d0e0,d3de662ef16b,20,1685248673787,38793,162744091,460,1390979,86542803
84f36b30d0e0,d3de662ef16b,2,1685248770230,38793,162744091,460,1390979,86542803
84f36b30d0e0,d3de662ef16b,2,1685248783557,38793,162744091,460,1390979,86542803
84f36b30d0e0,d3de662ef16b,36,1685248783667,38793,162744091,460,1390979,86542803
84f36b30d0e0,d3de662ef16b,20,1685248858120,38793,162744091,460,1390979,86542803
84f36b30d0e0,d3de662ef16b,2,1685248967629,38793,162744091,460,1390979,86542803
84f36b30d0e0,d3de662ef16b,36,1685248967860,38793,162744091,460,1390979,86542803
84f36b30d0e0,d3de662ef16b,18,1685249138373,38793,162744091,460,1390979,86542803
84f36b30d0e0,d3de662ef16b,2,1685249151698,38793,162744091,460,1390979,86542803
84f36b30d0e0,d3de662ef16b,18,1685249151699,38793,162744091,460,1390979,86542803
84f36b30d0e0,d3de662ef16b,36,1685249322671,38793,162744091,460,1390979,86542803
84f36b30d0e0,d3de662ef16b,18,1685249506509,38793,162744091,460,1390979,86542803
84f36b30d0e0,d3de662ef16b,36,1685249506636,38793,162744091,460,1390979,86542803
84f36b30d0e0,d3de662ef16b,2,1685249519838,38793,162744091,460,1390979,86542803
84f36b30d0e0,d3de662ef16b,2,1685249703918,38793,162744091,460,1390979,86542803
84f36b30d0e0,d3de662ef16b,36,1685249704034,38793,162744091,460,1390979,86542803
84f36b30d0e0,d3de662ef16b,20,1685249764794,38793,162744091,460,1390979,86542803
84f36b30d0e0,d3de662ef16b,20,1685249778121,38793,162744091,460,1390979,86542803
84f36b30d0e0,d3de662ef16b,2,1685249874632,38793,162744091,460,1390979,86542803
84f36b30d0e0,d3de662ef16b,36,1685249888047,38793,162744091,460,1390979,86542803
84f36b30d0e0,d3de662ef16b,2,1685250072058,38793,162744091,460,1390979,86542803
84f36b30d0e0,d3de662ef16b,36,1685250072176,38793,162744091,460,1390979,86542803
84f36b30d0e0,d3de662ef16b,36,1685250242941,38793,162744091,460,1390979,86542803
84f36b30d0e0,d3de662ef16b,2,1685250256109,38793,162744091,460,1390979,86542803
84f36b30d0e0,d3de662ef16b,20,1685250316791,38793,162744091,460,1390979,86542803
84f36b30d0e0,d3de662ef16b,2,1685250426850,38793,162744091,460,1390979,86542803
84f36b30d0e0,d3de662ef16b,2,1685250440178,38793,162744091,460,1390979,86542803
84f36b30d0e0,d3de662ef16b,36,1685250440310,38793,162744091,460,1390979,86542803
84f36b30d0e0,d3de662ef16b,20,1685250513791,38793,162744091,460,1390979,86542803
84f36b30d0e0,d3de662ef16b,36,1685250611068,38793,162744091,460,1390979,86542803
84f36b30d0e0,d3de662ef16b,20,1685250697794,38793,162744091,460,1390979,86542803
84f36b30d0e0,d3de662ef16b,36,1685250795098,38793,162744091,460,1390979,86542803
84f36b30d0e0,d3de662ef16b,36,1685250808426,38793,162744091,460,1390979,86542803
84f36b30d0e0,d3de662ef16b,20,1685250882115,38793,162744091,460,1390979,86542803
84f36b30d0e0,d3de662ef16b,18,1685250979087,38793,162744091,460,1390979,86542803
84f36b30d0e0,d3de662ef16b,2,1685250979091,38793,162744091,460,1390979,86542803
84f36b30d0e0,d3de662ef16b,2,1685250992419,38793,162744091,460,1390979,86542803
84f36b30d0e0,d3de662ef16b,20,1685251052460,38793,162744091,460,1390979,86542803
84f36b30d0e0,d3de662ef16b,20,1685251065788,38793,162744091,460,1390979,86542803
84f36b30d0e0,d3de662ef16b,36,1685251163235,38793,162744091,460,1390979,86542803
84f36b30d0e0,d3de662ef16b,2,1685251176459,38793,162744091,460,1390979,86542803
84f36b30d0e0,d3de662ef16b,2,1685251347191,38793,162744091,460,1390979,86542803
84f36b30d0e0,d3de662ef16b,36,1685251347295,38793,162744091,460,1390979,86542803
84f36b30d0e0,d3de662ef16b,36,1685251360624,38793,162744091,460,1390979,86542803
84f36b30d0e0,d3de662ef16b,20,1685251433793,38793,162744091,460,1390979,86542803
84f36b30d0e0,d3de662ef16b,36,1685251531387,38793,162744091,460,1390979,86542803
84f36b30d0e0,d3de662ef16b,2,1685251544620,38793,162744091,460,1390979,86542803
84f36b30d0e0,d3de662ef16b,36,1685251544715,38793,162744091,460,1390979,86542803
84f36b30d0e0,d3de662ef16b,20,1685251619786,38793,162744091,460,1390979,86542803
84f36b30d0e0,d3de662ef16b,2,1685251715351,38793,162744091,460,1390979,86542803
84f36b30d0e0,d3de662ef16b,36,1685251728785,38793,162744091,460,1390979,86542803
84f36b30d0e0,d3de662ef16b,20,1685251789880,38793,162744091,460,1390979,86542803
84f36b30d0e0,d3de662ef16b,2,1685254038809,38793,162744091,460,1390979,86542803
84f36b30d0e0,d3de662ef16b,36,1685254052277,38793,162744091,460,1390979,86542803
84f36b30d0e0,d3de662ef16b,20,1685254064459,38793,162744091,460,1390979,86542803
84f36b30d0e0,d3de662ef16b,20,1685254077792,38793,162744091,460,1390979,86542803
84f36b30d0e0,d3de662ef16b,2,1685255075911,38793,162744091,460,1390979,86542803
84f36b30d0e0,d3de662ef16b,2,1685255089246,38793,162744091,460,1390979,86542803
84f36b30d0e0,d3de662ef16b,20,1685255101798,38793,162744091,460,1390979,86542803
84f36b30d0e0,d3de662ef16b,5,1685256109072,38793,163499032,460,1390979,86542803
84f36b30d0e0,d3de662ef16b,18,1685256109110,38793,163499032,460,1390979,86542803
84f36b30d0e0,d3de662ef16b,36,1685256109161,38793,163499032,460,1390979,86542803
84f36b30d0e0,d3de662ef16b,5,1685256122410,38793,163499032,460,1390979,86542803
84f36b30d0e0,d3de662ef16b,18,1685256122448,38793,163499032,460,1390979,86542803
84f36b30d0e0,d3de662ef16b,20,1685256133405,38793,163499032,460,1390979,86542803
84f36b30d0e0,d3de662ef16b,4,1685256136348,38793,163499032,460,1390979,86542803
84f36b30d0e0,d3de662ef16b,2,1685256137378,38793,163499032,460,1390979,86542803
84f36b30d0e0,d3de662ef16b,34,1685256137844,38793,163499032,460,1390979,86542803
84f36b30d0e0,d3de662ef16b,14,1685256146129,38793,162744088,460,1390979,86542803
84f36b30d0e0,d3de662ef16b,20,1685256146743,38793,163499032,460,1390979,86542803
84f36b30d0e0,d3de662ef16b,2,1685256150716,38793,163499032,460,1390979,86542803
84f36b30d0e0,d3de662ef16b,13,1685256151182,38793,163499032,460,1390979,86542803
84f36b30d0e0,d3de662ef16b,14,1685256159467,38793,162744088,460,1390979,86542803
84f36b30d0e0,d3de662ef16b,14,1685256171282,38793,163499035,460,1390979,86542803
84f36b30d0e0,d3de662ef16b,21,1685256172515,38793,163499035,460,1390979,86542803
84f36b30d0e0,d3de662ef16b,11,1685256172515,38793,163499035,460,1390979,86542803
84f36b30d0e0,d3de662ef16b,14,1685256174063,38793,162744088,460,1390979,86542803
84f36b30d0e0,d3de662ef16b,14,1685256184620,38793,163499035,460,1390979,86542803
84f36b30d0e0,d3de662ef16b,21,1685256185853,38793,163499035,460,1390979,86542803
84f36b30d0e0,d3de662ef16b,20,1685256198626,38793,162744088,460,1390979,86542803
84f36b30d0e0,d3de662ef16b,36,1685257064598,38793,163499032,460,1390979,86542803
84f36b30d0e0,d3de662ef16b,20,1685257065729,38793,163499032,460,1390979,86542803
84f36b30d0e0,d3de662ef16b,20,1685257079070,38793,163499032,460,1390979,86542803
84f36b30d0e0,d3de662ef16b,41,1685258931797,38793,163533592,460,1390979,86542803
84f36b30d0e0,d3de662ef16b,36,1685258931835,38793,163533592,460,1390979,86542803
84f36b30d0e0,d3de662ef16b,67,1685258931886,38793,163533592,460,1390979,86542803
84f36b30d0e0,d3de662ef16b,7,1685258932308,38793,163533592,460,1390979,86542803
84f36b30d0e0,d3de662ef16b,41,1685258932418,38793,163533592,460,1390979,86542803
84f36b30d0e0,d3de662ef16b,8,1685258933043,38793,163533592,460,1390979,86542803
84f36b30d0e0,d3de662ef16b,11,1685258933059,38793,163533592,460,1390979,86542803
84f36b30d0e0,d3de662ef16b,21,1685258933059,38793,163533592,460,1390979,86542803
84f36b30d0e0,d3de662ef16b,14,1685258933358,38793,162744088,460,1390979,86542803
84f36b30d0e0,d3de662ef16b,31,1685258944871,38793,163533592,460,1390979,86542803
84f36b30d0e0,d3de662ef16b,18,1685258945142,38793,163533592,460,1390979,86542803
84f36b30d0e0,d3de662ef16b,41,1685258945142,38793,163533592,460,1390979,86542803
84f36b30d0e0,d3de662ef16b,36,1685258945180,38793,163533592,460,1390979,86542803
84f36b30d0e0,d3de662ef16b,67,1685258945231,38793,163533592,460,1390979,86542803
84f36b30d0e0,d3de662ef16b,8,1685258946388,38793,163533592,460,1390979,86542803
84f36b30d0e0,d3de662ef16b,21,1685258946404,38793,163533592,460,1390979,86542803
84f36b30d0e0,d3de662ef16b,11,1685258946404,38793,163533592,460,1390979,86542803
84f36b30d0e0,d3de662ef16b,20,1685258959281,38793,162744088,460,1390979,86542803
84f36b30d0e0,d3de662ef16b,20,1685258972626,38793,162744088,460,1390979,86542803
84f36b30d0e0,d3de662ef16b,2,1685261935923,38793,162744088,460,1390979,86542803
84f36b30d0e0,d3de662ef16b,20,1685261949280,38793,162744088,460,1390979,86542803
84f36b30d0e0,d3de662ef16b,20,1685261962628,38793,162744088,460,1390979,86542803
84f36b30d0e0,d3de662ef16b,2,1685262096719,38793,162744088,460,1390979,86542803
84f36b30d0e0,d3de662ef16b,18,1685262096720,38793,162744088,460,1390979,86542803
84f36b30d0e0,d3de662ef16b,36,1685262110127,38793,162744088,460,1390979,86542803
84f36b30d0e0,d3de662ef16b,20,1685262123282,38793,162744088,460,1390979,86542803
84f36b30d0e0,d3de662ef16b,2,1685262126773,38793,162744088,460,1390979,86542803
84f36b30d0e0,d3de662ef16b,36,1685262126837,38793,162744088,460,1390979,86542803
84f36b30d0e0,d3de662ef16b,20,1685262136631,38793,162744088,460,1390979,86542803
84f36b30d0e0,d3de662ef16b,20,1685262139282,38793,162744088,460,1390979,86542803
84f36b30d0e0,d3de662ef16b,36,1685262140186,38793,162744088,460,1390979,86542803
84f36b30d0e0,d3de662ef16b,18,1685262143193,38793,162744088,460,1390979,86542803
84f36b30d0e0,d3de662ef16b,36,1685262143253,38793,162744088,460,1390979,86542803
84f36b30d0e0,d3de662ef16b,2,1685262156537,38793,162744088,460,1390979,86542803
84f36b30d0e0,d3de662ef16b,18,1685262159724,38793,162744088,460,1390979,86542803
84f36b30d0e0,d3de662ef16b,36,1685262159785,38793,162744088,460,1390979,86542803
84f36b30d0e0,d3de662ef16b,36,1685262173135,38793,162744088,460,1390979,86542803
84f36b30d0e0,d3de662ef16b,20,1685262173272,38793,162744088,460,1390979,86542803
84f36b30d0e0,d3de662ef16b,2,1685262176072,38793,162744088,460,1390979,86542803
84f36b30d0e0,d3de662ef16b,20,1685262186621,38793,162744088,460,1390979,86542803
84f36b30d0e0,d3de662ef16b,2,1685262189421,38793,162744088,460,1390979,86542803
84f36b30d0e0,d3de662ef16b,18,1685262189426,38793,162744088,460,1390979,86542803
84f36b30d0e0,d3de662ef16b,18,1685262192716,38793,162744088,460,1390979,86542803
84f36b30d0e0,d3de662ef16b,20,1685262202624,38793,162744088,460,1390979,86542803
84f36b30d0e0,d3de662ef16b,20,1685262205274,38793,162744088,460,1390979,86542803
84f36b30d0e0,d3de662ef16b,2,1685262206062,38793,162744088,460,1390979,86542803
84f36b30d0e0,d3de662ef16b,18,1685262206065,38793,162744088,460,1390979,86542803
84f36b30d0e0,d3de662ef16b,36,1685262209144,38793,162744088,460,1390979,86542803
84f36b30d0e0,d3de662ef16b,20,1685262218623,38793,162744088,460,1390979,86542803
84f36b30d0e0,d3de662ef16b,20,1685262221273,38793,162744088,460,1390979,86542803
84f36b30d0e0,d3de662ef16b,2,1685262222424,38793,162744088,460,1390979,86542803
84f36b30d0e0,d3de662ef16b,18,1685262222429,38793,162744088,460,1390979,86542803
84f36b30d0e0,d3de662ef16b,36,1685262222494,38793,162744088,460,1390979,86542803
84f36b30d0e0,d3de662ef16b,18,1685262397517,38793,162744088,460,1390979,86542803
84f36b30d0e0,d3de662ef16b,36,1685262397579,38793,162744088,460,1390979,86542803
84f36b30d0e0,d3de662ef16b,4,1685262410211,38793,162744088,460,1390979,86542803
84f36b30d0e0,d3de662ef16b,18,1685262410866,38793,162744088,460,1390979,86542803
84f36b30d0e0,d3de662ef16b,36,1685262410929,38793,162744088,460,1390979,86542803
84f36b30d0e0,d3de662ef16b,20,1685262411276,38793,162744088,460,1390979,86542803
84f36b30d0e0,d3de662ef16b,20,1685262424625,38793,162744088,460,1390979,86542803
84f36b30d0e0,d3de662ef16b,18,1685262704710,38793,162744088,460,1390979,86542803
84f36b30d0e0,d3de662ef16b,36,1685262704762,38793,162744088,460,1390979,86542803
84f36b30d0e0,d3de662ef16b,20,1685262717280,38793,162744088,460,1390979,86542803
84f36b30d0e0,d3de662ef16b,18,1685262718059,38793,162744088,460,1390979,86542803
84f36b30d0e0,d3de662ef16b,20,1685262730629,38793,162744088,460,1390979,86542803
84f36b30d0e0,d3de662ef16b,2,1685264937566,38793,162744088,460,1390979,86542803
84f36b30d0e0,d3de662ef16b,36,1685264937631,38793,162744088,460,1390979,86542803
84f36b30d0e0,d3de662ef16b,2,1685264950919,38793,162744088,460,1390979,86542803
84f36b30d0e0,d3de662ef16b,18,1685264950923,38793,162744088,460,1390979,86542803
84f36b30d0e0,d3de662ef16b,36,1685264950984,38793,162744088,460,1390979,86542803
84f36b30d0e0,d3de662ef16b,20,1685264951269,38793,162744088,460,1390979,86542803
84f36b30d0e0,d3de662ef16b,2,1685267746645,38793,162744088,460,1390979,86542803
84f36b30d0e0,d3de662ef16b,36,1685267746717,38793,162744088,460,1390979,86542803
84f36b30d0e0,d3de662ef16b,4,1685267758906,38793,162744088,460,1390979,86542803
84f36b30d0e0,d3de662ef16b,36,1685267760070,38793,162744088,460,1390979,86542803
84f36b30d0e0,d3de662ef16b,2,1685267939550,38793,162744088,460,1390979,86542803
84f36b30d0e0,d3de662ef16b,36,1685267939622,38793,162744088,460,1390979,86542803
84f36b30d0e0,d3de662ef16b,20,1685267953275,38793,162744088,460,1390979,86542803
84f36b30d0e0,d3de662ef16b,18,1685270940503,38793,163499032,460,1390979,86542803
84f36b30d0e0,d3de662ef16b,36,1685270940563,38793,163499032,460,1390979,86542803
84f36b30d0e0,d3de662ef16b,2,1685270953848,38793,163499032,460,1390979,86542803
84f36b30d0e0,d3de662ef16b,18,1685270953851,38793,163499032,460,1390979,86542803
84f36b30d0e0,d3de662ef16b,36,1685270953911,38793,163499032,460,1390979,86542803
84f36b30d0e0,d3de662ef16b,20,1685270954764,38793,163499032,460,1390979,86542803
84f36b30d0e0,d3de662ef16b,4,1685271897393,38793,163499032,460,1390979,86542803
84f36b30d0e0,d3de662ef16b,36,1685271898004,38793,163499032,460,1390979,86542803
84f36b30d0e0,d3de662ef16b,4,1685271910739,38793,163499032,460,1390979,86542803
84f36b30d0e0,d3de662ef16b,18,1685271911291,38793,163499032,460,1390979,86542803
84f36b30d0e0,d3de662ef16b,36,1685271911350,38793,163499032,460,1390979,86542803
84f36b30d0e0,d3de662ef16b,2,1685273941195,38793,163533592,460,1390979,86542803
84f36b30d0e0,d3de662ef16b,36,1685273941269,38793,163533592,460,1390979,86542803
84f36b30d0e0,d3de662ef16b,14,1685273942700,38793,162744088,460,1390979,86542803
84f36b30d0e0,d3de662ef16b,20,1685273953280,38793,162744088,460,1390979,86542803
84f36b30d0e0,d3de662ef16b,2,1685273954538,38793,163533592,460,1390979,86542803
84f36b30d0e0,d3de662ef16b,36,1685273954612,38793,163533592,460,1390979,86542803
84f36b30d0e0,d3de662ef16b,14,1685273956043,38793,162744088,460,1390979,86542803
84f36b30d0e0,d3de662ef16b,36,1685276941905,38793,163533592,460,1390979,86542803
84f36b30d0e0,d3de662ef16b,14,1685276944762,38793,163499032,460,1390979,86542803
84f36b30d0e0,d3de662ef16b,2,1685276955164,38793,163533592,460,1390979,86542803
84f36b30d0e0,d3de662ef16b,36,1685276955245,38793,163533592,460,1390979,86542803
84f36b30d0e0,d3de662ef16b,20,1685276955974,38793,163499032,460,1390979,86542803
84f36b30d0e0,d3de662ef16b,18,1685279942622,38793,163533592,460,1390979,86542803
84f36b30d0e0,d3de662ef16b,36,1685279942702,38793,163533592,460,1390979,86542803
84f36b30d0e0,d3de662ef16b,14,1685279944068,38793,162744088,460,1390979,86542803
84f36b30d0e0,d3de662ef16b,20,1685279955270,38793,162744088,460,1390979,86542803
84f36b30d0e0,d3de662ef16b,2,1685279955960,38793,163533592,460,1390979,86542803
84f36b30d0e0,d3de662ef16b,18,1685279955960,38793,163533592,460,1390979,86542803
84f36b30d0e0,d3de662ef16b,14,1685279957406,38793,162744088,460,1390979,86542803
84f36b30d0e0,d3de662ef16b,20,1685279968608,38793,162744088,460,1390979,86542803
84f36b30d0e0,d3de662ef16b,2,1685282943453,38793,163533592,460,1390979,86542803
84f36b30d0e0,d3de662ef16b,36,1685282943533,38793,163533592,460,1390979,86542803
84f36b30d0e0,d3de662ef16b,14,1685282944930,38793,163499032,460,1390979,86542803
84f36b30d0e0,d3de662ef16b,20,1685282955444,38793,163499032,460,1390979,86542803
84f36b30d0e0,d3de662ef16b,2,1685282956791,38793,163533592,460,1390979,86542803
84f36b30d0e0,d3de662ef16b,36,1685282956872,38793,163533592,460,1390979,86542803
84f36b30d0e0,d3de662ef16b,14,1685282958268,38793,163499032,460,1390979,86542803
84f36b30d0e0,d3de662ef16b,20,1685282968782,38793,163499032,460,1390979,86542803
84f36b30d0e0,d3de662ef16b,4,1685284316809,38793,163533592,460,1390979,86542803
84f36b30d0e0,d3de662ef16b,2,1685284317155,38793,163533592,460,1390979,86542803
84f36b30d0e0,d3de662ef16b,18,1685284317155,38793,163533592,460,1390979,86542803
84f36b30d0e0,d3de662ef16b,36,1685284317232,38793,163533592,460,1390979,86542803
84f36b30d0e0,d3de662ef16b,14,1685284318632,38793,163499032,460,1390979,86542803
84f36b30d0e0,d3de662ef16b,20,1685284330130,38793,163499032,460,1390979,86542803
84f36b30d0e0,d3de662ef16b,4,1685284330148,38793,163533592,460,1390979,86542803
84f36b30d0e0,d3de662ef16b,18,1685284330494,38793,163533592,460,1390979,86542803
84f36b30d0e0,d3de662ef16b,36,1685284330572,38793,163533592,460,1390979,86542803
84f36b30d0e0,d3de662ef16b,14,1685284331971,38793,163499032,460,1390979,86542803
84f36b30d0e0,d3de662ef16b,20,1685284343469,38793,163499032,460,1390979,86542803
84f36b30d0e0,d3de662ef16b,2,1685285944063,38793,163533592,460,1390979,86542803
84f36b30d0e0,d3de662ef16b,36,1685285944141,38793,163533592,460,1390979,86542803
84f36b30d0e0,d3de662ef16b,14,1685285945540,38793,163499032,460,1390979,86542803
84f36b30d0e0,d3de662ef16b,20,1685285956965,38793,163499032,460,1390979,86542803
84f36b30d0e0,d3de662ef16b,2,1685285957403,38793,163533592,460,1390979,86542803
84f36b30d0e0,d3de662ef16b,36,1685285957482,38793,163533592,460,1390979,86542803
84f36b30d0e0,d3de662ef16b,14,1685285958881,38793,163499032,460,1390979,86542803
84f36b30d0e0,d3de662ef16b,20,1685285970306,38793,163499032,460,1390979,86542803
84f36b30d0e0,d3de662ef16b,2,1685288944642,38793,163499032,460,1390979,86542803
84f36b30d0e0,d3de662ef16b,18,1685288944646,38793,163499032,460,1390979,86542803
84f36b30d0e0,d3de662ef16b,20,1685288957621,38793,163499032,460,1390979,86542803
84f36b30d0e0,d3de662ef16b,2,1685288957986,38793,163499032,460,1390979,86542803
84f36b30d0e0,d3de662ef16b,18,1685288957990,38793,163499032,460,1390979,86542803
84f36b30d0e0,d3de662ef16b,36,1685288958054,38793,163499032,460,1390979,86542803
84f36b30d0e0,d3de662ef16b,20,1685288970966,38793,163499032,460,1390979,86542803
