86acc21bbc8f,875e1aab534e,7,1685205243081,38759,163279640,460,1880975,86900805
86acc21bbc8f,875e1aab534e,31,1685205243663,38759,163279640,460,1880975,86900805
86acc21bbc8f,875e1aab534e,18,1685205244102,38759,163279640,460,1880975,86900805
86acc21bbc8f,875e1aab534e,7,1685205244239,38759,163279640,460,1880975,86900805
86acc21bbc8f,875e1aab534e,30,1685205256476,38759,163279640,460,1880975,86900805
86acc21bbc8f,875e1aab534e,18,1685205257430,38759,163279640,460,1880975,86900805
86acc21bbc8f,875e1aab534e,36,1685205257465,38759,163279640,460,1880975,86900805
86acc21bbc8f,875e1aab534e,67,1685205257509,38759,163279640,460,1880975,86900805
86acc21bbc8f,875e1aab534e,7,1685205257567,38759,163279640,460,1880975,86900805
86acc21bbc8f,875e1aab534e,41,1685205257695,38759,163279640,460,1880975,86900805
86acc21bbc8f,875e1aab534e,20,1685205266260,38759,163279640,460,1880975,86900805
86acc21bbc8f,875e1aab534e,5,1685205278365,38759,163279640,460,1880975,86900805
86acc21bbc8f,875e1aab534e,20,1685205278444,38759,163279640,460,1880975,86900805
86acc21bbc8f,875e1aab534e,20,1685205279588,38759,163279640,460,1880975,86900805
86acc21bbc8f,875e1aab534e,5,1685205291693,38759,163279640,460,1880975,86900805
86acc21bbc8f,875e1aab534e,20,1685205291772,38759,163279640,460,1880975,86900805
86acc21bbc8f,875e1aab534e,7,1685205690278,38759,163281176,460,1880975,86900805
86acc21bbc8f,875e1aab534e,29,1685205690279,38759,163281176,460,1880975,86900805
86acc21bbc8f,875e1aab534e,31,1685205691030,38759,163281176,460,1880975,86900805
86acc21bbc8f,875e1aab534e,18,1685205691294,38759,163281176,460,1880975,86900805
86acc21bbc8f,875e1aab534e,67,1685205691580,38759,163281176,460,1880975,86900805
86acc21bbc8f,875e1aab534e,41,1685205691926,38759,163281176,460,1880975,86900805
86acc21bbc8f,875e1aab534e,20,1685205695088,38759,163281176,460,1880975,86900805
86acc21bbc8f,875e1aab534e,2,1685205695089,38759,163281182,460,1880975,86900805
86acc21bbc8f,875e1aab534e,18,1685205695112,38759,163281182,460,1880975,86900805
86acc21bbc8f,875e1aab534e,36,1685205695573,38759,163281182,460,1880975,86900805
86acc21bbc8f,875e1aab534e,7,1685205703605,38759,163281176,460,1880975,86900805
86acc21bbc8f,875e1aab534e,29,1685205703606,38759,163281176,460,1880975,86900805
86acc21bbc8f,875e1aab534e,30,1685205703822,38759,163281176,460,1880975,86900805
86acc21bbc8f,875e1aab534e,31,1685205704358,38759,163281176,460,1880975,86900805
86acc21bbc8f,875e1aab534e,41,1685205704621,38759,163281176,460,1880975,86900805
86acc21bbc8f,875e1aab534e,18,1685205704621,38759,163281176,460,1880975,86900805
86acc21bbc8f,875e1aab534e,36,1685205704652,38759,163281176,460,1880975,86900805
86acc21bbc8f,875e1aab534e,7,1685205705115,38759,163281176,460,1880975,86900805
86acc21bbc8f,875e1aab534e,41,1685205705253,38759,163281176,460,1880975,86900805
86acc21bbc8f,875e1aab534e,20,1685205708415,38759,163281176,460,1880975,86900805
86acc21bbc8f,875e1aab534e,2,1685205708416,38759,163281182,460,1880975,86900805
86acc21bbc8f,875e1aab534e,36,1685205708900,38759,163281182,460,1880975,86900805
86acc21bbc8f,875e1aab534e,7,1685208337495,38759,250872408,460,1880975,86900805
86acc21bbc8f,875e1aab534e,1,1685208337495,38759,250872408,460,1880975,86900805
86acc21bbc8f,875e1aab534e,30,1685208337623,38759,250872408,460,1880975,86900805
86acc21bbc8f,875e1aab534e,31,1685208338278,38759,250872408,460,1880975,86900805
86acc21bbc8f,875e1aab534e,36,1685208338704,38759,250872408,460,1880975,86900805
86acc21bbc8f,875e1aab534e,67,1685208338733,38759,250872408,460,1880975,86900805
86acc21bbc8f,875e1aab534e,39,1685208338734,38759,250872408,460,1880975,86900805
86acc21bbc8f,875e1aab534e,20,1685208340302,38759,250872408,460,1880975,86900805
86acc21bbc8f,875e1aab534e,5,1685208340305,38759,250872408,460,1880975,86900805
86acc21bbc8f,875e1aab534e,20,1685208340410,38759,250872408,460,1880975,86900805
86acc21bbc8f,875e1aab534e,7,1685208350818,38759,250872408,460,1880975,86900805
86acc21bbc8f,875e1aab534e,30,1685208350945,38759,250872408,460,1880975,86900805
86acc21bbc8f,875e1aab534e,31,1685208351601,38759,250872408,460,1880975,86900805
86acc21bbc8f,875e1aab534e,18,1685208351961,38759,250872408,460,1880975,86900805
86acc21bbc8f,875e1aab534e,67,1685208352055,38759,250872408,460,1880975,86900805
86acc21bbc8f,875e1aab534e,4,1685208353446,38759,250872408,460,1880975,86900805
86acc21bbc8f,875e1aab534e,20,1685208353625,38759,250872408,460,1880975,86900805
86acc21bbc8f,875e1aab534e,5,1685208353627,38759,250872408,460,1880975,86900805
86acc21bbc8f,875e1aab534e,20,1685208353732,38759,250872408,460,1880975,86900805
86acc21bbc8f,875e1aab534e,34,1685208356275,38759,250872408,460,1880975,86900805
86acc21bbc8f,875e1aab534e,41,1685208356275,38759,250872408,460,1880975,86900805
86acc21bbc8f,875e1aab534e,20,1685208357631,38759,250872408,460,1880975,86900805
86acc21bbc8f,875e1aab534e,20,1685208360809,38759,250872408,460,1880975,86900805
86acc21bbc8f,875e1aab534e,20,1685208362943,38759,250872408,460,1880975,86900805
86acc21bbc8f,875e1aab534e,4,1685208366769,38759,250872408,460,1880975,86900805
86acc21bbc8f,875e1aab534e,2,1685208368029,38759,250872408,460,1880975,86900805
86acc21bbc8f,875e1aab534e,36,1685208368081,38759,250872408,460,1880975,86900805
86acc21bbc8f,875e1aab534e,39,1685208368126,38759,250872408,460,1880975,86900805
86acc21bbc8f,875e1aab534e,7,1685208369465,38759,250872408,460,1880975,86900805
86acc21bbc8f,875e1aab534e,34,1685208369598,38759,250872408,460,1880975,86900805
86acc21bbc8f,875e1aab534e,41,1685208369598,38759,250872408,460,1880975,86900805
86acc21bbc8f,875e1aab534e,5,1685208372958,38759,250872408,460,1880975,86900805
86acc21bbc8f,875e1aab534e,20,1685208373038,38759,250872408,460,1880975,86900805
86acc21bbc8f,875e1aab534e,20,1685208374131,38759,250872408,460,1880975,86900805
86acc21bbc8f,875e1aab534e,5,1685208374134,38759,250872408,460,1880975,86900805
86acc21bbc8f,875e1aab534e,20,1685208374214,38759,250872408,460,1880975,86900805
86acc21bbc8f,875e1aab534e,5,1685208376184,38759,250872408,460,1880975,86900805
86acc21bbc8f,875e1aab534e,20,1685208376265,38759,250872408,460,1880975,86900805
86acc21bbc8f,875e1aab534e,5,1685208386280,38759,250872408,460,1880975,86900805
86acc21bbc8f,875e1aab534e,20,1685208386360,38759,250872408,460,1880975,86900805
86acc21bbc8f,875e1aab534e,39,1685208404258,38759,250872408,460,1880975,86900805
86acc21bbc8f,875e1aab534e,2,1685208417490,38759,250872408,460,1880975,86900805
86acc21bbc8f,875e1aab534e,36,1685208417549,38759,250872408,460,1880975,86900805
86acc21bbc8f,875e1aab534e,39,1685208417581,38759,250872408,460,1880975,86900805
86acc21bbc8f,875e1aab534e,6,1685208417875,38759,250872408,460,1880975,86900805
86acc21bbc8f,875e1aab534e,20,1685208417951,38759,250872408,460,1880975,86900805
86acc21bbc8f,875e1aab534e,7,1685230591662,38759,250872408,460,1880975,86900805
86acc21bbc8f,875e1aab534e,30,1685230591783,38759,250872408,460,1880975,86900805
86acc21bbc8f,875e1aab534e,31,1685230592451,38759,250872408,460,1880975,86900805
86acc21bbc8f,875e1aab534e,41,1685230592811,38759,250872408,460,1880975,86900805
86acc21bbc8f,875e1aab534e,39,1685230592902,38759,250872408,460,1880975,86900805
86acc21bbc8f,875e1aab534e,67,1685230592917,38759,250872408,460,1880975,86900805
86acc21bbc8f,875e1aab534e,20,1685230594639,38759,250872408,460,1880975,86900805
86acc21bbc8f,875e1aab534e,1,1685230605007,38759,250872408,460,1880975,86900805
86acc21bbc8f,875e1aab534e,30,1685230605128,38759,250872408,460,1880975,86900805
86acc21bbc8f,875e1aab534e,31,1685230605796,38759,250872408,460,1880975,86900805
86acc21bbc8f,875e1aab534e,41,1685230606157,38759,250872408,460,1880975,86900805
86acc21bbc8f,875e1aab534e,39,1685230606247,38759,250872408,460,1880975,86900805
86acc21bbc8f,875e1aab534e,67,1685230606262,38759,250872408,460,1880975,86900805
86acc21bbc8f,875e1aab534e,2,1685230607182,38759,250872408,460,1880975,86900805
86acc21bbc8f,875e1aab534e,36,1685230607242,38759,250872408,460,1880975,86900805
86acc21bbc8f,875e1aab534e,39,1685230607274,38759,250872408,460,1880975,86900805
86acc21bbc8f,875e1aab534e,7,1685230607275,38759,250872408,460,1880975,86900805
86acc21bbc8f,875e1aab534e,41,1685230607445,38759,250872408,460,1880975,86900805
86acc21bbc8f,875e1aab534e,20,1685230607984,38759,250872408,460,1880975,86900805
86acc21bbc8f,875e1aab534e,20,1685230608066,38759,250872408,460,1880975,86900805
86acc21bbc8f,875e1aab534e,2,1685230620527,38759,250872408,460,1880975,86900805
86acc21bbc8f,875e1aab534e,36,1685230620587,38759,250872408,460,1880975,86900805
86acc21bbc8f,875e1aab534e,39,1685230620620,38759,250872408,460,1880975,86900805
86acc21bbc8f,875e1aab534e,7,1685230620620,38759,250872408,460,1880975,86900805
86acc21bbc8f,875e1aab534e,34,1685230620790,38759,250872408,460,1880975,86900805
86acc21bbc8f,875e1aab534e,41,1685230620790,38759,250872408,460,1880975,86900805
86acc21bbc8f,875e1aab534e,5,1685230625690,38759,250872408,460,1880975,86900805
86acc21bbc8f,875e1aab534e,20,1685230625768,38759,250872408,460,1880975,86900805
86acc21bbc8f,875e1aab534e,7,1685233937393,38759,163281178,460,1880975,86900805
86acc21bbc8f,875e1aab534e,1,1685233937393,38759,163281178,460,1880975,86900805
86acc21bbc8f,875e1aab534e,31,1685233938005,38759,163281178,460,1880975,86900805
86acc21bbc8f,875e1aab534e,18,1685233938400,38759,163281178,460,1880975,86900805
86acc21bbc8f,875e1aab534e,67,1685233938504,38759,163281178,460,1880975,86900805
86acc21bbc8f,875e1aab534e,7,1685233938592,38759,163281178,460,1880975,86900805
86acc21bbc8f,875e1aab534e,41,1685233938728,38759,163281178,460,1880975,86900805
86acc21bbc8f,875e1aab534e,34,1685233938728,38759,163281178,460,1880975,86900805
86acc21bbc8f,875e1aab534e,1,1685233950737,38759,163281178,460,1880975,86900805
86acc21bbc8f,875e1aab534e,30,1685233950817,38759,163281178,460,1880975,86900805
86acc21bbc8f,875e1aab534e,31,1685233951350,38759,163281178,460,1880975,86900805
86acc21bbc8f,875e1aab534e,41,1685233951744,38759,163281178,460,1880975,86900805
86acc21bbc8f,875e1aab534e,7,1685233951936,38759,163281178,460,1880975,86900805
86acc21bbc8f,875e1aab534e,34,1685233952072,38759,163281178,460,1880975,86900805
86acc21bbc8f,875e1aab534e,41,1685233952072,38759,163281178,460,1880975,86900805
86acc21bbc8f,875e1aab534e,20,1685233967407,38759,163281178,460,1880975,86900805
86acc21bbc8f,875e1aab534e,1,1685234004687,38759,250872408,460,1880975,86900805
86acc21bbc8f,875e1aab534e,7,1685234004687,38759,250872408,460,1880975,86900805
86acc21bbc8f,875e1aab534e,18,1685234005711,38759,250872408,460,1880975,86900805
86acc21bbc8f,875e1aab534e,41,1685234005711,38759,250872408,460,1880975,86900805
86acc21bbc8f,875e1aab534e,7,1685234016134,38759,250872408,460,1880975,86900805
86acc21bbc8f,875e1aab534e,1,1685234016134,38759,250872408,460,1880975,86900805
86acc21bbc8f,875e1aab534e,6,1685234016701,38759,250872408,460,1880975,86900805
86acc21bbc8f,875e1aab534e,20,1685234016783,38759,250872408,460,1880975,86900805
86acc21bbc8f,875e1aab534e,31,1685234016783,38759,250872408,460,1880975,86900805
86acc21bbc8f,875e1aab534e,18,1685234017063,38759,250872408,460,1880975,86900805
86acc21bbc8f,875e1aab534e,41,1685234017063,38759,250872408,460,1880975,86900805
86acc21bbc8f,875e1aab534e,36,1685234017130,38759,250872408,460,1880975,86900805
86acc21bbc8f,875e1aab534e,39,1685234017156,38759,250872408,460,1880975,86900805
86acc21bbc8f,875e1aab534e,7,1685234017222,38759,250872408,460,1880975,86900805
86acc21bbc8f,875e1aab534e,34,1685234017387,38759,250872408,460,1880975,86900805
86acc21bbc8f,875e1aab534e,41,1685234017387,38759,250872408,460,1880975,86900805
86acc21bbc8f,875e1aab534e,7,1685234018031,38759,250872408,460,1880975,86900805
86acc21bbc8f,875e1aab534e,18,1685234019055,38759,250872408,460,1880975,86900805
86acc21bbc8f,875e1aab534e,41,1685234019055,38759,250872408,460,1880975,86900805
86acc21bbc8f,875e1aab534e,1,1685234029478,38759,250872408,460,1880975,86900805
86acc21bbc8f,875e1aab534e,7,1685234029478,38759,250872408,460,1880975,86900805
86acc21bbc8f,875e1aab534e,31,1685234030127,38759,250872408,460,1880975,86900805
86acc21bbc8f,875e1aab534e,18,1685234030407,38759,250872408,460,1880975,86900805
86acc21bbc8f,875e1aab534e,41,1685234030407,38759,250872408,460,1880975,86900805
86acc21bbc8f,875e1aab534e,36,1685234030474,38759,250872408,460,1880975,86900805
86acc21bbc8f,875e1aab534e,67,1685234030511,38759,250872408,460,1880975,86900805
86acc21bbc8f,875e1aab534e,7,1685234030566,38759,250872408,460,1880975,86900805
86acc21bbc8f,875e1aab534e,34,1685234030731,38759,250872408,460,1880975,86900805
86acc21bbc8f,875e1aab534e,41,1685234030731,38759,250872408,460,1880975,86900805
86acc21bbc8f,875e1aab534e,20,1685235323980,38759,163281178,460,1880975,86900805
86acc21bbc8f,875e1aab534e,5,1685235337252,38759,163281178,460,1880975,86900805
86acc21bbc8f,875e1aab534e,20,1685235337324,38759,163281178,460,1880975,86900805
86acc21bbc8f,875e1aab534e,1,1685235375993,38759,250872408,460,1880975,86900805
86acc21bbc8f,875e1aab534e,29,1685235376010,38759,250872408,460,1880975,86900805
86acc21bbc8f,875e1aab534e,30,1685235376121,38759,250872408,460,1880975,86900805
86acc21bbc8f,875e1aab534e,31,1685235376865,38759,250872408,460,1880975,86900805
86acc21bbc8f,875e1aab534e,41,1685235377083,38759,250872408,460,1880975,86900805
86acc21bbc8f,875e1aab534e,18,1685235377083,38759,250872408,460,1880975,86900805
86acc21bbc8f,875e1aab534e,39,1685235377175,38759,250872408,460,1880975,86900805
86acc21bbc8f,875e1aab534e,34,1685235377408,38759,250872408,460,1880975,86900805
86acc21bbc8f,875e1aab534e,41,1685235377408,38759,250872408,460,1880975,86900805
86acc21bbc8f,875e1aab534e,5,1685235380512,38759,250872408,460,1880975,86900805
86acc21bbc8f,875e1aab534e,20,1685235380579,38759,250872408,460,1880975,86900805
86acc21bbc8f,875e1aab534e,7,1685235389337,38759,250872408,460,1880975,86900805
86acc21bbc8f,875e1aab534e,29,1685235389354,38759,250872408,460,1880975,86900805
86acc21bbc8f,875e1aab534e,30,1685235389464,38759,250872408,460,1880975,86900805
86acc21bbc8f,875e1aab534e,18,1685235390426,38759,250872408,460,1880975,86900805
86acc21bbc8f,875e1aab534e,36,1685235390487,38759,250872408,460,1880975,86900805
86acc21bbc8f,875e1aab534e,39,1685235390519,38759,250872408,460,1880975,86900805
86acc21bbc8f,875e1aab534e,67,1685235390525,38759,250872408,460,1880975,86900805
86acc21bbc8f,875e1aab534e,7,1685235390616,38759,250872408,460,1880975,86900805
86acc21bbc8f,875e1aab534e,20,1685235393859,38759,250872408,460,1880975,86900805
86acc21bbc8f,875e1aab534e,2,1685235394833,38759,250872408,460,1880975,86900805
86acc21bbc8f,875e1aab534e,18,1685235394837,38759,250872408,460,1880975,86900805
86acc21bbc8f,875e1aab534e,39,1685235394922,38759,250872408,460,1880975,86900805
86acc21bbc8f,875e1aab534e,20,1685235395366,38759,250872408,460,1880975,86900805
86acc21bbc8f,875e1aab534e,4,1685235405228,38759,250872408,460,1880975,86900805
86acc21bbc8f,875e1aab534e,39,1685235408265,38759,250872408,460,1880975,86900805
86acc21bbc8f,875e1aab534e,20,1685235408710,38759,250872408,460,1880975,86900805
86acc21bbc8f,875e1aab534e,20,1685235408767,38759,250872408,460,1880975,86900805
86acc21bbc8f,875e1aab534e,5,1685235950119,38759,250872408,460,1880975,86900805
86acc21bbc8f,875e1aab534e,20,1685235963536,38759,250872408,460,1880975,86900805
86acc21bbc8f,875e1aab534e,1,1685236081146,38759,250872408,460,1880975,86900805
86acc21bbc8f,875e1aab534e,7,1685236081146,38759,250872408,460,1880975,86900805
86acc21bbc8f,875e1aab534e,29,1685236081168,38759,250872408,460,1880975,86900805
86acc21bbc8f,875e1aab534e,30,1685236081303,38759,250872408,460,1880975,86900805
86acc21bbc8f,875e1aab534e,31,1685236081976,38759,250872408,460,1880975,86900805
86acc21bbc8f,875e1aab534e,41,1685236082264,38759,250872408,460,1880975,86900805
86acc21bbc8f,875e1aab534e,36,1685236082328,38759,250872408,460,1880975,86900805
86acc21bbc8f,875e1aab534e,34,1685236082553,38759,250872408,460,1880975,86900805
86acc21bbc8f,875e1aab534e,41,1685236082553,38759,250872408,460,1880975,86900805
86acc21bbc8f,875e1aab534e,20,1685236084752,38759,250872408,460,1880975,86900805
86acc21bbc8f,875e1aab534e,1,1685236094489,38759,250872408,460,1880975,86900805
86acc21bbc8f,875e1aab534e,29,1685236094511,38759,250872408,460,1880975,86900805
86acc21bbc8f,875e1aab534e,30,1685236094646,38759,250872408,460,1880975,86900805
86acc21bbc8f,875e1aab534e,31,1685236095319,38759,250872408,460,1880975,86900805
86acc21bbc8f,875e1aab534e,18,1685236095607,38759,250872408,460,1880975,86900805
86acc21bbc8f,875e1aab534e,41,1685236095607,38759,250872408,460,1880975,86900805
86acc21bbc8f,875e1aab534e,36,1685236095671,38759,250872408,460,1880975,86900805
86acc21bbc8f,875e1aab534e,39,1685236095704,38759,250872408,460,1880975,86900805
86acc21bbc8f,875e1aab534e,7,1685236095743,38759,250872408,460,1880975,86900805
86acc21bbc8f,875e1aab534e,34,1685236095896,38759,250872408,460,1880975,86900805
86acc21bbc8f,875e1aab534e,41,1685236095896,38759,250872408,460,1880975,86900805
86acc21bbc8f,875e1aab534e,20,1685236098094,38759,250872408,460,1880975,86900805
86acc21bbc8f,875e1aab534e,5,1685236112113,38759,250872408,460,1880975,86900805
86acc21bbc8f,875e1aab534e,20,1685236112190,38759,250872408,460,1880975,86900805
86acc21bbc8f,875e1aab534e,1,1685236932464,38759,250872408,460,1880975,86900805
86acc21bbc8f,875e1aab534e,29,1685236932471,38759,250872408,460,1880975,86900805
86acc21bbc8f,875e1aab534e,31,1685236933303,38759,250872408,460,1880975,86900805
86acc21bbc8f,875e1aab534e,18,1685236933551,38759,250872408,460,1880975,86900805
86acc21bbc8f,875e1aab534e,39,1685236933639,38759,250872408,460,1880975,86900805
86acc21bbc8f,875e1aab534e,4,1685236934691,38759,250872408,460,1880975,86900805
86acc21bbc8f,875e1aab534e,2,1685236935778,38759,250872408,460,1880975,86900805
86acc21bbc8f,875e1aab534e,18,1685236935783,38759,250872408,460,1880975,86900805
86acc21bbc8f,875e1aab534e,36,1685236935834,38759,250872408,460,1880975,86900805
86acc21bbc8f,875e1aab534e,20,1685236936168,38759,250872408,460,1880975,86900805
86acc21bbc8f,875e1aab534e,20,1685236937441,38759,250872408,460,1880975,86900805
86acc21bbc8f,875e1aab534e,4,1685236948032,38759,250872408,460,1880975,86900805
86acc21bbc8f,875e1aab534e,2,1685236949119,38759,250872408,460,1880975,86900805
86acc21bbc8f,875e1aab534e,18,1685236949124,38759,250872408,460,1880975,86900805
86acc21bbc8f,875e1aab534e,36,1685236949175,38759,250872408,460,1880975,86900805
86acc21bbc8f,875e1aab534e,5,1685238432910,38759,250872408,460,1880975,86900805
86acc21bbc8f,875e1aab534e,20,1685238433008,38759,250872408,460,1880975,86900805
86acc21bbc8f,875e1aab534e,7,1685238621818,38759,163281178,460,1880975,86900805
86acc21bbc8f,875e1aab534e,31,1685238622658,38759,163281178,460,1880975,86900805
86acc21bbc8f,875e1aab534e,18,1685238623022,38759,163281178,460,1880975,86900805
86acc21bbc8f,875e1aab534e,41,1685238623560,38759,163281178,460,1880975,86900805
86acc21bbc8f,875e1aab534e,34,1685238623560,38759,163281178,460,1880975,86900805
86acc21bbc8f,875e1aab534e,1,1685238635156,38759,163281178,460,1880975,86900805
86acc21bbc8f,875e1aab534e,7,1685238635156,38759,163281178,460,1880975,86900805
86acc21bbc8f,875e1aab534e,29,1685238635179,38759,163281178,460,1880975,86900805
86acc21bbc8f,875e1aab534e,30,1685238635450,38759,163281178,460,1880975,86900805
86acc21bbc8f,875e1aab534e,18,1685238636361,38759,163281178,460,1880975,86900805
86acc21bbc8f,875e1aab534e,67,1685238636565,38759,163281178,460,1880975,86900805
86acc21bbc8f,875e1aab534e,34,1685238636898,38759,163281178,460,1880975,86900805
86acc21bbc8f,875e1aab534e,41,1685238636898,38759,163281178,460,1880975,86900805
86acc21bbc8f,875e1aab534e,20,1685238653826,38759,163281178,460,1880975,86900805
86acc21bbc8f,875e1aab534e,20,1685238667165,38759,163281178,460,1880975,86900805
86acc21bbc8f,875e1aab534e,5,1685239175717,38759,250872408,460,1880975,86900805
86acc21bbc8f,875e1aab534e,20,1685239175766,38759,250872408,460,1880975,86900805
86acc21bbc8f,875e1aab534e,1,1685239622551,38759,250872408,460,1880975,86900805
86acc21bbc8f,875e1aab534e,30,1685239622643,38759,250872408,460,1880975,86900805
86acc21bbc8f,875e1aab534e,31,1685239623466,38759,250872408,460,1880975,86900805
86acc21bbc8f,875e1aab534e,18,1685239623796,38759,250872408,460,1880975,86900805
86acc21bbc8f,875e1aab534e,67,1685239623887,38759,250872408,460,1880975,86900805
86acc21bbc8f,875e1aab534e,39,1685239623890,38759,250872408,460,1880975,86900805
86acc21bbc8f,875e1aab534e,34,1685239624069,38759,250872408,460,1880975,86900805
86acc21bbc8f,875e1aab534e,41,1685239624069,38759,250872408,460,1880975,86900805
86acc21bbc8f,875e1aab534e,20,1685239626823,38759,250872408,460,1880975,86900805
86acc21bbc8f,875e1aab534e,5,1685239626826,38759,250872408,460,1880975,86900805
86acc21bbc8f,875e1aab534e,20,1685239626912,38759,250872408,460,1880975,86900805
86acc21bbc8f,875e1aab534e,31,1685239636803,38759,250872408,460,1880975,86900805
86acc21bbc8f,875e1aab534e,36,1685239637196,38759,250872408,460,1880975,86900805
86acc21bbc8f,875e1aab534e,39,1685239637227,38759,250872408,460,1880975,86900805
86acc21bbc8f,875e1aab534e,7,1685239637277,38759,250872408,460,1880975,86900805
86acc21bbc8f,875e1aab534e,34,1685239637406,38759,250872408,460,1880975,86900805
86acc21bbc8f,875e1aab534e,4,1685239637933,38759,250872408,460,1880975,86900805
86acc21bbc8f,875e1aab534e,36,1685239639251,38759,250872408,460,1880975,86900805
86acc21bbc8f,875e1aab534e,20,1685239640160,38759,250872408,460,1880975,86900805
86acc21bbc8f,875e1aab534e,5,1685239640163,38759,250872408,460,1880975,86900805
86acc21bbc8f,875e1aab534e,20,1685239640249,38759,250872408,460,1880975,86900805
86acc21bbc8f,875e1aab534e,4,1685239651270,38759,250872408,460,1880975,86900805
86acc21bbc8f,875e1aab534e,36,1685239652589,38759,250872408,460,1880975,86900805
86acc21bbc8f,875e1aab534e,39,1685239652622,38759,250872408,460,1880975,86900805
86acc21bbc8f,875e1aab534e,20,1685239662488,38759,250872408,460,1880975,86900805
86acc21bbc8f,875e1aab534e,5,1685239662956,38759,250872408,460,1880975,86900805
86acc21bbc8f,875e1aab534e,20,1685239663008,38759,250872408,460,1880975,86900805
86acc21bbc8f,875e1aab534e,5,1685239676293,38759,250872408,460,1880975,86900805
86acc21bbc8f,875e1aab534e,7,1685242071259,38759,250872408,460,1880975,86900805
86acc21bbc8f,875e1aab534e,29,1685242071267,38759,250872408,460,1880975,86900805
86acc21bbc8f,875e1aab534e,36,1685242072282,38759,250872408,460,1880975,86900805
86acc21bbc8f,875e1aab534e,39,1685242072313,38759,250872408,460,1880975,86900805
86acc21bbc8f,875e1aab534e,67,1685242072318,38759,250872408,460,1880975,86900805
86acc21bbc8f,875e1aab534e,7,1685242072361,38759,250872408,460,1880975,86900805
86acc21bbc8f,875e1aab534e,5,1685242074500,38759,250872408,460,1880975,86900805
86acc21bbc8f,875e1aab534e,20,1685242074505,38759,250872408,460,1880975,86900805
86acc21bbc8f,875e1aab534e,20,1685242074572,38759,250872408,460,1880975,86900805
86acc21bbc8f,875e1aab534e,1,1685242084591,38759,250872408,460,1880975,86900805
86acc21bbc8f,875e1aab534e,7,1685242084591,38759,250872408,460,1880975,86900805
86acc21bbc8f,875e1aab534e,29,1685242084600,38759,250872408,460,1880975,86900805
86acc21bbc8f,875e1aab534e,30,1685242084703,38759,250872408,460,1880975,86900805
86acc21bbc8f,875e1aab534e,36,1685242085615,38759,250872408,460,1880975,86900805
86acc21bbc8f,875e1aab534e,39,1685242085646,38759,250872408,460,1880975,86900805
86acc21bbc8f,875e1aab534e,67,1685242085650,38759,250872408,460,1880975,86900805
86acc21bbc8f,875e1aab534e,7,1685242085693,38759,250872408,460,1880975,86900805
86acc21bbc8f,875e1aab534e,41,1685242085828,38759,250872408,460,1880975,86900805
86acc21bbc8f,875e1aab534e,5,1685242087832,38759,250872408,460,1880975,86900805
86acc21bbc8f,875e1aab534e,20,1685242087838,38759,250872408,460,1880975,86900805
86acc21bbc8f,875e1aab534e,4,1685242100396,38759,250872408,460,1880975,86900805
86acc21bbc8f,875e1aab534e,4,1685242126377,38759,250872408,460,1880975,86900805
86acc21bbc8f,875e1aab534e,1,1685242243496,38759,163281178,460,1880975,86900805
86acc21bbc8f,875e1aab534e,7,1685242243496,38759,163281178,460,1880975,86900805
86acc21bbc8f,875e1aab534e,30,1685242243695,38759,163281178,460,1880975,86900805
86acc21bbc8f,875e1aab534e,18,1685242244670,38759,163281178,460,1880975,86900805
86acc21bbc8f,875e1aab534e,41,1685242244670,38759,163281178,460,1880975,86900805
86acc21bbc8f,875e1aab534e,36,1685242244706,38759,163281178,460,1880975,86900805
86acc21bbc8f,875e1aab534e,41,1685242246476,38759,163281178,460,1880975,86900805
86acc21bbc8f,875e1aab534e,7,1685242256828,38759,163281178,460,1880975,86900805
86acc21bbc8f,875e1aab534e,1,1685242256828,38759,163281178,460,1880975,86900805
86acc21bbc8f,875e1aab534e,29,1685242256855,38759,163281178,460,1880975,86900805
86acc21bbc8f,875e1aab534e,30,1685242257027,38759,163281178,460,1880975,86900805
86acc21bbc8f,875e1aab534e,31,1685242257704,38759,163281178,460,1880975,86900805
86acc21bbc8f,875e1aab534e,41,1685242258002,38759,163281178,460,1880975,86900805
86acc21bbc8f,875e1aab534e,18,1685242258002,38759,163281178,460,1880975,86900805
86acc21bbc8f,875e1aab534e,67,1685242258083,38759,163281178,460,1880975,86900805
86acc21bbc8f,875e1aab534e,7,1685242259668,38759,163281178,460,1880975,86900805
86acc21bbc8f,875e1aab534e,41,1685242259808,38759,163281178,460,1880975,86900805
86acc21bbc8f,875e1aab534e,20,1685242274170,38759,163281178,460,1880975,86900805
86acc21bbc8f,875e1aab534e,20,1685242287502,38759,163281178,460,1880975,86900805
86acc21bbc8f,875e1aab534e,1,1685250208143,38759,250872408,460,1880975,86900805
86acc21bbc8f,875e1aab534e,7,1685250208143,38759,250872408,460,1880975,86900805
86acc21bbc8f,875e1aab534e,30,1685250208206,38759,250872408,460,1880975,86900805
86acc21bbc8f,875e1aab534e,18,1685250209179,38759,250872408,460,1880975,86900805
86acc21bbc8f,875e1aab534e,36,1685250209368,38759,250872408,460,1880975,86900805
86acc21bbc8f,875e1aab534e,39,1685250209417,38759,250872408,460,1880975,86900805
86acc21bbc8f,875e1aab534e,41,1685250210165,38759,250872408,460,1880975,86900805
86acc21bbc8f,875e1aab534e,30,1685250221533,38759,250872408,460,1880975,86900805
86acc21bbc8f,875e1aab534e,18,1685250222506,38759,250872408,460,1880975,86900805
86acc21bbc8f,875e1aab534e,41,1685250222506,38759,250872408,460,1880975,86900805
86acc21bbc8f,875e1aab534e,39,1685250222745,38759,250872408,460,1880975,86900805
86acc21bbc8f,875e1aab534e,41,1685250223492,38759,250872408,460,1880975,86900805
86acc21bbc8f,875e1aab534e,20,1685250224296,38759,250872408,460,1880975,86900805
86acc21bbc8f,875e1aab534e,18,1685250224327,38759,250872408,460,1880975,86900805
86acc21bbc8f,875e1aab534e,36,1685250224392,38759,250872408,460,1880975,86900805
86acc21bbc8f,875e1aab534e,39,1685250224419,38759,250872408,460,1880975,86900805
86acc21bbc8f,875e1aab534e,39,1685250237746,38759,250872408,460,1880975,86900805
86acc21bbc8f,875e1aab534e,5,1685250238050,38759,250872408,460,1880975,86900805
86acc21bbc8f,875e1aab534e,1,1685250401104,38759,250872408,460,1880975,86900805
86acc21bbc8f,875e1aab534e,29,1685250401123,38759,250872408,460,1880975,86900805
86acc21bbc8f,875e1aab534e,18,1685250401956,38759,250872408,460,1880975,86900805
86acc21bbc8f,875e1aab534e,67,1685250402048,38759,250872408,460,1880975,86900805
86acc21bbc8f,875e1aab534e,1,1685250414431,38759,250872408,460,1880975,86900805
86acc21bbc8f,875e1aab534e,7,1685250414431,38759,250872408,460,1880975,86900805
86acc21bbc8f,875e1aab534e,29,1685250414450,38759,250872408,460,1880975,86900805
86acc21bbc8f,875e1aab534e,31,1685250415051,38759,250872408,460,1880975,86900805
86acc21bbc8f,875e1aab534e,41,1685250415283,38759,250872408,460,1880975,86900805
86acc21bbc8f,875e1aab534e,18,1685250415283,38759,250872408,460,1880975,86900805
86acc21bbc8f,875e1aab534e,67,1685250415375,38759,250872408,460,1880975,86900805
86acc21bbc8f,875e1aab534e,7,1685250415419,38759,250872408,460,1880975,86900805
86acc21bbc8f,875e1aab534e,34,1685250415545,38759,250872408,460,1880975,86900805
86acc21bbc8f,875e1aab534e,20,1685250427068,38759,250872408,460,1880975,86900805
86acc21bbc8f,875e1aab534e,20,1685250440395,38759,250872408,460,1880975,86900805
86acc21bbc8f,875e1aab534e,20,1685250520978,38759,250872408,460,1880975,86900805
86acc21bbc8f,875e1aab534e,7,1685250605158,38759,250872408,460,1880975,86900805
86acc21bbc8f,875e1aab534e,1,1685250605158,38759,250872408,460,1880975,86900805
86acc21bbc8f,875e1aab534e,67,1685250606340,38759,250872408,460,1880975,86900805
86acc21bbc8f,875e1aab534e,7,1685250606384,38759,250872408,460,1880975,86900805
86acc21bbc8f,875e1aab534e,5,1685250608661,38759,250872408,460,1880975,86900805
86acc21bbc8f,875e1aab534e,20,1685250608664,38759,250872408,460,1880975,86900805
86acc21bbc8f,875e1aab534e,20,1685250608723,38759,250872408,460,1880975,86900805
86acc21bbc8f,875e1aab534e,30,1685250618550,38759,250872408,460,1880975,86900805
86acc21bbc8f,875e1aab534e,31,1685250619307,38759,250872408,460,1880975,86900805
86acc21bbc8f,875e1aab534e,41,1685250619563,38759,250872408,460,1880975,86900805
86acc21bbc8f,875e1aab534e,18,1685250619563,38759,250872408,460,1880975,86900805
86acc21bbc8f,875e1aab534e,36,1685250619618,38759,250872408,460,1880975,86900805
86acc21bbc8f,875e1aab534e,67,1685250619668,38759,250872408,460,1880975,86900805
86acc21bbc8f,875e1aab534e,4,1685250620953,38759,250872408,460,1880975,86900805
86acc21bbc8f,875e1aab534e,36,1685250621589,38759,250872408,460,1880975,86900805
86acc21bbc8f,875e1aab534e,20,1685250621903,38759,250872408,460,1880975,86900805
86acc21bbc8f,875e1aab534e,5,1685250621988,38759,250872408,460,1880975,86900805
86acc21bbc8f,875e1aab534e,20,1685250621991,38759,250872408,460,1880975,86900805
86acc21bbc8f,875e1aab534e,20,1685250622050,38759,250872408,460,1880975,86900805
86acc21bbc8f,875e1aab534e,4,1685250634280,38759,250872408,460,1880975,86900805
86acc21bbc8f,875e1aab534e,18,1685250634871,38759,250872408,460,1880975,86900805
86acc21bbc8f,875e1aab534e,20,1685250635230,38759,250872408,460,1880975,86900805
86acc21bbc8f,875e1aab534e,1,1685251082402,38759,250872408,460,1880975,86900805
86acc21bbc8f,875e1aab534e,7,1685251082402,38759,250872408,460,1880975,86900805
86acc21bbc8f,875e1aab534e,29,1685251082415,38759,250872408,460,1880975,86900805
86acc21bbc8f,875e1aab534e,30,1685251082535,38759,250872408,460,1880975,86900805
86acc21bbc8f,875e1aab534e,31,1685251083165,38759,250872408,460,1880975,86900805
86acc21bbc8f,875e1aab534e,41,1685251083450,38759,250872408,460,1880975,86900805
86acc21bbc8f,875e1aab534e,36,1685251083519,38759,250872408,460,1880975,86900805
86acc21bbc8f,875e1aab534e,67,1685251083562,38759,250872408,460,1880975,86900805
86acc21bbc8f,875e1aab534e,39,1685251083564,38759,250872408,460,1880975,86900805
86acc21bbc8f,875e1aab534e,7,1685251083626,38759,250872408,460,1880975,86900805
86acc21bbc8f,875e1aab534e,34,1685251083748,38759,250872408,460,1880975,86900805
86acc21bbc8f,875e1aab534e,29,1685251095742,38759,250872408,460,1880975,86900805
86acc21bbc8f,875e1aab534e,18,1685251096778,38759,250872408,460,1880975,86900805
86acc21bbc8f,875e1aab534e,41,1685251096778,38759,250872408,460,1880975,86900805
86acc21bbc8f,875e1aab534e,36,1685251096847,38759,250872408,460,1880975,86900805
86acc21bbc8f,875e1aab534e,67,1685251096890,38759,250872408,460,1880975,86900805
86acc21bbc8f,875e1aab534e,34,1685251097076,38759,250872408,460,1880975,86900805
86acc21bbc8f,875e1aab534e,20,1685251099796,38759,250872408,460,1880975,86900805
86acc21bbc8f,875e1aab534e,5,1685251099797,38759,250872667,460,1880975,86900805
86acc21bbc8f,875e1aab534e,20,1685251099884,38759,250872667,460,1880975,86900805
86acc21bbc8f,875e1aab534e,7,1685263148949,38759,250872408,460,1880975,86900805
86acc21bbc8f,875e1aab534e,1,1685263148949,38759,250872408,460,1880975,86900805
86acc21bbc8f,875e1aab534e,30,1685263149019,38759,250872408,460,1880975,86900805
86acc21bbc8f,875e1aab534e,31,1685263149926,38759,250872408,460,1880975,86900805
86acc21bbc8f,875e1aab534e,41,1685263150237,38759,250872408,460,1880975,86900805
86acc21bbc8f,875e1aab534e,18,1685263150237,38759,250872408,460,1880975,86900805
86acc21bbc8f,875e1aab534e,36,1685263150305,38759,250872408,460,1880975,86900805
86acc21bbc8f,875e1aab534e,39,1685263150348,38759,250872408,460,1880975,86900805
86acc21bbc8f,875e1aab534e,67,1685263150353,38759,250872408,460,1880975,86900805
86acc21bbc8f,875e1aab534e,7,1685263150448,38759,250872408,460,1880975,86900805
86acc21bbc8f,875e1aab534e,41,1685263150589,38759,250872408,460,1880975,86900805
86acc21bbc8f,875e1aab534e,34,1685263150589,38759,250872408,460,1880975,86900805
86acc21bbc8f,875e1aab534e,1,1685263162299,38759,250872408,460,1880975,86900805
86acc21bbc8f,875e1aab534e,30,1685263162370,38759,250872408,460,1880975,86900805
86acc21bbc8f,875e1aab534e,31,1685263163277,38759,250872408,460,1880975,86900805
86acc21bbc8f,875e1aab534e,41,1685263163587,38759,250872408,460,1880975,86900805
86acc21bbc8f,875e1aab534e,18,1685263163587,38759,250872408,460,1880975,86900805
86acc21bbc8f,875e1aab534e,36,1685263163655,38759,250872408,460,1880975,86900805
86acc21bbc8f,875e1aab534e,39,1685263163698,38759,250872408,460,1880975,86900805
86acc21bbc8f,875e1aab534e,67,1685263163704,38759,250872408,460,1880975,86900805
86acc21bbc8f,875e1aab534e,34,1685263163939,38759,250872408,460,1880975,86900805
86acc21bbc8f,875e1aab534e,41,1685263163939,38759,250872408,460,1880975,86900805
86acc21bbc8f,875e1aab534e,20,1685263188275,38759,250872408,460,1880975,86900805
86acc21bbc8f,875e1aab534e,7,1685264464684,38759,250872408,460,1880975,86900805
86acc21bbc8f,875e1aab534e,31,1685264465626,38759,250872408,460,1880975,86900805
86acc21bbc8f,875e1aab534e,5,1685264466783,38759,250872408,460,1880975,86900805
86acc21bbc8f,875e1aab534e,20,1685264466883,38759,250872408,460,1880975,86900805
86acc21bbc8f,875e1aab534e,34,1685264474124,38759,250872408,460,1880975,86900805
86acc21bbc8f,875e1aab534e,41,1685264474124,38759,250872408,460,1880975,86900805
86acc21bbc8f,875e1aab534e,1,1685264478036,38759,250872408,460,1880975,86900805
86acc21bbc8f,875e1aab534e,7,1685264478036,38759,250872408,460,1880975,86900805
86acc21bbc8f,875e1aab534e,41,1685264479280,38759,250872408,460,1880975,86900805
86acc21bbc8f,875e1aab534e,36,1685264479343,38759,250872408,460,1880975,86900805
86acc21bbc8f,875e1aab534e,5,1685264480135,38759,250872408,460,1880975,86900805
86acc21bbc8f,875e1aab534e,20,1685264480235,38759,250872408,460,1880975,86900805
86acc21bbc8f,875e1aab534e,20,1685264481853,38759,250872408,460,1880975,86900805
86acc21bbc8f,875e1aab534e,2,1685264487200,38759,250872408,460,1880975,86900805
86acc21bbc8f,875e1aab534e,36,1685264487265,38759,250872408,460,1880975,86900805
86acc21bbc8f,875e1aab534e,41,1685264487476,38759,250872408,460,1880975,86900805
86acc21bbc8f,875e1aab534e,34,1685264487476,38759,250872408,460,1880975,86900805
86acc21bbc8f,875e1aab534e,20,1685264490814,38759,250872408,460,1880975,86900805
86acc21bbc8f,875e1aab534e,20,1685264495206,38759,250872408,460,1880975,86900805
86acc21bbc8f,875e1aab534e,5,1685264504085,38759,250872408,460,1880975,86900805
86acc21bbc8f,875e1aab534e,20,1685264504166,38759,250872408,460,1880975,86900805
86acc21bbc8f,875e1aab534e,5,1685266593822,38759,250872408,460,1880975,86900805
86acc21bbc8f,875e1aab534e,5,1685266607175,38759,250872408,460,1880975,86900805
86acc21bbc8f,875e1aab534e,20,1685266607291,38759,250872408,460,1880975,86900805
86acc21bbc8f,875e1aab534e,5,1685267480892,38759,250872408,460,1880975,86900805
86acc21bbc8f,875e1aab534e,20,1685267480991,38759,250872408,460,1880975,86900805
86acc21bbc8f,875e1aab534e,39,1685267489690,38759,250872408,460,1880975,86900805
86acc21bbc8f,875e1aab534e,5,1685267494245,38759,250872408,460,1880975,86900805
86acc21bbc8f,875e1aab534e,20,1685267494344,38759,250872408,460,1880975,86900805
86acc21bbc8f,875e1aab534e,20,1685267638574,38759,250872408,460,1880975,86900805
86acc21bbc8f,875e1aab534e,5,1685267651830,38759,250872408,460,1880975,86900805
86acc21bbc8f,875e1aab534e,20,1685267651926,38759,250872408,460,1880975,86900805
86acc21bbc8f,875e1aab534e,5,1685270494473,38759,250872408,460,1880975,86900805
86acc21bbc8f,875e1aab534e,4,1685271619847,38759,250872408,460,1880975,86900805
86acc21bbc8f,875e1aab534e,2,1685271624776,38759,250872408,460,1880975,86900805
86acc21bbc8f,875e1aab534e,36,1685271624837,38759,250872408,460,1880975,86900805
86acc21bbc8f,875e1aab534e,39,1685271624865,38759,250872408,460,1880975,86900805
86acc21bbc8f,875e1aab534e,34,1685271625346,38759,250872408,460,1880975,86900805
86acc21bbc8f,875e1aab534e,13,1685271625346,38759,250872408,460,1880975,86900805
86acc21bbc8f,875e1aab534e,4,1685271633193,38759,250872408,460,1880975,86900805
86acc21bbc8f,875e1aab534e,36,1685271638183,38759,250872408,460,1880975,86900805
86acc21bbc8f,875e1aab534e,39,1685271638211,38759,250872408,460,1880975,86900805
86acc21bbc8f,875e1aab534e,34,1685271638692,38759,250872408,460,1880975,86900805
86acc21bbc8f,875e1aab534e,13,1685271638692,38759,250872408,460,1880975,86900805
86acc21bbc8f,875e1aab534e,11,1685271647797,38759,250872408,460,1880975,86900805
86acc21bbc8f,875e1aab534e,21,1685271647797,38759,250872408,460,1880975,86900805
86acc21bbc8f,875e1aab534e,20,1685271650177,38759,250872408,460,1880975,86900805
86acc21bbc8f,875e1aab534e,36,1685271672971,38759,250872408,460,1880975,86900805
86acc21bbc8f,875e1aab534e,39,1685271672994,38759,250872408,460,1880975,86900805
86acc21bbc8f,875e1aab534e,13,1685271675479,38759,250872408,460,1880975,86900805
86acc21bbc8f,875e1aab534e,35,1685271675956,38759,250872408,460,1880975,86900805
86acc21bbc8f,875e1aab534e,36,1685271686317,38759,250872408,460,1880975,86900805
86acc21bbc8f,875e1aab534e,39,1685271686340,38759,250872408,460,1880975,86900805
86acc21bbc8f,875e1aab534e,34,1685271686599,38759,250872408,460,1880975,86900805
86acc21bbc8f,875e1aab534e,34,1685271688825,38759,250872408,460,1880975,86900805
86acc21bbc8f,875e1aab534e,12,1685271689302,38759,250872408,460,1880975,86900805
86acc21bbc8f,875e1aab534e,35,1685271689302,38759,250872408,460,1880975,86900805
86acc21bbc8f,875e1aab534e,12,1685271689302,38759,250872408,460,1880975,86900805
86acc21bbc8f,875e1aab534e,35,1685271694072,38759,250872408,460,1880975,86900805
86acc21bbc8f,875e1aab534e,11,1685271694117,38759,250872408,460,1880975,86900805
86acc21bbc8f,875e1aab534e,21,1685271694117,38759,250872408,460,1880975,86900805
86acc21bbc8f,875e1aab534e,35,1685271707418,38759,250872408,460,1880975,86900805
86acc21bbc8f,875e1aab534e,21,1685271707463,38759,250872408,460,1880975,86900805
86acc21bbc8f,875e1aab534e,11,1685271835375,38759,250872408,460,1880975,86900805
86acc21bbc8f,875e1aab534e,21,1685271835375,38759,250872408,460,1880975,86900805
86acc21bbc8f,875e1aab534e,20,1685271837344,38759,250872408,460,1880975,86900805
86acc21bbc8f,875e1aab534e,11,1685271848720,38759,250872408,460,1880975,86900805
86acc21bbc8f,875e1aab534e,21,1685271848720,38759,250872408,460,1880975,86900805
86acc21bbc8f,875e1aab534e,20,1685271850690,38759,250872408,460,1880975,86900805
86acc21bbc8f,875e1aab534e,5,1685271850692,38759,250872408,460,1880975,86900805
86acc21bbc8f,875e1aab534e,20,1685271850791,38759,250872408,460,1880975,86900805
86acc21bbc8f,875e1aab534e,29,1685273092914,38759,250872408,460,1880975,86900805
86acc21bbc8f,875e1aab534e,1,1685273092914,38759,250872408,460,1880975,86900805
86acc21bbc8f,875e1aab534e,7,1685273092914,38759,250872408,460,1880975,86900805
86acc21bbc8f,875e1aab534e,30,1685273093030,38759,250872408,460,1880975,86900805
86acc21bbc8f,875e1aab534e,18,1685273094031,38759,250872408,460,1880975,86900805
86acc21bbc8f,875e1aab534e,36,1685273094100,38759,250872408,460,1880975,86900805
86acc21bbc8f,875e1aab534e,39,1685273094146,38759,250872408,460,1880975,86900805
86acc21bbc8f,875e1aab534e,2,1685273102906,38759,250872408,460,1880975,86900805
86acc21bbc8f,875e1aab534e,39,1685273103020,38759,250872408,460,1880975,86900805
86acc21bbc8f,875e1aab534e,7,1685273103030,38759,250872408,460,1880975,86900805
86acc21bbc8f,875e1aab534e,41,1685273103244,38759,250872408,460,1880975,86900805
86acc21bbc8f,875e1aab534e,18,1685273105373,38759,250872667,460,1880975,86900805
86acc21bbc8f,875e1aab534e,36,1685273105443,38759,250872667,460,1880975,86900805
86acc21bbc8f,875e1aab534e,39,1685273105467,38759,250872667,460,1880975,86900805
86acc21bbc8f,875e1aab534e,29,1685273106257,38759,250872408,460,1880975,86900805
86acc21bbc8f,875e1aab534e,1,1685273106257,38759,250872408,460,1880975,86900805
86acc21bbc8f,875e1aab534e,41,1685273107375,38759,250872408,460,1880975,86900805
86acc21bbc8f,875e1aab534e,18,1685273107375,38759,250872408,460,1880975,86900805
86acc21bbc8f,875e1aab534e,36,1685273107444,38759,250872408,460,1880975,86900805
86acc21bbc8f,875e1aab534e,39,1685273107490,38759,250872408,460,1880975,86900805
86acc21bbc8f,875e1aab534e,20,1685273110777,38759,250872667,460,1880975,86900805
86acc21bbc8f,875e1aab534e,2,1685273116250,38759,250872408,460,1880975,86900805
86acc21bbc8f,875e1aab534e,36,1685273116319,38759,250872408,460,1880975,86900805
86acc21bbc8f,875e1aab534e,7,1685273116373,38759,250872408,460,1880975,86900805
86acc21bbc8f,875e1aab534e,41,1685273116587,38759,250872408,460,1880975,86900805
86acc21bbc8f,875e1aab534e,34,1685273116587,38759,250872408,460,1880975,86900805
86acc21bbc8f,875e1aab534e,20,1685273118668,38759,250872408,460,1880975,86900805
86acc21bbc8f,875e1aab534e,5,1685273118670,38759,250872667,460,1880975,86900805
86acc21bbc8f,875e1aab534e,18,1685273118716,38759,250872667,460,1880975,86900805
86acc21bbc8f,875e1aab534e,20,1685273124121,38759,250872667,460,1880975,86900805
86acc21bbc8f,875e1aab534e,5,1685273124124,38759,250872667,460,1880975,86900805
86acc21bbc8f,875e1aab534e,2,1685274956524,38759,250872667,460,1880975,86900805
86acc21bbc8f,875e1aab534e,36,1685274956590,38759,250872667,460,1880975,86900805
86acc21bbc8f,875e1aab534e,39,1685274956615,38759,250872667,460,1880975,86900805
86acc21bbc8f,875e1aab534e,2,1685274969866,38759,250872667,460,1880975,86900805
86acc21bbc8f,875e1aab534e,36,1685274969932,38759,250872667,460,1880975,86900805
86acc21bbc8f,875e1aab534e,39,1685274969957,38759,250872667,460,1880975,86900805
86acc21bbc8f,875e1aab534e,6,1685274970241,38759,250872667,460,1880975,86900805
86acc21bbc8f,875e1aab534e,20,1685274970330,38759,250872667,460,1880975,86900805
86acc21bbc8f,875e1aab534e,7,1685276484984,38759,250872408,460,1880975,86900805
86acc21bbc8f,875e1aab534e,1,1685276484984,38759,250872408,460,1880975,86900805
86acc21bbc8f,875e1aab534e,30,1685276485133,38759,250872408,460,1880975,86900805
86acc21bbc8f,875e1aab534e,31,1685276486006,38759,250872408,460,1880975,86900805
86acc21bbc8f,875e1aab534e,18,1685276486296,38759,250872408,460,1880975,86900805
86acc21bbc8f,875e1aab534e,41,1685276486296,38759,250872408,460,1880975,86900805
86acc21bbc8f,875e1aab534e,36,1685276486360,38759,250872408,460,1880975,86900805
86acc21bbc8f,875e1aab534e,39,1685276486399,38759,250872408,460,1880975,86900805
86acc21bbc8f,875e1aab534e,67,1685276486403,38759,250872408,460,1880975,86900805
86acc21bbc8f,875e1aab534e,20,1685276487291,38759,250872408,460,1880975,86900805
86acc21bbc8f,875e1aab534e,5,1685276487293,38759,250872408,460,1880975,86900805
86acc21bbc8f,875e1aab534e,20,1685276487374,38759,250872408,460,1880975,86900805
86acc21bbc8f,875e1aab534e,2,1685276494074,38759,250872408,460,1880975,86900805
86acc21bbc8f,875e1aab534e,36,1685276494133,38759,250872408,460,1880975,86900805
86acc21bbc8f,875e1aab534e,7,1685276494182,38759,250872408,460,1880975,86900805
86acc21bbc8f,875e1aab534e,1,1685276498325,38759,250872408,460,1880975,86900805
86acc21bbc8f,875e1aab534e,7,1685276498325,38759,250872408,460,1880975,86900805
86acc21bbc8f,875e1aab534e,18,1685276499636,38759,250872408,460,1880975,86900805
86acc21bbc8f,875e1aab534e,41,1685276499636,38759,250872408,460,1880975,86900805
86acc21bbc8f,875e1aab534e,67,1685276499744,38759,250872408,460,1880975,86900805
86acc21bbc8f,875e1aab534e,2,1685276507415,38759,250872408,460,1880975,86900805
86acc21bbc8f,875e1aab534e,36,1685276507473,38759,250872408,460,1880975,86900805
86acc21bbc8f,875e1aab534e,39,1685276507522,38759,250872408,460,1880975,86900805
86acc21bbc8f,875e1aab534e,7,1685276507523,38759,250872408,460,1880975,86900805
86acc21bbc8f,875e1aab534e,34,1685276507686,38759,250872408,460,1880975,86900805
86acc21bbc8f,875e1aab534e,41,1685276507686,38759,250872408,460,1880975,86900805
86acc21bbc8f,875e1aab534e,20,1685276514876,38759,250872408,460,1880975,86900805
86acc21bbc8f,875e1aab534e,5,1685276514879,38759,250872408,460,1880975,86900805
86acc21bbc8f,875e1aab534e,20,1685276514961,38759,250872408,460,1880975,86900805
86acc21bbc8f,875e1aab534e,4,1685282742362,38759,250872408,460,1880975,86900805
86acc21bbc8f,875e1aab534e,2,1685282743163,38759,250872408,460,1880975,86900805
86acc21bbc8f,875e1aab534e,36,1685282743228,38759,250872408,460,1880975,86900805
86acc21bbc8f,875e1aab534e,39,1685282743262,38759,250872408,460,1880975,86900805
86acc21bbc8f,875e1aab534e,34,1685282743717,38759,250872408,460,1880975,86900805
86acc21bbc8f,875e1aab534e,13,1685282743717,38759,250872408,460,1880975,86900805
86acc21bbc8f,875e1aab534e,21,1685282751011,38759,250872408,460,1880975,86900805
86acc21bbc8f,875e1aab534e,11,1685282751011,38759,250872408,460,1880975,86900805
86acc21bbc8f,875e1aab534e,20,1685282753348,38759,250872408,460,1880975,86900805
86acc21bbc8f,875e1aab534e,4,1685282755700,38759,250872408,460,1880975,86900805
86acc21bbc8f,875e1aab534e,2,1685282756501,38759,250872408,460,1880975,86900805
86acc21bbc8f,875e1aab534e,36,1685282756566,38759,250872408,460,1880975,86900805
86acc21bbc8f,875e1aab534e,39,1685282756600,38759,250872408,460,1880975,86900805
86acc21bbc8f,875e1aab534e,13,1685282757055,38759,250872408,460,1880975,86900805
86acc21bbc8f,875e1aab534e,34,1685282757055,38759,250872408,460,1880975,86900805
86acc21bbc8f,875e1aab534e,21,1685282764349,38759,250872408,460,1880975,86900805
86acc21bbc8f,875e1aab534e,20,1685282766686,38759,250872408,460,1880975,86900805
86acc21bbc8f,875e1aab534e,5,1685282766688,38759,250872408,460,1880975,86900805
86acc21bbc8f,875e1aab534e,20,1685282766769,38759,250872408,460,1880975,86900805
