a14cd909732c,4d9ee1f5d8fb,2,1685203256048,38701,85050266,460,1529716,86128706
a14cd909732c,4d9ee1f5d8fb,20,1685203266018,38701,85050266,460,1529716,86128706
a14cd909732c,4d9ee1f5d8fb,4,1685203940798,38701,85252126,460,1529716,86128706
a14cd909732c,4d9ee1f5d8fb,2,1685203942117,38701,85252126,460,1529716,86128706
a14cd909732c,4d9ee1f5d8fb,18,1685203942121,38701,85252126,460,1529716,86128706
a14cd909732c,4d9ee1f5d8fb,36,1685203942156,38701,85252126,460,1529716,86128706
a14cd909732c,4d9ee1f5d8fb,39,1685203942181,38701,85252126,460,1529716,86128706
a14cd909732c,4d9ee1f5d8fb,14,1685203943797,38701,85050269,460,1529716,86128706
a14cd909732c,4d9ee1f5d8fb,2,1685204059857,38701,85252126,460,1529716,86128706
a14cd909732c,4d9ee1f5d8fb,18,1685204059859,38701,85252126,460,1529716,86128706
a14cd909732c,4d9ee1f5d8fb,36,1685204059891,38701,85252126,460,1529716,86128706
a14cd909732c,4d9ee1f5d8fb,39,1685204061567,38701,85050269,460,1529716,86128706
a14cd909732c,4d9ee1f5d8fb,20,1685204071439,38701,85050269,460,1529716,86128706
a14cd909732c,4d9ee1f5d8fb,4,1685205499899,38701,85252126,460,1529716,86128706
a14cd909732c,4d9ee1f5d8fb,2,1685205501136,38701,85252126,460,1529716,86128706
a14cd909732c,4d9ee1f5d8fb,18,1685205501138,38701,85252126,460,1529716,86128706
a14cd909732c,4d9ee1f5d8fb,36,1685205501165,38701,85252126,460,1529716,86128706
a14cd909732c,4d9ee1f5d8fb,39,1685205507568,38701,85050269,460,1529716,86128706
a14cd909732c,4d9ee1f5d8fb,20,1685205517469,38701,85050269,460,1529716,86128706
a14cd909732c,4d9ee1f5d8fb,2,1685206288356,38701,85252126,460,1529716,86128706
a14cd909732c,4d9ee1f5d8fb,39,1685206288420,38701,85252126,460,1529716,86128706
a14cd909732c,4d9ee1f5d8fb,20,1685206298338,38701,85252126,460,1529716,86128706
a14cd909732c,4d9ee1f5d8fb,4,1685206869166,38701,85252126,460,1529716,86128706
a14cd909732c,4d9ee1f5d8fb,2,1685206869456,38701,85252126,460,1529716,86128706
a14cd909732c,4d9ee1f5d8fb,39,1685206869510,38701,85252126,460,1529716,86128706
a14cd909732c,4d9ee1f5d8fb,14,1685206871157,38701,85050269,460,1529716,86128706
a14cd909732c,4d9ee1f5d8fb,39,1685206871170,38701,85050269,460,1529716,86128706
a14cd909732c,4d9ee1f5d8fb,20,1685206881075,38701,85050269,460,1529716,86128706
a14cd909732c,4d9ee1f5d8fb,2,1685206942452,38701,161677849,460,1529716,86128706
a14cd909732c,4d9ee1f5d8fb,18,1685206942454,38701,161677849,460,1529716,86128706
a14cd909732c,4d9ee1f5d8fb,20,1685206952405,38701,161677849,460,1529716,86128706
a14cd909732c,4d9ee1f5d8fb,2,1685207060212,38701,161677849,460,1529716,86128706
a14cd909732c,4d9ee1f5d8fb,39,1685207060282,38701,161677849,460,1529716,86128706
a14cd909732c,4d9ee1f5d8fb,20,1685207070178,38701,161677849,460,1529716,86128706
a14cd909732c,4d9ee1f5d8fb,5,1685207617107,38701,161677849,460,1529716,86128706
a14cd909732c,4d9ee1f5d8fb,30,1685207617159,38701,161677849,460,1529716,86128706
a14cd909732c,4d9ee1f5d8fb,31,1685207617286,38701,161677849,460,1529716,86128706
a14cd909732c,4d9ee1f5d8fb,2,1685207617602,38701,161677849,460,1529716,86128706
a14cd909732c,4d9ee1f5d8fb,7,1685207617692,38701,161677849,460,1529716,86128706
a14cd909732c,4d9ee1f5d8fb,12,1685207617692,38701,161677849,460,1529716,86128706
a14cd909732c,4d9ee1f5d8fb,20,1685207642495,38701,161677849,460,1529716,86128706
a14cd909732c,4d9ee1f5d8fb,4,1685209059177,38701,161677849,460,1529716,86128706
a14cd909732c,4d9ee1f5d8fb,2,1685209059578,38701,161677849,460,1529716,86128706
a14cd909732c,4d9ee1f5d8fb,18,1685209059580,38701,161677849,460,1529716,86128706
a14cd909732c,4d9ee1f5d8fb,36,1685209059620,38701,161677849,460,1529716,86128706
a14cd909732c,4d9ee1f5d8fb,20,1685209069532,38701,161677849,460,1529716,86128706
a14cd909732c,4d9ee1f5d8fb,4,1685210499787,38701,161677849,460,1529716,86128706
a14cd909732c,4d9ee1f5d8fb,2,1685210500852,38701,161677849,460,1529716,86128706
a14cd909732c,4d9ee1f5d8fb,36,1685210500892,38701,161677849,460,1529716,86128706
a14cd909732c,4d9ee1f5d8fb,39,1685210500927,38701,161677849,460,1529716,86128706
a14cd909732c,4d9ee1f5d8fb,2,1685210619752,38701,161677849,460,1529716,86128706
a14cd909732c,4d9ee1f5d8fb,18,1685210619756,38701,161677849,460,1529716,86128706
a14cd909732c,4d9ee1f5d8fb,36,1685210619792,38701,161677849,460,1529716,86128706
a14cd909732c,4d9ee1f5d8fb,39,1685210619822,38701,161677849,460,1529716,86128706
a14cd909732c,4d9ee1f5d8fb,20,1685210629692,38701,161677849,460,1529716,86128706
a14cd909732c,4d9ee1f5d8fb,2,1685210651752,38701,161677849,460,1529716,86128706
a14cd909732c,4d9ee1f5d8fb,18,1685210651757,38701,161677849,460,1529716,86128706
a14cd909732c,4d9ee1f5d8fb,36,1685210651792,38701,161677849,460,1529716,86128706
a14cd909732c,4d9ee1f5d8fb,39,1685210651822,38701,161677849,460,1529716,86128706
a14cd909732c,4d9ee1f5d8fb,4,1685212060251,38701,161677849,460,1529716,86128706
a14cd909732c,4d9ee1f5d8fb,2,1685212061177,38701,161677849,460,1529716,86128706
a14cd909732c,4d9ee1f5d8fb,18,1685212061181,38701,161677849,460,1529716,86128706
a14cd909732c,4d9ee1f5d8fb,36,1685212061223,38701,161677849,460,1529716,86128706
a14cd909732c,4d9ee1f5d8fb,39,1685212061252,38701,161677849,460,1529716,86128706
a14cd909732c,4d9ee1f5d8fb,4,1685213501409,38701,161677849,460,1529716,86128706
a14cd909732c,4d9ee1f5d8fb,2,1685213502451,38701,161677849,460,1529716,86128706
a14cd909732c,4d9ee1f5d8fb,18,1685213502456,38701,161677849,460,1529716,86128706
a14cd909732c,4d9ee1f5d8fb,39,1685213502527,38701,161677849,460,1529716,86128706
a14cd909732c,4d9ee1f5d8fb,20,1685213512379,38701,161677849,460,1529716,86128706
a14cd909732c,4d9ee1f5d8fb,18,1685213620220,38701,161677849,460,1529716,86128706
a14cd909732c,4d9ee1f5d8fb,36,1685213620257,38701,161677849,460,1529716,86128706
a14cd909732c,4d9ee1f5d8fb,14,1685213621986,38701,250610522,460,1529716,86128706
a14cd909732c,4d9ee1f5d8fb,39,1685213622002,38701,250610522,460,1529716,86128706
a14cd909732c,4d9ee1f5d8fb,20,1685213631857,38701,250610522,460,1529716,86128706
a14cd909732c,4d9ee1f5d8fb,2,1685213684196,38701,250610522,460,1529716,86128706
a14cd909732c,4d9ee1f5d8fb,18,1685213684198,38701,250610522,460,1529716,86128706
a14cd909732c,4d9ee1f5d8fb,36,1685213684247,38701,250610522,460,1529716,86128706
a14cd909732c,4d9ee1f5d8fb,39,1685213684271,38701,250610522,460,1529716,86128706
a14cd909732c,4d9ee1f5d8fb,20,1685213694174,38701,250610522,460,1529716,86128706
a14cd909732c,4d9ee1f5d8fb,4,1685214055547,38701,250610522,460,1529716,86128706
a14cd909732c,4d9ee1f5d8fb,2,1685214056686,38701,250610522,460,1529716,86128706
a14cd909732c,4d9ee1f5d8fb,36,1685214056727,38701,250610522,460,1529716,86128706
a14cd909732c,4d9ee1f5d8fb,39,1685214056756,38701,250610522,460,1529716,86128706
a14cd909732c,4d9ee1f5d8fb,4,1685215060505,38701,250610522,460,1529716,86128706
a14cd909732c,4d9ee1f5d8fb,2,1685215061485,38701,250610522,460,1529716,86128706
a14cd909732c,4d9ee1f5d8fb,18,1685215061489,38701,250610522,460,1529716,86128706
a14cd909732c,4d9ee1f5d8fb,36,1685215061536,38701,250610522,460,1529716,86128706
a14cd909732c,4d9ee1f5d8fb,20,1685215071433,38701,250610522,460,1529716,86128706
a14cd909732c,4d9ee1f5d8fb,4,1685216501656,38701,250610522,460,1529716,86128706
a14cd909732c,4d9ee1f5d8fb,2,1685216502771,38701,250610522,460,1529716,86128706
a14cd909732c,4d9ee1f5d8fb,18,1685216502774,38701,250610522,460,1529716,86128706
a14cd909732c,4d9ee1f5d8fb,36,1685216502816,38701,250610522,460,1529716,86128706
a14cd909732c,4d9ee1f5d8fb,39,1685216502841,38701,250610522,460,1529716,86128706
a14cd909732c,4d9ee1f5d8fb,18,1685216620528,38701,250610522,460,1529716,86128706
a14cd909732c,4d9ee1f5d8fb,36,1685216620577,38701,250610522,460,1529716,86128706
a14cd909732c,4d9ee1f5d8fb,39,1685216620600,38701,250610522,460,1529716,86128706
a14cd909732c,4d9ee1f5d8fb,20,1685216630410,38701,250610522,460,1529716,86128706
a14cd909732c,4d9ee1f5d8fb,2,1685216716525,38701,250610522,460,1529716,86128706
a14cd909732c,4d9ee1f5d8fb,18,1685216716530,38701,250610522,460,1529716,86128706
a14cd909732c,4d9ee1f5d8fb,39,1685216716595,38701,250610522,460,1529716,86128706
a14cd909732c,4d9ee1f5d8fb,20,1685216726425,38701,250610522,460,1529716,86128706
a14cd909732c,4d9ee1f5d8fb,4,1685218061034,38701,250610522,460,1529716,86128706
a14cd909732c,4d9ee1f5d8fb,2,1685218061805,38701,250610522,460,1529716,86128706
a14cd909732c,4d9ee1f5d8fb,18,1685218061811,38701,250610522,460,1529716,86128706
a14cd909732c,4d9ee1f5d8fb,36,1685218061851,38701,250610522,460,1529716,86128706
a14cd909732c,4d9ee1f5d8fb,20,1685218071731,38701,250610522,460,1529716,86128706
a14cd909732c,4d9ee1f5d8fb,4,1685219502179,38701,250610522,460,1529716,86128706
a14cd909732c,4d9ee1f5d8fb,2,1685219503089,38701,250610522,460,1529716,86128706
a14cd909732c,4d9ee1f5d8fb,18,1685219503092,38701,250610522,460,1529716,86128706
a14cd909732c,4d9ee1f5d8fb,36,1685219503140,38701,250610522,460,1529716,86128706
a14cd909732c,4d9ee1f5d8fb,39,1685219503165,38701,250610522,460,1529716,86128706
a14cd909732c,4d9ee1f5d8fb,20,1685219513023,38701,250610522,460,1529716,86128706
a14cd909732c,4d9ee1f5d8fb,18,1685219620849,38701,250610522,460,1529716,86128706
a14cd909732c,4d9ee1f5d8fb,36,1685219620891,38701,250610522,460,1529716,86128706
a14cd909732c,4d9ee1f5d8fb,39,1685219620915,38701,250610522,460,1529716,86128706
a14cd909732c,4d9ee1f5d8fb,2,1685219748844,38701,250610522,460,1529716,86128706
a14cd909732c,4d9ee1f5d8fb,18,1685219748847,38701,250610522,460,1529716,86128706
a14cd909732c,4d9ee1f5d8fb,20,1685219758786,38701,250610522,460,1529716,86128706
a14cd909732c,4d9ee1f5d8fb,4,1685221061281,38701,250610522,460,1529716,86128706
a14cd909732c,4d9ee1f5d8fb,18,1685221062127,38701,250610522,460,1529716,86128706
a14cd909732c,4d9ee1f5d8fb,39,1685221062194,38701,250610522,460,1529716,86128706
a14cd909732c,4d9ee1f5d8fb,20,1685221072072,38701,250610522,460,1529716,86128706
a14cd909732c,4d9ee1f5d8fb,4,1685221330007,38701,250610522,460,1529716,86128706
a14cd909732c,4d9ee1f5d8fb,2,1685221330924,38701,250610522,460,1529716,86128706
a14cd909732c,4d9ee1f5d8fb,36,1685221330970,38701,250610522,460,1529716,86128706
a14cd909732c,4d9ee1f5d8fb,39,1685221330999,38701,250610522,460,1529716,86128706
a14cd909732c,4d9ee1f5d8fb,20,1685221340842,38701,250610522,460,1529716,86128706
a14cd909732c,4d9ee1f5d8fb,4,1685222502429,38701,250610522,460,1529716,86128706
a14cd909732c,4d9ee1f5d8fb,2,1685222503403,38701,250610522,460,1529716,86128706
a14cd909732c,4d9ee1f5d8fb,18,1685222503406,38701,250610522,460,1529716,86128706
a14cd909732c,4d9ee1f5d8fb,36,1685222503450,38701,250610522,460,1529716,86128706
a14cd909732c,4d9ee1f5d8fb,2,1685222621164,38701,250610522,460,1529716,86128706
a14cd909732c,4d9ee1f5d8fb,18,1685222621168,38701,250610522,460,1529716,86128706
a14cd909732c,4d9ee1f5d8fb,39,1685222621239,38701,250610522,460,1529716,86128706
a14cd909732c,4d9ee1f5d8fb,2,1685222781053,38701,250610522,460,1529716,86128706
a14cd909732c,4d9ee1f5d8fb,18,1685222781056,38701,250610522,460,1529716,86128706
a14cd909732c,4d9ee1f5d8fb,36,1685222781099,38701,250610522,460,1529716,86128706
a14cd909732c,4d9ee1f5d8fb,39,1685222781124,38701,250610522,460,1529716,86128706
a14cd909732c,4d9ee1f5d8fb,20,1685222791003,38701,250610522,460,1529716,86128706
a14cd909732c,4d9ee1f5d8fb,4,1685224061530,38701,250610522,460,1529716,86128706
a14cd909732c,4d9ee1f5d8fb,2,1685224062443,38701,250610522,460,1529716,86128706
a14cd909732c,4d9ee1f5d8fb,36,1685224062489,38701,250610522,460,1529716,86128706
a14cd909732c,4d9ee1f5d8fb,39,1685224062528,38701,250610522,460,1529716,86128706
a14cd909732c,4d9ee1f5d8fb,4,1685225502678,38701,85050266,460,1529716,86128706
a14cd909732c,4d9ee1f5d8fb,2,1685225503738,38701,85050266,460,1529716,86128706
a14cd909732c,4d9ee1f5d8fb,39,1685225503823,38701,85050266,460,1529716,86128706
a14cd909732c,4d9ee1f5d8fb,2,1685225621493,38701,85050266,460,1529716,86128706
a14cd909732c,4d9ee1f5d8fb,18,1685225621496,38701,85050266,460,1529716,86128706
a14cd909732c,4d9ee1f5d8fb,36,1685225621539,38701,85050266,460,1529716,86128706
a14cd909732c,4d9ee1f5d8fb,20,1685225631458,38701,85050266,460,1529716,86128706
a14cd909732c,4d9ee1f5d8fb,18,1685225813377,38701,85050266,460,1529716,86128706
a14cd909732c,4d9ee1f5d8fb,39,1685225813463,38701,85050266,460,1529716,86128706
a14cd909732c,4d9ee1f5d8fb,20,1685225823302,38701,85050266,460,1529716,86128706
a14cd909732c,4d9ee1f5d8fb,4,1685227062052,38701,85050266,460,1529716,86128706
a14cd909732c,4d9ee1f5d8fb,2,1685227062763,38701,85050266,460,1529716,86128706
a14cd909732c,4d9ee1f5d8fb,36,1685227062803,38701,85050266,460,1529716,86128706
a14cd909732c,4d9ee1f5d8fb,39,1685227062843,38701,85050266,460,1529716,86128706
a14cd909732c,4d9ee1f5d8fb,18,1685228504044,38701,85050266,460,1529716,86128706
a14cd909732c,4d9ee1f5d8fb,36,1685228504087,38701,85050266,460,1529716,86128706
a14cd909732c,4d9ee1f5d8fb,20,1685228513994,38701,85050266,460,1529716,86128706
a14cd909732c,4d9ee1f5d8fb,2,1685228621827,38701,85050266,460,1529716,86128706
a14cd909732c,4d9ee1f5d8fb,18,1685228621830,38701,85050266,460,1529716,86128706
a14cd909732c,4d9ee1f5d8fb,36,1685228621872,38701,85050266,460,1529716,86128706
a14cd909732c,4d9ee1f5d8fb,14,1685228628131,38701,116448987,460,1529716,86128706
a14cd909732c,4d9ee1f5d8fb,39,1685228628143,38701,116448987,460,1529716,86128706
a14cd909732c,4d9ee1f5d8fb,20,1685228638042,38701,116448987,460,1529716,86128706
a14cd909732c,4d9ee1f5d8fb,2,1685228845801,38701,85050266,460,1529716,86128706
a14cd909732c,4d9ee1f5d8fb,36,1685228845847,38701,85050266,460,1529716,86128706
a14cd909732c,4d9ee1f5d8fb,39,1685228845886,38701,85050266,460,1529716,86128706
a14cd909732c,4d9ee1f5d8fb,20,1685228855770,38701,85050266,460,1529716,86128706
a14cd909732c,4d9ee1f5d8fb,4,1685230062302,38701,85050266,460,1529716,86128706
a14cd909732c,4d9ee1f5d8fb,18,1685230063100,38701,85050266,460,1529716,86128706
a14cd909732c,4d9ee1f5d8fb,39,1685230063187,38701,85050266,460,1529716,86128706
a14cd909732c,4d9ee1f5d8fb,4,1685231503453,38701,85050266,460,1529716,86128706
a14cd909732c,4d9ee1f5d8fb,2,1685231504376,38701,85050266,460,1529716,86128706
a14cd909732c,4d9ee1f5d8fb,36,1685231504417,38701,85050266,460,1529716,86128706
a14cd909732c,4d9ee1f5d8fb,39,1685231504455,38701,85050266,460,1529716,86128706
a14cd909732c,4d9ee1f5d8fb,2,1685231622170,38701,85050266,460,1529716,86128706
a14cd909732c,4d9ee1f5d8fb,18,1685231622174,38701,85050266,460,1529716,86128706
a14cd909732c,4d9ee1f5d8fb,36,1685231622216,38701,85050266,460,1529716,86128706
a14cd909732c,4d9ee1f5d8fb,39,1685231622266,38701,85050266,460,1529716,86128706
a14cd909732c,4d9ee1f5d8fb,2,1685231878120,38701,85050266,460,1529716,86128706
a14cd909732c,4d9ee1f5d8fb,18,1685231878124,38701,85050266,460,1529716,86128706
a14cd909732c,4d9ee1f5d8fb,36,1685231878161,38701,85050266,460,1529716,86128706
a14cd909732c,4d9ee1f5d8fb,39,1685231878205,38701,85050266,460,1529716,86128706
a14cd909732c,4d9ee1f5d8fb,20,1685231888076,38701,85050266,460,1529716,86128706
a14cd909732c,4d9ee1f5d8fb,4,1685232796768,38701,250610777,460,1529716,86128706
a14cd909732c,4d9ee1f5d8fb,2,1685232797150,38701,250610777,460,1529716,86128706
a14cd909732c,4d9ee1f5d8fb,18,1685232797154,38701,250610777,460,1529716,86128706
a14cd909732c,4d9ee1f5d8fb,36,1685232797196,38701,250610777,460,1529716,86128706
a14cd909732c,4d9ee1f5d8fb,20,1685232807117,38701,250610777,460,1529716,86128706
a14cd909732c,4d9ee1f5d8fb,4,1685233062547,38701,250610777,460,1529716,86128706
a14cd909732c,4d9ee1f5d8fb,18,1685233063393,38701,250610777,460,1529716,86128706
a14cd909732c,4d9ee1f5d8fb,36,1685233063436,38701,250610777,460,1529716,86128706
a14cd909732c,4d9ee1f5d8fb,39,1685233063460,38701,250610777,460,1529716,86128706
a14cd909732c,4d9ee1f5d8fb,2,1685234504680,38701,250610777,460,1529716,86128706
a14cd909732c,4d9ee1f5d8fb,39,1685234504756,38701,250610777,460,1529716,86128706
a14cd909732c,4d9ee1f5d8fb,2,1685234623460,38701,250610777,460,1529716,86128706
a14cd909732c,4d9ee1f5d8fb,39,1685234623540,38701,250610777,460,1529716,86128706
a14cd909732c,4d9ee1f5d8fb,18,1685234910443,38701,250610522,460,1529716,86128706
a14cd909732c,4d9ee1f5d8fb,2,1685235011550,38701,250610777,460,1529716,86128706
a14cd909732c,4d9ee1f5d8fb,18,1685235011553,38701,250610777,460,1529716,86128706
a14cd909732c,4d9ee1f5d8fb,36,1685235011595,38701,250610777,460,1529716,86128706
a14cd909732c,4d9ee1f5d8fb,39,1685235011625,38701,250610777,460,1529716,86128706
a14cd909732c,4d9ee1f5d8fb,13,1685235011764,38701,250610777,460,1529716,86128706
a14cd909732c,4d9ee1f5d8fb,34,1685235011764,38701,250610777,460,1529716,86128706
a14cd909732c,4d9ee1f5d8fb,11,1685235015835,38701,250610777,460,1529716,86128706
a14cd909732c,4d9ee1f5d8fb,13,1685235030926,38701,250610777,460,1529716,86128706
a14cd909732c,4d9ee1f5d8fb,4,1685236473811,38701,250610777,460,1529716,86128706
a14cd909732c,4d9ee1f5d8fb,2,1685236474590,38701,250610777,460,1529716,86128706
a14cd909732c,4d9ee1f5d8fb,36,1685236474630,38701,250610777,460,1529716,86128706
a14cd909732c,4d9ee1f5d8fb,39,1685236474655,38701,250610777,460,1529716,86128706
a14cd909732c,4d9ee1f5d8fb,18,1685237624043,38701,85050269,460,1529716,86128706
a14cd909732c,4d9ee1f5d8fb,36,1685237624090,38701,85050269,460,1529716,86128706
a14cd909732c,4d9ee1f5d8fb,20,1685237633972,38701,85050269,460,1529716,86128706
a14cd909732c,4d9ee1f5d8fb,2,1685237942751,38701,85050269,460,1529716,86128706
a14cd909732c,4d9ee1f5d8fb,18,1685237942755,38701,85050269,460,1529716,86128706
a14cd909732c,4d9ee1f5d8fb,36,1685237942796,38701,85050269,460,1529716,86128706
a14cd909732c,4d9ee1f5d8fb,39,1685237942835,38701,85050269,460,1529716,86128706
a14cd909732c,4d9ee1f5d8fb,20,1685237955288,38701,250610777,460,1529716,86128706
a14cd909732c,4d9ee1f5d8fb,4,1685238627312,38701,85050266,460,1529716,86128706
a14cd909732c,4d9ee1f5d8fb,2,1685238627567,38701,85050266,460,1529716,86128706
a14cd909732c,4d9ee1f5d8fb,36,1685238627617,38701,85050266,460,1529716,86128706
a14cd909732c,4d9ee1f5d8fb,20,1685238637474,38701,85050266,460,1529716,86128706
a14cd909732c,4d9ee1f5d8fb,4,1685239064426,38701,85050266,460,1529716,86128706
a14cd909732c,4d9ee1f5d8fb,18,1685239065314,38701,85050266,460,1529716,86128706
a14cd909732c,4d9ee1f5d8fb,36,1685239065358,38701,85050266,460,1529716,86128706
a14cd909732c,4d9ee1f5d8fb,39,1685239065410,38701,85050266,460,1529716,86128706
a14cd909732c,4d9ee1f5d8fb,20,1685239075216,38701,85050266,460,1529716,86128706
a14cd909732c,4d9ee1f5d8fb,39,1685240509017,38701,85050269,460,1529716,86128706
a14cd909732c,4d9ee1f5d8fb,20,1685240634855,38701,85050269,460,1529716,86128706
a14cd909732c,4d9ee1f5d8fb,18,1685240975098,38701,85050266,460,1529716,86128706
a14cd909732c,4d9ee1f5d8fb,36,1685240975147,38701,85050266,460,1529716,86128706
a14cd909732c,4d9ee1f5d8fb,39,1685240975196,38701,85050266,460,1529716,86128706
a14cd909732c,4d9ee1f5d8fb,20,1685240984998,38701,85050266,460,1529716,86128706
a14cd909732c,4d9ee1f5d8fb,18,1685243074051,38701,250610777,460,1529716,86128706
a14cd909732c,4d9ee1f5d8fb,34,1685243074177,38701,250610777,460,1529716,86128706
a14cd909732c,4d9ee1f5d8fb,34,1685243076079,38701,250610777,460,1529716,86128706
a14cd909732c,4d9ee1f5d8fb,13,1685243076079,38701,250610777,460,1529716,86128706
a14cd909732c,4d9ee1f5d8fb,12,1685243076431,38701,250610777,460,1529716,86128706
a14cd909732c,4d9ee1f5d8fb,35,1685243076431,38701,250610777,460,1529716,86128706
a14cd909732c,4d9ee1f5d8fb,11,1685243080206,38701,250610777,460,1529716,86128706
a14cd909732c,4d9ee1f5d8fb,11,1685243116421,38701,250610777,460,1529716,86128706
a14cd909732c,4d9ee1f5d8fb,21,1685243116421,38701,250610777,460,1529716,86128706
a14cd909732c,4d9ee1f5d8fb,14,1685243126269,38701,250610522,460,1529716,86128706
a14cd909732c,4d9ee1f5d8fb,14,1685243128028,38701,250610777,460,1529716,86128706
a14cd909732c,4d9ee1f5d8fb,20,1685243137897,38701,250610777,460,1529716,86128706
a14cd909732c,4d9ee1f5d8fb,18,1685243625957,38701,161677849,460,1529716,86128706
a14cd909732c,4d9ee1f5d8fb,39,1685243626039,38701,161677849,460,1529716,86128706
a14cd909732c,4d9ee1f5d8fb,20,1685243635885,38701,161677849,460,1529716,86128706
a14cd909732c,4d9ee1f5d8fb,2,1685244007378,38701,85050266,460,1529716,86128706
a14cd909732c,4d9ee1f5d8fb,18,1685244007382,38701,85050266,460,1529716,86128706
a14cd909732c,4d9ee1f5d8fb,36,1685244007419,38701,85050266,460,1529716,86128706
a14cd909732c,4d9ee1f5d8fb,39,1685244007454,38701,85050266,460,1529716,86128706
a14cd909732c,4d9ee1f5d8fb,4,1685245066296,38701,85050269,460,1529716,86128706
a14cd909732c,4d9ee1f5d8fb,20,1685245077171,38701,85050269,460,1529716,86128706
a14cd909732c,4d9ee1f5d8fb,4,1685246253535,38701,85050269,460,1529716,86128706
a14cd909732c,4d9ee1f5d8fb,2,1685246253796,38701,85050269,460,1529716,86128706
a14cd909732c,4d9ee1f5d8fb,18,1685246253798,38701,85050269,460,1529716,86128706
a14cd909732c,4d9ee1f5d8fb,36,1685246253841,38701,85050269,460,1529716,86128706
a14cd909732c,4d9ee1f5d8fb,20,1685246263708,38701,85050269,460,1529716,86128706
a14cd909732c,4d9ee1f5d8fb,4,1685246507452,38701,85050269,460,1529716,86128706
a14cd909732c,4d9ee1f5d8fb,2,1685246508516,38701,85050269,460,1529716,86128706
a14cd909732c,4d9ee1f5d8fb,18,1685246508518,38701,85050269,460,1529716,86128706
a14cd909732c,4d9ee1f5d8fb,36,1685246508566,38701,85050269,460,1529716,86128706
a14cd909732c,4d9ee1f5d8fb,39,1685246508615,38701,85050269,460,1529716,86128706
a14cd909732c,4d9ee1f5d8fb,2,1685246626287,38701,250610777,460,1529716,86128706
a14cd909732c,4d9ee1f5d8fb,18,1685246626290,38701,250610777,460,1529716,86128706
a14cd909732c,4d9ee1f5d8fb,36,1685246626338,38701,250610777,460,1529716,86128706
a14cd909732c,4d9ee1f5d8fb,39,1685246626363,38701,250610777,460,1529716,86128706
a14cd909732c,4d9ee1f5d8fb,20,1685246636228,38701,250610777,460,1529716,86128706
a14cd909732c,4d9ee1f5d8fb,39,1685247039782,38701,250610777,460,1529716,86128706
a14cd909732c,4d9ee1f5d8fb,20,1685247049605,38701,250610777,460,1529716,86128706
a14cd909732c,4d9ee1f5d8fb,20,1685248077518,38701,250610777,460,1529716,86128706
a14cd909732c,4d9ee1f5d8fb,4,1685249507976,38701,250610777,460,1529716,86128706
a14cd909732c,4d9ee1f5d8fb,36,1685249508872,38701,250610777,460,1529716,86128706
a14cd909732c,4d9ee1f5d8fb,39,1685249508902,38701,250610777,460,1529716,86128706
a14cd909732c,4d9ee1f5d8fb,20,1685249518778,38701,250610777,460,1529716,86128706
a14cd909732c,4d9ee1f5d8fb,2,1685249626597,38701,250610777,460,1529716,86128706
a14cd909732c,4d9ee1f5d8fb,18,1685249626599,38701,250610777,460,1529716,86128706
a14cd909732c,4d9ee1f5d8fb,36,1685249626642,38701,250610777,460,1529716,86128706
a14cd909732c,4d9ee1f5d8fb,39,1685249626672,38701,250610777,460,1529716,86128706
a14cd909732c,4d9ee1f5d8fb,20,1685249636576,38701,250610777,460,1529716,86128706
a14cd909732c,4d9ee1f5d8fb,4,1685249857385,38701,250610777,460,1529716,86128706
a14cd909732c,4d9ee1f5d8fb,2,1685249858277,38701,250610777,460,1529716,86128706
a14cd909732c,4d9ee1f5d8fb,18,1685249858279,38701,250610777,460,1529716,86128706
a14cd909732c,4d9ee1f5d8fb,2,1685250072026,38701,250610777,460,1529716,86128706
a14cd909732c,4d9ee1f5d8fb,18,1685250072030,38701,250610777,460,1529716,86128706
a14cd909732c,4d9ee1f5d8fb,4,1685251067077,38701,250610777,460,1529716,86128706
a14cd909732c,4d9ee1f5d8fb,18,1685251067868,38701,250610777,460,1529716,86128706
a14cd909732c,4d9ee1f5d8fb,39,1685251067932,38701,250610777,460,1529716,86128706
a14cd909732c,4d9ee1f5d8fb,20,1685251077794,38701,250610777,460,1529716,86128706
a14cd909732c,4d9ee1f5d8fb,4,1685252508231,38701,250610777,460,1529716,86128706
a14cd909732c,4d9ee1f5d8fb,2,1685252509146,38701,250610777,460,1529716,86128706
a14cd909732c,4d9ee1f5d8fb,18,1685252509149,38701,250610777,460,1529716,86128706
a14cd909732c,4d9ee1f5d8fb,36,1685252509193,38701,250610777,460,1529716,86128706
a14cd909732c,4d9ee1f5d8fb,20,1685252519049,38701,250610777,460,1529716,86128706
a14cd909732c,4d9ee1f5d8fb,18,1685252626953,38701,161677849,460,1529716,86128706
a14cd909732c,4d9ee1f5d8fb,39,1685252627022,38701,161677849,460,1529716,86128706
a14cd909732c,4d9ee1f5d8fb,39,1685252628489,38701,85050266,460,1529716,86128706
a14cd909732c,4d9ee1f5d8fb,18,1685254068213,38701,161677849,460,1529716,86128706
a14cd909732c,4d9ee1f5d8fb,39,1685254068291,38701,161677849,460,1529716,86128706
a14cd909732c,4d9ee1f5d8fb,4,1685255508479,38701,161677849,460,1529716,86128706
a14cd909732c,4d9ee1f5d8fb,39,1685255509557,38701,161677849,460,1529716,86128706
a14cd909732c,4d9ee1f5d8fb,39,1685255510044,38701,161678364,460,1529716,86128706
a14cd909732c,4d9ee1f5d8fb,39,1685255510538,38701,161677849,460,1529716,86128706
a14cd909732c,4d9ee1f5d8fb,39,1685255511321,38701,161678364,460,1529716,86128706
a14cd909732c,4d9ee1f5d8fb,39,1685255511787,38701,161677849,460,1529716,86128706
a14cd909732c,4d9ee1f5d8fb,39,1685255512331,38701,161678364,460,1529716,86128706
a14cd909732c,4d9ee1f5d8fb,14,1685255512837,38701,85050266,460,1529716,86128706
a14cd909732c,4d9ee1f5d8fb,20,1685255522734,38701,85050266,460,1529716,86128706
a14cd909732c,4d9ee1f5d8fb,36,1685255627479,38701,85050266,460,1529716,86128706
a14cd909732c,4d9ee1f5d8fb,39,1685255627532,38701,85050266,460,1529716,86128706
a14cd909732c,4d9ee1f5d8fb,20,1685255637329,38701,85050266,460,1529716,86128706
a14cd909732c,4d9ee1f5d8fb,36,1685256136722,38701,85050266,460,1529716,86128706
a14cd909732c,4d9ee1f5d8fb,39,1685256136765,38701,85050266,460,1529716,86128706
a14cd909732c,4d9ee1f5d8fb,4,1685257067855,38701,85050266,460,1529716,86128706
a14cd909732c,4d9ee1f5d8fb,36,1685257068556,38701,85050266,460,1529716,86128706
a14cd909732c,4d9ee1f5d8fb,39,1685257068600,38701,85050266,460,1529716,86128706
a14cd909732c,4d9ee1f5d8fb,20,1685257078487,38701,85050266,460,1529716,86128706
a14cd909732c,4d9ee1f5d8fb,39,1685257595518,38701,250610522,460,1529716,86128706
a14cd909732c,4d9ee1f5d8fb,39,1685257601308,38701,250610777,460,1529716,86128706
a14cd909732c,4d9ee1f5d8fb,20,1685257611233,38701,250610777,460,1529716,86128706
a14cd909732c,4d9ee1f5d8fb,18,1685258227838,38701,250775385,460,1529716,86128706
a14cd909732c,4d9ee1f5d8fb,39,1685258227924,38701,250775385,460,1529716,86128706
a14cd909732c,4d9ee1f5d8fb,41,1685258228036,38701,250775385,460,1529716,86128706
a14cd909732c,4d9ee1f5d8fb,34,1685258228036,38701,250775385,460,1529716,86128706
a14cd909732c,4d9ee1f5d8fb,2,1685258293476,38701,85691554,460,1529716,86128706
a14cd909732c,4d9ee1f5d8fb,18,1685258293478,38701,85691554,460,1529716,86128706
a14cd909732c,4d9ee1f5d8fb,36,1685258293528,38701,85691554,460,1529716,86128706
a14cd909732c,4d9ee1f5d8fb,4,1685258336755,38701,85691544,460,1529716,86128706
a14cd909732c,4d9ee1f5d8fb,18,1685258336992,38701,85691544,460,1529716,86128706
a14cd909732c,4d9ee1f5d8fb,36,1685258337042,38701,85691544,460,1529716,86128706
a14cd909732c,4d9ee1f5d8fb,39,1685258337078,38701,85691544,460,1529716,86128706
a14cd909732c,4d9ee1f5d8fb,20,1685258346938,38701,85691544,460,1529716,86128706
a14cd909732c,4d9ee1f5d8fb,5,1685258350054,38701,85034393,460,1529716,86128706
a14cd909732c,4d9ee1f5d8fb,4,1685258424699,38701,85034393,460,1529716,86128706
a14cd909732c,4d9ee1f5d8fb,39,1685258425409,38701,85034393,460,1529716,86128706
a14cd909732c,4d9ee1f5d8fb,2,1685258448119,38701,85034393,460,1529716,86128706
a14cd909732c,4d9ee1f5d8fb,39,1685258448194,38701,85034393,460,1529716,86128706
a14cd909732c,4d9ee1f5d8fb,5,1685258471894,38701,85034393,460,1529716,86128706
a14cd909732c,4d9ee1f5d8fb,18,1685258576997,38701,85034393,460,1529716,86128706
a14cd909732c,4d9ee1f5d8fb,36,1685258577050,38701,85034393,460,1529716,86128706
a14cd909732c,4d9ee1f5d8fb,39,1685258577079,38701,85034393,460,1529716,86128706
a14cd909732c,4d9ee1f5d8fb,20,1685258590937,38701,85034393,460,1529716,86128706
a14cd909732c,4d9ee1f5d8fb,18,1685258628213,38701,85034393,460,1529716,86128706
a14cd909732c,4d9ee1f5d8fb,36,1685258628274,38701,85034393,460,1529716,86128706
a14cd909732c,4d9ee1f5d8fb,20,1685258647179,38701,85034393,460,1529716,86128706
a14cd909732c,4d9ee1f5d8fb,2,1685258666979,38701,85034393,460,1529716,86128706
a14cd909732c,4d9ee1f5d8fb,18,1685258666982,38701,85034393,460,1529716,86128706
a14cd909732c,4d9ee1f5d8fb,36,1685258667039,38701,85034393,460,1529716,86128706
a14cd909732c,4d9ee1f5d8fb,20,1685258676861,38701,85034393,460,1529716,86128706
a14cd909732c,4d9ee1f5d8fb,18,1685258696687,38701,85034393,460,1529716,86128706
a14cd909732c,4d9ee1f5d8fb,36,1685258696735,38701,85034393,460,1529716,86128706
a14cd909732c,4d9ee1f5d8fb,20,1685258835644,38701,85034393,460,1529716,86128706
a14cd909732c,4d9ee1f5d8fb,2,1685258858114,38701,85034393,460,1529716,86128706
a14cd909732c,4d9ee1f5d8fb,18,1685258858117,38701,85034393,460,1529716,86128706
a14cd909732c,4d9ee1f5d8fb,36,1685258858174,38701,85034393,460,1529716,86128706
a14cd909732c,4d9ee1f5d8fb,39,1685258858209,38701,85034393,460,1529716,86128706
a14cd909732c,4d9ee1f5d8fb,20,1685258868048,38701,85034393,460,1529716,86128706
a14cd909732c,4d9ee1f5d8fb,2,1685258884099,38701,85034393,460,1529716,86128706
a14cd909732c,4d9ee1f5d8fb,18,1685258884102,38701,85034393,460,1529716,86128706
a14cd909732c,4d9ee1f5d8fb,36,1685258884149,38701,85034393,460,1529716,86128706
a14cd909732c,4d9ee1f5d8fb,39,1685258884174,38701,85034393,460,1529716,86128706
a14cd909732c,4d9ee1f5d8fb,14,1685258890784,38701,116510937,460,1529716,86128706
a14cd909732c,4d9ee1f5d8fb,39,1685258890795,38701,116510937,460,1529716,86128706
a14cd909732c,4d9ee1f5d8fb,20,1685258900737,38701,116510937,460,1529716,86128706
a14cd909732c,4d9ee1f5d8fb,2,1685258946924,38701,85034394,460,1529716,86128706
a14cd909732c,4d9ee1f5d8fb,18,1685258946930,38701,85034394,460,1529716,86128706
a14cd909732c,4d9ee1f5d8fb,20,1685258956797,38701,85034394,460,1529716,86128706
a14cd909732c,4d9ee1f5d8fb,2,1685258966979,38701,85034394,460,1529716,86128706
a14cd909732c,4d9ee1f5d8fb,18,1685258966984,38701,85034394,460,1529716,86128706
a14cd909732c,4d9ee1f5d8fb,20,1685258976931,38701,85034394,460,1529716,86128706
a14cd909732c,4d9ee1f5d8fb,4,1685259083892,38701,250775386,460,1529716,86128706
a14cd909732c,4d9ee1f5d8fb,18,1685259086447,38701,250775386,460,1529716,86128706
a14cd909732c,4d9ee1f5d8fb,36,1685259086505,38701,250775386,460,1529716,86128706
a14cd909732c,4d9ee1f5d8fb,39,1685259086534,38701,250775386,460,1529716,86128706
a14cd909732c,4d9ee1f5d8fb,2,1685259168999,38701,250775386,460,1529716,86128706
a14cd909732c,4d9ee1f5d8fb,18,1685259169002,38701,250775386,460,1529716,86128706
a14cd909732c,4d9ee1f5d8fb,36,1685259169074,38701,250775386,460,1529716,86128706
a14cd909732c,4d9ee1f5d8fb,39,1685259169124,38701,250775386,460,1529716,86128706
a14cd909732c,4d9ee1f5d8fb,20,1685259178881,38701,250775386,460,1529716,86128706
a14cd909732c,4d9ee1f5d8fb,2,1685259266979,38701,250775386,460,1529716,86128706
a14cd909732c,4d9ee1f5d8fb,18,1685259266983,38701,250775386,460,1529716,86128706
a14cd909732c,4d9ee1f5d8fb,36,1685259267025,38701,250775386,460,1529716,86128706
a14cd909732c,4d9ee1f5d8fb,39,1685259267054,38701,250775386,460,1529716,86128706
a14cd909732c,4d9ee1f5d8fb,2,1685259487709,38701,85034394,460,1529716,86128706
a14cd909732c,4d9ee1f5d8fb,36,1685259487759,38701,85034394,460,1529716,86128706
a14cd909732c,4d9ee1f5d8fb,2,1685259566959,38701,85034394,460,1529716,86128706
a14cd909732c,4d9ee1f5d8fb,18,1685259566962,38701,85034394,460,1529716,86128706
a14cd909732c,4d9ee1f5d8fb,36,1685259567005,38701,85034394,460,1529716,86128706
a14cd909732c,4d9ee1f5d8fb,20,1685259576852,38701,85034394,460,1529716,86128706
a14cd909732c,4d9ee1f5d8fb,4,1685259703014,38701,85034394,460,1529716,86128706
a14cd909732c,4d9ee1f5d8fb,2,1685259703384,38701,85034394,460,1529716,86128706
a14cd909732c,4d9ee1f5d8fb,36,1685259703439,38701,85034394,460,1529716,86128706
a14cd909732c,4d9ee1f5d8fb,39,1685259703474,38701,85034394,460,1529716,86128706
a14cd909732c,4d9ee1f5d8fb,20,1685259713308,38701,85034394,460,1529716,86128706
a14cd909732c,4d9ee1f5d8fb,18,1685259866974,38701,85034394,460,1529716,86128706
a14cd909732c,4d9ee1f5d8fb,39,1685259867064,38701,85034394,460,1529716,86128706
a14cd909732c,4d9ee1f5d8fb,4,1685260068654,38701,85034394,460,1529716,86128706
a14cd909732c,4d9ee1f5d8fb,2,1685260068834,38701,85034394,460,1529716,86128706
a14cd909732c,4d9ee1f5d8fb,18,1685260068836,38701,85034394,460,1529716,86128706
a14cd909732c,4d9ee1f5d8fb,36,1685260068900,38701,85034394,460,1529716,86128706
a14cd909732c,4d9ee1f5d8fb,39,1685260068929,38701,85034394,460,1529716,86128706
a14cd909732c,4d9ee1f5d8fb,20,1685260078726,38701,85034394,460,1529716,86128706
a14cd909732c,4d9ee1f5d8fb,2,1685260166964,38701,85034394,460,1529716,86128706
a14cd909732c,4d9ee1f5d8fb,18,1685260166967,38701,85034394,460,1529716,86128706
a14cd909732c,4d9ee1f5d8fb,39,1685260167064,38701,85034394,460,1529716,86128706
a14cd909732c,4d9ee1f5d8fb,20,1685260176833,38701,85034394,460,1529716,86128706
a14cd909732c,4d9ee1f5d8fb,2,1685260283069,38701,250775386,460,1529716,86128706
a14cd909732c,4d9ee1f5d8fb,18,1685260283072,38701,250775386,460,1529716,86128706
a14cd909732c,4d9ee1f5d8fb,36,1685260283139,38701,250775386,460,1529716,86128706
a14cd909732c,4d9ee1f5d8fb,14,1685260283634,38701,85034392,460,1529716,86128706
a14cd909732c,4d9ee1f5d8fb,14,1685260323534,38701,250775386,460,1529716,86128706
a14cd909732c,4d9ee1f5d8fb,39,1685260323544,38701,250775386,460,1529716,86128706
a14cd909732c,4d9ee1f5d8fb,14,1685260374854,38701,116510937,460,1529716,86128706
a14cd909732c,4d9ee1f5d8fb,36,1685260466994,38701,250775386,460,1529716,86128706
a14cd909732c,4d9ee1f5d8fb,39,1685260467034,38701,250775386,460,1529716,86128706
a14cd909732c,4d9ee1f5d8fb,20,1685260479859,38701,250775386,460,1529716,86128706
a14cd909732c,4d9ee1f5d8fb,18,1685260484232,38701,250775386,460,1529716,86128706
a14cd909732c,4d9ee1f5d8fb,39,1685260484329,38701,250775386,460,1529716,86128706
a14cd909732c,4d9ee1f5d8fb,20,1685260499169,38701,250775386,460,1529716,86128706
a14cd909732c,4d9ee1f5d8fb,4,1685260545261,38701,250775386,460,1529716,86128706
a14cd909732c,4d9ee1f5d8fb,18,1685260545637,38701,250775386,460,1529716,86128706
a14cd909732c,4d9ee1f5d8fb,36,1685260545689,38701,250775386,460,1529716,86128706
a14cd909732c,4d9ee1f5d8fb,20,1685260560556,38701,250775386,460,1529716,86128706
a14cd909732c,4d9ee1f5d8fb,4,1685260592990,38701,250775386,460,1529716,86128706
a14cd909732c,4d9ee1f5d8fb,2,1685260593624,38701,250775386,460,1529716,86128706
a14cd909732c,4d9ee1f5d8fb,18,1685260593627,38701,250775386,460,1529716,86128706
a14cd909732c,4d9ee1f5d8fb,36,1685260593674,38701,250775386,460,1529716,86128706
a14cd909732c,4d9ee1f5d8fb,39,1685260593714,38701,250775386,460,1529716,86128706
a14cd909732c,4d9ee1f5d8fb,2,1685260764874,38701,250775386,460,1529716,86128706
a14cd909732c,4d9ee1f5d8fb,18,1685260764878,38701,250775386,460,1529716,86128706
a14cd909732c,4d9ee1f5d8fb,39,1685260764954,38701,250775386,460,1529716,86128706
a14cd909732c,4d9ee1f5d8fb,36,1685260934064,38701,85034394,460,1529716,86128706
a14cd909732c,4d9ee1f5d8fb,39,1685260934094,38701,85034394,460,1529716,86128706
a14cd909732c,4d9ee1f5d8fb,14,1685260943964,38701,116510937,460,1529716,86128706
a14cd909732c,4d9ee1f5d8fb,14,1685260978494,38701,85034394,460,1529716,86128706
a14cd909732c,4d9ee1f5d8fb,39,1685260978503,38701,85034394,460,1529716,86128706
a14cd909732c,4d9ee1f5d8fb,20,1685260990372,38701,85034394,460,1529716,86128706
a14cd909732c,4d9ee1f5d8fb,2,1685260992604,38701,85034394,460,1529716,86128706
a14cd909732c,4d9ee1f5d8fb,36,1685260992664,38701,85034394,460,1529716,86128706
a14cd909732c,4d9ee1f5d8fb,39,1685260992689,38701,85034394,460,1529716,86128706
a14cd909732c,4d9ee1f5d8fb,39,1685261019869,38701,85034394,460,1529716,86128706
a14cd909732c,4d9ee1f5d8fb,39,1685261060849,38701,85034394,460,1529716,86128706
a14cd909732c,4d9ee1f5d8fb,18,1685261231887,38701,250775385,460,1529716,86128706
a14cd909732c,4d9ee1f5d8fb,36,1685261231939,38701,250775385,460,1529716,86128706
a14cd909732c,4d9ee1f5d8fb,39,1685261232008,38701,250775385,460,1529716,86128706
a14cd909732c,4d9ee1f5d8fb,14,1685261239854,38701,85034394,460,1529716,86128706
a14cd909732c,4d9ee1f5d8fb,39,1685261248426,38701,85034394,460,1529716,86128706
a14cd909732c,4d9ee1f5d8fb,14,1685261255574,38701,250775385,460,1529716,86128706
a14cd909732c,4d9ee1f5d8fb,20,1685261265485,38701,250775385,460,1529716,86128706
a14cd909732c,4d9ee1f5d8fb,5,1685261323374,38701,85034393,460,1529716,86128706
a14cd909732c,4d9ee1f5d8fb,20,1685261323440,38701,85034393,460,1529716,86128706
a14cd909732c,4d9ee1f5d8fb,2,1685261367963,38701,85034393,460,1529716,86128706
a14cd909732c,4d9ee1f5d8fb,18,1685261367967,38701,85034393,460,1529716,86128706
a14cd909732c,4d9ee1f5d8fb,36,1685261483914,38701,85252771,460,1529716,86128706
a14cd909732c,4d9ee1f5d8fb,14,1685261484493,38701,250729818,460,1529716,86128706
a14cd909732c,4d9ee1f5d8fb,39,1685261484507,38701,250729818,460,1529716,86128706
a14cd909732c,4d9ee1f5d8fb,14,1685261489679,38701,85252771,460,1529716,86128706
a14cd909732c,4d9ee1f5d8fb,39,1685261489694,38701,85252771,460,1529716,86128706
a14cd909732c,4d9ee1f5d8fb,20,1685261499626,38701,85252771,460,1529716,86128706
a14cd909732c,4d9ee1f5d8fb,4,1685261509258,38701,85252771,460,1529716,86128706
a14cd909732c,4d9ee1f5d8fb,2,1685261509467,38701,85252771,460,1529716,86128706
a14cd909732c,4d9ee1f5d8fb,36,1685261509505,38701,85252771,460,1529716,86128706
a14cd909732c,4d9ee1f5d8fb,2,1685261628524,38701,85252771,460,1529716,86128706
a14cd909732c,4d9ee1f5d8fb,18,1685261666908,38701,85252771,460,1529716,86128706
a14cd909732c,4d9ee1f5d8fb,36,1685261666943,38701,85252771,460,1529716,86128706
a14cd909732c,4d9ee1f5d8fb,14,1685261669703,38701,250775389,460,1529716,86128706
a14cd909732c,4d9ee1f5d8fb,14,1685261671824,38701,85252771,460,1529716,86128706
a14cd909732c,4d9ee1f5d8fb,39,1685261671839,38701,85252771,460,1529716,86128706
a14cd909732c,4d9ee1f5d8fb,39,1685261674278,38701,85034393,460,1529716,86128706
a14cd909732c,4d9ee1f5d8fb,14,1685261674693,38701,250775385,460,1529716,86128706
a14cd909732c,4d9ee1f5d8fb,14,1685261677786,38701,85252640,460,1529716,86128706
a14cd909732c,4d9ee1f5d8fb,14,1685261679655,38701,161685017,460,1529716,86128706
a14cd909732c,4d9ee1f5d8fb,20,1685261689543,38701,161685017,460,1529716,86128706
a14cd909732c,4d9ee1f5d8fb,4,1685261727555,38701,116510936,460,1529716,86128706
a14cd909732c,4d9ee1f5d8fb,18,1685261730276,38701,116510936,460,1529716,86128706
a14cd909732c,4d9ee1f5d8fb,20,1685261740250,38701,116510936,460,1529716,86128706
a14cd909732c,4d9ee1f5d8fb,5,1685261806849,38845,85251869,460,1529716,86128706
a14cd909732c,4d9ee1f5d8fb,20,1685261806920,38845,85251869,460,1529716,86128706
a14cd909732c,4d9ee1f5d8fb,5,1685261847870,38701,250729818,460,1529716,86128706
a14cd909732c,4d9ee1f5d8fb,20,1685261847943,38701,250729818,460,1529716,86128706
a14cd909732c,4d9ee1f5d8fb,2,1685261929388,38701,116510936,460,1529716,86128706
a14cd909732c,4d9ee1f5d8fb,39,1685261929483,38701,116510936,460,1529716,86128706
a14cd909732c,4d9ee1f5d8fb,20,1685262016473,38701,85034393,460,1529716,86128706
a14cd909732c,4d9ee1f5d8fb,4,1685262036255,38701,85034393,460,1529716,86128706
a14cd909732c,4d9ee1f5d8fb,2,1685262036833,38701,85034393,460,1529716,86128706
a14cd909732c,4d9ee1f5d8fb,18,1685262036837,38701,85034393,460,1529716,86128706
a14cd909732c,4d9ee1f5d8fb,36,1685262036899,38701,85034393,460,1529716,86128706
a14cd909732c,4d9ee1f5d8fb,39,1685262036933,38701,85034393,460,1529716,86128706
a14cd909732c,4d9ee1f5d8fb,20,1685262046715,38701,85034393,460,1529716,86128706
a14cd909732c,4d9ee1f5d8fb,2,1685262050923,38701,85034393,460,1529716,86128706
a14cd909732c,4d9ee1f5d8fb,36,1685262050978,38701,85034393,460,1529716,86128706
a14cd909732c,4d9ee1f5d8fb,39,1685262051018,38701,85034393,460,1529716,86128706
a14cd909732c,4d9ee1f5d8fb,20,1685262069878,38701,85034393,460,1529716,86128706
a14cd909732c,4d9ee1f5d8fb,4,1685262097145,38701,85034393,460,1529716,86128706
a14cd909732c,4d9ee1f5d8fb,2,1685262097623,38701,85034393,460,1529716,86128706
a14cd909732c,4d9ee1f5d8fb,18,1685262097627,38701,85034393,460,1529716,86128706
a14cd909732c,4d9ee1f5d8fb,36,1685262097668,38701,85034393,460,1529716,86128706
a14cd909732c,4d9ee1f5d8fb,39,1685262097709,38701,85034393,460,1529716,86128706
a14cd909732c,4d9ee1f5d8fb,14,1685262098673,38701,116510937,460,1529716,86128706
a14cd909732c,4d9ee1f5d8fb,39,1685262098688,38701,116510937,460,1529716,86128706
a14cd909732c,4d9ee1f5d8fb,20,1685262108541,38701,116510937,460,1529716,86128706
a14cd909732c,4d9ee1f5d8fb,2,1685262201318,38701,251524184,460,1529716,86128706
a14cd909732c,4d9ee1f5d8fb,18,1685262201322,38701,251524184,460,1529716,86128706
a14cd909732c,4d9ee1f5d8fb,36,1685262201369,38701,251524184,460,1529716,86128706
a14cd909732c,4d9ee1f5d8fb,39,1685262201399,38701,251524184,460,1529716,86128706
a14cd909732c,4d9ee1f5d8fb,20,1685262211259,38701,251524184,460,1529716,86128706
a14cd909732c,4d9ee1f5d8fb,36,1685262266974,38701,251524184,460,1529716,86128706
a14cd909732c,4d9ee1f5d8fb,20,1685262276890,38701,251524184,460,1529716,86128706
a14cd909732c,4d9ee1f5d8fb,2,1685262566943,38701,250775385,460,1529716,86128706
a14cd909732c,4d9ee1f5d8fb,18,1685262566947,38701,250775385,460,1529716,86128706
a14cd909732c,4d9ee1f5d8fb,36,1685262566993,38701,250775385,460,1529716,86128706
a14cd909732c,4d9ee1f5d8fb,39,1685262567018,38701,250775385,460,1529716,86128706
a14cd909732c,4d9ee1f5d8fb,2,1685262601183,38701,250775385,460,1529716,86128706
a14cd909732c,4d9ee1f5d8fb,18,1685262601187,38701,250775385,460,1529716,86128706
a14cd909732c,4d9ee1f5d8fb,36,1685262601238,38701,250775385,460,1529716,86128706
a14cd909732c,4d9ee1f5d8fb,39,1685262601263,38701,250775385,460,1529716,86128706
a14cd909732c,4d9ee1f5d8fb,18,1685262903405,38701,116397146,460,1529716,86128706
a14cd909732c,4d9ee1f5d8fb,20,1685262913329,38701,116397146,460,1529716,86128706
a14cd909732c,4d9ee1f5d8fb,4,1685263068906,38701,116397146,460,1529716,86128706
a14cd909732c,4d9ee1f5d8fb,36,1685263069188,38701,116397146,460,1529716,86128706
a14cd909732c,4d9ee1f5d8fb,20,1685263079109,38701,116397146,460,1529716,86128706
a14cd909732c,4d9ee1f5d8fb,4,1685263154851,38701,116397146,460,1529716,86128706
a14cd909732c,4d9ee1f5d8fb,18,1685263155551,38701,116397146,460,1529716,86128706
a14cd909732c,4d9ee1f5d8fb,36,1685263155593,38701,116397146,460,1529716,86128706
a14cd909732c,4d9ee1f5d8fb,20,1685263167495,38701,116397146,460,1529716,86128706
a14cd909732c,4d9ee1f5d8fb,2,1685263167893,38701,116397146,460,1529716,86128706
a14cd909732c,4d9ee1f5d8fb,39,1685263167973,38701,116397146,460,1529716,86128706
a14cd909732c,4d9ee1f5d8fb,18,1685263466972,38701,85050266,460,1529716,86128706
a14cd909732c,4d9ee1f5d8fb,39,1685263467068,38701,85050266,460,1529716,86128706
a14cd909732c,4d9ee1f5d8fb,20,1685263483911,38701,85050266,460,1529716,86128706
a14cd909732c,4d9ee1f5d8fb,4,1685263539268,38701,85050266,460,1529716,86128706
a14cd909732c,4d9ee1f5d8fb,2,1685263539553,38701,85050266,460,1529716,86128706
a14cd909732c,4d9ee1f5d8fb,18,1685263539556,38701,85050266,460,1529716,86128706
a14cd909732c,4d9ee1f5d8fb,20,1685263552486,38701,85050266,460,1529716,86128706
a14cd909732c,4d9ee1f5d8fb,4,1685263561965,38701,85050266,460,1529716,86128706
a14cd909732c,4d9ee1f5d8fb,18,1685263562610,38701,85050266,460,1529716,86128706
a14cd909732c,4d9ee1f5d8fb,20,1685263572553,38701,85050266,460,1529716,86128706
a14cd909732c,4d9ee1f5d8fb,18,1685263766923,38701,85050266,460,1529716,86128706
a14cd909732c,4d9ee1f5d8fb,36,1685263766971,38701,85050266,460,1529716,86128706
a14cd909732c,4d9ee1f5d8fb,39,1685263767022,38701,85050266,460,1529716,86128706
a14cd909732c,4d9ee1f5d8fb,2,1685263907558,38701,85050266,460,1529716,86128706
a14cd909732c,4d9ee1f5d8fb,36,1685263907611,38701,85050266,460,1529716,86128706
a14cd909732c,4d9ee1f5d8fb,39,1685263907660,38701,85050266,460,1529716,86128706
a14cd909732c,4d9ee1f5d8fb,20,1685263920526,38701,85050266,460,1529716,86128706
a14cd909732c,4d9ee1f5d8fb,36,1685263988509,38701,85050266,460,1529716,86128706
a14cd909732c,4d9ee1f5d8fb,39,1685263988583,38701,85050266,460,1529716,86128706
a14cd909732c,4d9ee1f5d8fb,14,1685264001032,38701,85252126,460,1529716,86128706
a14cd909732c,4d9ee1f5d8fb,39,1685264001047,38701,85252126,460,1529716,86128706
a14cd909732c,4d9ee1f5d8fb,14,1685264002753,38701,85050269,460,1529716,86128706
a14cd909732c,4d9ee1f5d8fb,20,1685264101682,38701,85050269,460,1529716,86128706
a14cd909732c,4d9ee1f5d8fb,4,1685264111392,38701,85050269,460,1529716,86128706
a14cd909732c,4d9ee1f5d8fb,18,1685264111713,38701,85050269,460,1529716,86128706
a14cd909732c,4d9ee1f5d8fb,39,1685264111814,38701,85050269,460,1529716,86128706
a14cd909732c,4d9ee1f5d8fb,4,1685264145703,38701,85050269,460,1529716,86128706
a14cd909732c,4d9ee1f5d8fb,2,1685264146263,38701,85050269,460,1529716,86128706
a14cd909732c,4d9ee1f5d8fb,18,1685264146267,38701,85050269,460,1529716,86128706
a14cd909732c,4d9ee1f5d8fb,39,1685264146348,38701,85050269,460,1529716,86128706
a14cd909732c,4d9ee1f5d8fb,18,1685264171510,38701,85050269,460,1529716,86128706
a14cd909732c,4d9ee1f5d8fb,36,1685264171548,38701,85050269,460,1529716,86128706
a14cd909732c,4d9ee1f5d8fb,20,1685264181488,38701,85050269,460,1529716,86128706
a14cd909732c,4d9ee1f5d8fb,2,1685264240043,38701,85050269,460,1529716,86128706
a14cd909732c,4d9ee1f5d8fb,18,1685264240046,38701,85050269,460,1529716,86128706
a14cd909732c,4d9ee1f5d8fb,36,1685264240089,38701,85050269,460,1529716,86128706
a14cd909732c,4d9ee1f5d8fb,39,1685264240133,38701,85050269,460,1529716,86128706
a14cd909732c,4d9ee1f5d8fb,2,1685264250520,38701,85050269,460,1529716,86128706
a14cd909732c,4d9ee1f5d8fb,36,1685264250571,38701,85050269,460,1529716,86128706
a14cd909732c,4d9ee1f5d8fb,39,1685264250624,38701,85050269,460,1529716,86128706
a14cd909732c,4d9ee1f5d8fb,20,1685264260477,38701,85050269,460,1529716,86128706
a14cd909732c,4d9ee1f5d8fb,2,1685264269889,38701,85050269,460,1529716,86128706
a14cd909732c,4d9ee1f5d8fb,20,1685264323800,38701,85050269,460,1529716,86128706
a14cd909732c,4d9ee1f5d8fb,18,1685264351934,38701,85050269,460,1529716,86128706
a14cd909732c,4d9ee1f5d8fb,36,1685264351976,38701,85050269,460,1529716,86128706
a14cd909732c,4d9ee1f5d8fb,20,1685264361888,38701,85050269,460,1529716,86128706
a14cd909732c,4d9ee1f5d8fb,2,1685264397822,38701,85050269,460,1529716,86128706
a14cd909732c,4d9ee1f5d8fb,39,1685264397904,38701,85050269,460,1529716,86128706
a14cd909732c,4d9ee1f5d8fb,20,1685264407746,38701,85050269,460,1529716,86128706
a14cd909732c,4d9ee1f5d8fb,2,1685264509793,38701,85050269,460,1529716,86128706
a14cd909732c,4d9ee1f5d8fb,18,1685264509797,38701,85050269,460,1529716,86128706
a14cd909732c,4d9ee1f5d8fb,20,1685264519686,38701,85050269,460,1529716,86128706
a14cd909732c,4d9ee1f5d8fb,18,1685264542921,38701,85050269,460,1529716,86128706
a14cd909732c,4d9ee1f5d8fb,36,1685264542966,38701,85050269,460,1529716,86128706
a14cd909732c,4d9ee1f5d8fb,39,1685264543025,38701,85050269,460,1529716,86128706
a14cd909732c,4d9ee1f5d8fb,20,1685264552899,38701,85050269,460,1529716,86128706
a14cd909732c,4d9ee1f5d8fb,2,1685264553950,38701,85050269,460,1529716,86128706
a14cd909732c,4d9ee1f5d8fb,18,1685264553953,38701,85050269,460,1529716,86128706
a14cd909732c,4d9ee1f5d8fb,36,1685264553999,38701,85050269,460,1529716,86128706
a14cd909732c,4d9ee1f5d8fb,20,1685264569909,38701,85050269,460,1529716,86128706
a14cd909732c,4d9ee1f5d8fb,2,1685264577650,38701,85050269,460,1529716,86128706
a14cd909732c,4d9ee1f5d8fb,18,1685264577654,38701,85050269,460,1529716,86128706
a14cd909732c,4d9ee1f5d8fb,20,1685264587565,38701,85050269,460,1529716,86128706
a14cd909732c,4d9ee1f5d8fb,18,1685264590046,38701,85050269,460,1529716,86128706
a14cd909732c,4d9ee1f5d8fb,39,1685264590123,38701,85050269,460,1529716,86128706
a14cd909732c,4d9ee1f5d8fb,2,1685264628849,38701,85050269,460,1529716,86128706
a14cd909732c,4d9ee1f5d8fb,39,1685264628949,38701,85050269,460,1529716,86128706
a14cd909732c,4d9ee1f5d8fb,2,1685264652695,38701,85050269,460,1529716,86128706
a14cd909732c,4d9ee1f5d8fb,36,1685264652746,38701,85050269,460,1529716,86128706
a14cd909732c,4d9ee1f5d8fb,2,1685264666132,38701,85050269,460,1529716,86128706
a14cd909732c,4d9ee1f5d8fb,39,1685264666214,38701,85050269,460,1529716,86128706
a14cd909732c,4d9ee1f5d8fb,20,1685264679447,38701,116448987,460,1529716,86128706
a14cd909732c,4d9ee1f5d8fb,2,1685264679812,38701,116448987,460,1529716,86128706
a14cd909732c,4d9ee1f5d8fb,18,1685264679815,38701,116448987,460,1529716,86128706
a14cd909732c,4d9ee1f5d8fb,39,1685264679917,38701,116448987,460,1529716,86128706
a14cd909732c,4d9ee1f5d8fb,36,1685264709589,38701,85050266,460,1529716,86128706
a14cd909732c,4d9ee1f5d8fb,20,1685264719420,38701,85050266,460,1529716,86128706
a14cd909732c,4d9ee1f5d8fb,2,1685264721360,38701,85050266,460,1529716,86128706
a14cd909732c,4d9ee1f5d8fb,36,1685264721411,38701,85050266,460,1529716,86128706
a14cd909732c,4d9ee1f5d8fb,39,1685264721459,38701,85050266,460,1529716,86128706
a14cd909732c,4d9ee1f5d8fb,39,1685264790096,38701,85050266,460,1529716,86128706
a14cd909732c,4d9ee1f5d8fb,20,1685264799891,38701,85050266,460,1529716,86128706
a14cd909732c,4d9ee1f5d8fb,18,1685264800993,38701,85050266,460,1529716,86128706
a14cd909732c,4d9ee1f5d8fb,39,1685264801097,38701,85050266,460,1529716,86128706
a14cd909732c,4d9ee1f5d8fb,20,1685264810880,38701,85050266,460,1529716,86128706
a14cd909732c,4d9ee1f5d8fb,2,1685264830423,38701,85252126,460,1529716,86128706
a14cd909732c,4d9ee1f5d8fb,18,1685264830426,38701,85252126,460,1529716,86128706
a14cd909732c,4d9ee1f5d8fb,36,1685264830460,38701,85252126,460,1529716,86128706
a14cd909732c,4d9ee1f5d8fb,39,1685264830491,38701,85252126,460,1529716,86128706
a14cd909732c,4d9ee1f5d8fb,14,1685264832092,38701,85050269,460,1529716,86128706
a14cd909732c,4d9ee1f5d8fb,20,1685264842045,38701,85050269,460,1529716,86128706
a14cd909732c,4d9ee1f5d8fb,20,1685264878130,38701,85050269,460,1529716,86128706
a14cd909732c,4d9ee1f5d8fb,18,1685264885802,38701,85050269,460,1529716,86128706
a14cd909732c,4d9ee1f5d8fb,39,1685264885900,38701,85050269,460,1529716,86128706
a14cd909732c,4d9ee1f5d8fb,2,1685264917070,38701,85050269,460,1529716,86128706
a14cd909732c,4d9ee1f5d8fb,18,1685264917074,38701,85050269,460,1529716,86128706
a14cd909732c,4d9ee1f5d8fb,36,1685264917121,38701,85050269,460,1529716,86128706
a14cd909732c,4d9ee1f5d8fb,39,1685264917170,38701,85050269,460,1529716,86128706
a14cd909732c,4d9ee1f5d8fb,20,1685264926986,38701,85050269,460,1529716,86128706
a14cd909732c,4d9ee1f5d8fb,18,1685264966109,38701,85050269,460,1529716,86128706
a14cd909732c,4d9ee1f5d8fb,36,1685264966148,38701,85050269,460,1529716,86128706
a14cd909732c,4d9ee1f5d8fb,39,1685264966187,38701,85050269,460,1529716,86128706
a14cd909732c,4d9ee1f5d8fb,20,1685264976014,38701,85050269,460,1529716,86128706
a14cd909732c,4d9ee1f5d8fb,18,1685265034141,38701,85050269,460,1529716,86128706
a14cd909732c,4d9ee1f5d8fb,36,1685265034188,38701,85050269,460,1529716,86128706
a14cd909732c,4d9ee1f5d8fb,39,1685265034234,38701,85050269,460,1529716,86128706
a14cd909732c,4d9ee1f5d8fb,2,1685265045142,38701,85050269,460,1529716,86128706
a14cd909732c,4d9ee1f5d8fb,18,1685265045145,38701,85050269,460,1529716,86128706
a14cd909732c,4d9ee1f5d8fb,36,1685265045185,38701,85050269,460,1529716,86128706
a14cd909732c,4d9ee1f5d8fb,39,1685265045222,38701,85050269,460,1529716,86128706
a14cd909732c,4d9ee1f5d8fb,20,1685265055101,38701,85050269,460,1529716,86128706
a14cd909732c,4d9ee1f5d8fb,2,1685265127272,38701,85050269,460,1529716,86128706
a14cd909732c,4d9ee1f5d8fb,18,1685265127276,38701,85050269,460,1529716,86128706
a14cd909732c,4d9ee1f5d8fb,36,1685265127313,38701,85050269,460,1529716,86128706
a14cd909732c,4d9ee1f5d8fb,39,1685265127352,38701,85050269,460,1529716,86128706
a14cd909732c,4d9ee1f5d8fb,20,1685265154181,38701,85050269,460,1529716,86128706
a14cd909732c,4d9ee1f5d8fb,20,1685265167607,38701,85050269,460,1529716,86128706
a14cd909732c,4d9ee1f5d8fb,4,1685265215095,38701,85050269,460,1529716,86128706
a14cd909732c,4d9ee1f5d8fb,2,1685265215708,38701,85050269,460,1529716,86128706
a14cd909732c,4d9ee1f5d8fb,18,1685265215711,38701,85050269,460,1529716,86128706
a14cd909732c,4d9ee1f5d8fb,36,1685265215762,38701,85050269,460,1529716,86128706
a14cd909732c,4d9ee1f5d8fb,39,1685265215809,38701,85050269,460,1529716,86128706
a14cd909732c,4d9ee1f5d8fb,20,1685265225602,38701,85050269,460,1529716,86128706
a14cd909732c,4d9ee1f5d8fb,2,1685265233630,38701,85050269,460,1529716,86128706
a14cd909732c,4d9ee1f5d8fb,18,1685265233636,38701,85050269,460,1529716,86128706
a14cd909732c,4d9ee1f5d8fb,36,1685265233686,38701,85050269,460,1529716,86128706
a14cd909732c,4d9ee1f5d8fb,39,1685265267003,38701,85050269,460,1529716,86128706
a14cd909732c,4d9ee1f5d8fb,20,1685265276824,38701,85050269,460,1529716,86128706
a14cd909732c,4d9ee1f5d8fb,2,1685265283112,38701,85050269,460,1529716,86128706
a14cd909732c,4d9ee1f5d8fb,18,1685265283115,38701,85050269,460,1529716,86128706
a14cd909732c,4d9ee1f5d8fb,36,1685265283163,38701,85050269,460,1529716,86128706
a14cd909732c,4d9ee1f5d8fb,39,1685265283213,38701,85050269,460,1529716,86128706
a14cd909732c,4d9ee1f5d8fb,2,1685265295287,38701,85050269,460,1529716,86128706
a14cd909732c,4d9ee1f5d8fb,18,1685265295290,38701,85050269,460,1529716,86128706
a14cd909732c,4d9ee1f5d8fb,36,1685265295333,38701,85050269,460,1529716,86128706
a14cd909732c,4d9ee1f5d8fb,20,1685265355216,38701,85050269,460,1529716,86128706
a14cd909732c,4d9ee1f5d8fb,2,1685265357788,38701,85050269,460,1529716,86128706
a14cd909732c,4d9ee1f5d8fb,18,1685265357791,38701,85050269,460,1529716,86128706
a14cd909732c,4d9ee1f5d8fb,36,1685265357835,38701,85050269,460,1529716,86128706
a14cd909732c,4d9ee1f5d8fb,39,1685265357890,38701,85050269,460,1529716,86128706
a14cd909732c,4d9ee1f5d8fb,4,1685265399182,38701,85050269,460,1529716,86128706
a14cd909732c,4d9ee1f5d8fb,2,1685265399382,38701,85050269,460,1529716,86128706
a14cd909732c,4d9ee1f5d8fb,18,1685265399385,38701,85050269,460,1529716,86128706
a14cd909732c,4d9ee1f5d8fb,36,1685265399433,38701,85050269,460,1529716,86128706
a14cd909732c,4d9ee1f5d8fb,39,1685265399478,38701,85050269,460,1529716,86128706
a14cd909732c,4d9ee1f5d8fb,20,1685265409360,38701,85050269,460,1529716,86128706
a14cd909732c,4d9ee1f5d8fb,2,1685265503453,38701,250610777,460,1529716,86128706
a14cd909732c,4d9ee1f5d8fb,2,1685265529842,38701,250610777,460,1529716,86128706
a14cd909732c,4d9ee1f5d8fb,39,1685265529912,38701,250610777,460,1529716,86128706
a14cd909732c,4d9ee1f5d8fb,20,1685265672749,38701,250610777,460,1529716,86128706
a14cd909732c,4d9ee1f5d8fb,4,1685265673962,38701,250610777,460,1529716,86128706
a14cd909732c,4d9ee1f5d8fb,18,1685265674594,38701,250610777,460,1529716,86128706
a14cd909732c,4d9ee1f5d8fb,36,1685265674637,38701,250610777,460,1529716,86128706
a14cd909732c,4d9ee1f5d8fb,39,1685265674662,38701,250610777,460,1529716,86128706
a14cd909732c,4d9ee1f5d8fb,2,1685265709791,38701,250610777,460,1529716,86128706
a14cd909732c,4d9ee1f5d8fb,18,1685265709795,38701,250610777,460,1529716,86128706
a14cd909732c,4d9ee1f5d8fb,4,1685265739389,38701,250610777,460,1529716,86128706
a14cd909732c,4d9ee1f5d8fb,2,1685265739861,38701,250610777,460,1529716,86128706
a14cd909732c,4d9ee1f5d8fb,20,1685265753811,38701,250610777,460,1529716,86128706
a14cd909732c,4d9ee1f5d8fb,4,1685265753925,38701,250610777,460,1529716,86128706
a14cd909732c,4d9ee1f5d8fb,18,1685265754595,38701,250610777,460,1529716,86128706
a14cd909732c,4d9ee1f5d8fb,36,1685265754638,38701,250610777,460,1529716,86128706
a14cd909732c,4d9ee1f5d8fb,20,1685265764547,38701,250610777,460,1529716,86128706
a14cd909732c,4d9ee1f5d8fb,4,1685265877883,38701,250610777,460,1529716,86128706
a14cd909732c,4d9ee1f5d8fb,2,1685265878101,38701,250610777,460,1529716,86128706
a14cd909732c,4d9ee1f5d8fb,18,1685265878104,38701,250610777,460,1529716,86128706
a14cd909732c,4d9ee1f5d8fb,36,1685265878147,38701,250610777,460,1529716,86128706
a14cd909732c,4d9ee1f5d8fb,39,1685265878173,38701,250610777,460,1529716,86128706
a14cd909732c,4d9ee1f5d8fb,4,1685265927773,38701,250610777,460,1529716,86128706
a14cd909732c,4d9ee1f5d8fb,18,1685265928025,38701,250610777,460,1529716,86128706
a14cd909732c,4d9ee1f5d8fb,4,1685266069429,38701,250610777,460,1529716,86128706
a14cd909732c,4d9ee1f5d8fb,2,1685266070101,38701,250610777,460,1529716,86128706
a14cd909732c,4d9ee1f5d8fb,18,1685266070105,38701,250610777,460,1529716,86128706
a14cd909732c,4d9ee1f5d8fb,39,1685266070177,38701,250610777,460,1529716,86128706
a14cd909732c,4d9ee1f5d8fb,20,1685266080059,38701,250610777,460,1529716,86128706
a14cd909732c,4d9ee1f5d8fb,4,1685266325479,38701,250610777,460,1529716,86128706
a14cd909732c,4d9ee1f5d8fb,2,1685266326101,38701,250610777,460,1529716,86128706
a14cd909732c,4d9ee1f5d8fb,18,1685266326105,38701,250610777,460,1529716,86128706
a14cd909732c,4d9ee1f5d8fb,36,1685266326147,38701,250610777,460,1529716,86128706
a14cd909732c,4d9ee1f5d8fb,39,1685266326172,38701,250610777,460,1529716,86128706
a14cd909732c,4d9ee1f5d8fb,20,1685266356069,38701,250610777,460,1529716,86128706
a14cd909732c,4d9ee1f5d8fb,39,1685266363937,38701,250610777,460,1529716,86128706
a14cd909732c,4d9ee1f5d8fb,2,1685266402261,38701,250610777,460,1529716,86128706
a14cd909732c,4d9ee1f5d8fb,18,1685266402264,38701,250610777,460,1529716,86128706
a14cd909732c,4d9ee1f5d8fb,39,1685266402337,38701,250610777,460,1529716,86128706
a14cd909732c,4d9ee1f5d8fb,20,1685266412191,38701,250610777,460,1529716,86128706
a14cd909732c,4d9ee1f5d8fb,4,1685266438792,38701,250610777,460,1529716,86128706
a14cd909732c,4d9ee1f5d8fb,2,1685266439381,38701,250610777,460,1529716,86128706
a14cd909732c,4d9ee1f5d8fb,36,1685266439427,38701,250610777,460,1529716,86128706
a14cd909732c,4d9ee1f5d8fb,20,1685266449318,38701,250610777,460,1529716,86128706
a14cd909732c,4d9ee1f5d8fb,18,1685267510745,38701,250610777,460,1529716,86128706
a14cd909732c,4d9ee1f5d8fb,36,1685267510782,38701,250610777,460,1529716,86128706
a14cd909732c,4d9ee1f5d8fb,20,1685267520699,38701,250610777,460,1529716,86128706
a14cd909732c,4d9ee1f5d8fb,18,1685267629226,38701,250610777,460,1529716,86128706
a14cd909732c,4d9ee1f5d8fb,36,1685267629262,38701,250610777,460,1529716,86128706
a14cd909732c,4d9ee1f5d8fb,39,1685267629294,38701,250610777,460,1529716,86128706
a14cd909732c,4d9ee1f5d8fb,20,1685267639171,38701,250610777,460,1529716,86128706
a14cd909732c,4d9ee1f5d8fb,18,1685268265945,38701,250610777,460,1529716,86128706
a14cd909732c,4d9ee1f5d8fb,4,1685268831856,38701,250610777,460,1529716,86128706
a14cd909732c,4d9ee1f5d8fb,18,1685268832346,38701,250610777,460,1529716,86128706
a14cd909732c,4d9ee1f5d8fb,39,1685268832413,38701,250610777,460,1529716,86128706
a14cd909732c,4d9ee1f5d8fb,20,1685268842272,38701,250610777,460,1529716,86128706
a14cd909732c,4d9ee1f5d8fb,4,1685269069679,38701,250610777,460,1529716,86128706
a14cd909732c,4d9ee1f5d8fb,2,1685269070421,38701,250610777,460,1529716,86128706
a14cd909732c,4d9ee1f5d8fb,39,1685269070491,38701,250610777,460,1529716,86128706
a14cd909732c,4d9ee1f5d8fb,20,1685269080395,38701,250610777,460,1529716,86128706
a14cd909732c,4d9ee1f5d8fb,5,1685269236181,38701,250610777,460,1529716,86128706
a14cd909732c,4d9ee1f5d8fb,20,1685269236204,38701,250610777,460,1529716,86128706
a14cd909732c,4d9ee1f5d8fb,2,1685270130901,38701,250610777,460,1529716,86128706
a14cd909732c,4d9ee1f5d8fb,39,1685270130976,38701,250610777,460,1529716,86128706
a14cd909732c,4d9ee1f5d8fb,34,1685270131114,38701,250610777,460,1529716,86128706
a14cd909732c,4d9ee1f5d8fb,21,1685270191943,38701,250610777,460,1529716,86128706
a14cd909732c,4d9ee1f5d8fb,11,1685270191943,38701,250610777,460,1529716,86128706
a14cd909732c,4d9ee1f5d8fb,34,1685270201038,38701,250610777,460,1529716,86128706
a14cd909732c,4d9ee1f5d8fb,13,1685270201038,38701,250610777,460,1529716,86128706
a14cd909732c,4d9ee1f5d8fb,11,1685270215073,38701,250610777,460,1529716,86128706
a14cd909732c,4d9ee1f5d8fb,21,1685270215073,38701,250610777,460,1529716,86128706
a14cd909732c,4d9ee1f5d8fb,34,1685270223931,38701,250610777,460,1529716,86128706
a14cd909732c,4d9ee1f5d8fb,21,1685270234276,38701,250610777,460,1529716,86128706
a14cd909732c,4d9ee1f5d8fb,11,1685270234276,38701,250610777,460,1529716,86128706
a14cd909732c,4d9ee1f5d8fb,11,1685270249607,38701,250610777,460,1529716,86128706
a14cd909732c,4d9ee1f5d8fb,2,1685270477781,38701,250610777,460,1529716,86128706
a14cd909732c,4d9ee1f5d8fb,18,1685270477784,38701,250610777,460,1529716,86128706
a14cd909732c,4d9ee1f5d8fb,2,1685270630111,38701,250610777,460,1529716,86128706
a14cd909732c,4d9ee1f5d8fb,2,1685271298261,38701,250610777,460,1529716,86128706
a14cd909732c,4d9ee1f5d8fb,36,1685271298301,38701,250610777,460,1529716,86128706
a14cd909732c,4d9ee1f5d8fb,20,1685271308179,38701,250610777,460,1529716,86128706
a14cd909732c,4d9ee1f5d8fb,4,1685272070206,38701,250610777,460,1529716,86128706
a14cd909732c,4d9ee1f5d8fb,18,1685272071384,38701,250610777,460,1529716,86128706
a14cd909732c,4d9ee1f5d8fb,36,1685272071426,38701,250610777,460,1529716,86128706
a14cd909732c,4d9ee1f5d8fb,39,1685272071451,38701,250610777,460,1529716,86128706
a14cd909732c,4d9ee1f5d8fb,20,1685272081305,38701,250610777,460,1529716,86128706
a14cd909732c,4d9ee1f5d8fb,2,1685273512660,38701,250610777,460,1529716,86128706
a14cd909732c,4d9ee1f5d8fb,36,1685273512706,38701,250610777,460,1529716,86128706
a14cd909732c,4d9ee1f5d8fb,39,1685273512736,38701,250610777,460,1529716,86128706
a14cd909732c,4d9ee1f5d8fb,2,1685273630430,38701,250610777,460,1529716,86128706
a14cd909732c,4d9ee1f5d8fb,39,1685273630500,38701,250610777,460,1529716,86128706
a14cd909732c,4d9ee1f5d8fb,2,1685274330579,38701,250610777,460,1529716,86128706
a14cd909732c,4d9ee1f5d8fb,18,1685274330584,38701,250610777,460,1529716,86128706
a14cd909732c,4d9ee1f5d8fb,39,1685274330654,38701,250610777,460,1529716,86128706
a14cd909732c,4d9ee1f5d8fb,20,1685274340494,38701,250610777,460,1529716,86128706
a14cd909732c,4d9ee1f5d8fb,2,1685275071689,38701,85252126,460,1529716,86128706
a14cd909732c,4d9ee1f5d8fb,18,1685275071691,38701,85252126,460,1529716,86128706
a14cd909732c,4d9ee1f5d8fb,39,1685275071746,38701,85252126,460,1529716,86128706
a14cd909732c,4d9ee1f5d8fb,39,1685275073409,38701,85050269,460,1529716,86128706
a14cd909732c,4d9ee1f5d8fb,4,1685276511609,38701,85050266,460,1529716,86128706
a14cd909732c,4d9ee1f5d8fb,2,1685276513006,38701,85050266,460,1529716,86128706
a14cd909732c,4d9ee1f5d8fb,18,1685276513009,38701,85050266,460,1529716,86128706
a14cd909732c,4d9ee1f5d8fb,36,1685276513062,38701,85050266,460,1529716,86128706
a14cd909732c,4d9ee1f5d8fb,39,1685276513109,38701,85050266,460,1529716,86128706
a14cd909732c,4d9ee1f5d8fb,20,1685276522878,38701,85050266,460,1529716,86128706
a14cd909732c,4d9ee1f5d8fb,2,1685276630758,38701,85050269,460,1529716,86128706
a14cd909732c,4d9ee1f5d8fb,18,1685276630761,38701,85050269,460,1529716,86128706
a14cd909732c,4d9ee1f5d8fb,39,1685276630873,38701,85050269,460,1529716,86128706
a14cd909732c,4d9ee1f5d8fb,20,1685276640721,38701,85050269,460,1529716,86128706
a14cd909732c,4d9ee1f5d8fb,2,1685277362899,38701,85050266,460,1529716,86128706
a14cd909732c,4d9ee1f5d8fb,18,1685277362904,38701,85050266,460,1529716,86128706
a14cd909732c,4d9ee1f5d8fb,39,1685277362989,38701,85050266,460,1529716,86128706
a14cd909732c,4d9ee1f5d8fb,20,1685277372874,38701,85050266,460,1529716,86128706
a14cd909732c,4d9ee1f5d8fb,4,1685278071256,38701,85050266,460,1529716,86128706
a14cd909732c,4d9ee1f5d8fb,2,1685278072029,38701,85050266,460,1529716,86128706
a14cd909732c,4d9ee1f5d8fb,18,1685278072032,38701,85050266,460,1529716,86128706
a14cd909732c,4d9ee1f5d8fb,36,1685278072075,38701,85050266,460,1529716,86128706
a14cd909732c,4d9ee1f5d8fb,20,1685278081928,38701,85050266,460,1529716,86128706
a14cd909732c,4d9ee1f5d8fb,4,1685279512413,38701,85050266,460,1529716,86128706
a14cd909732c,4d9ee1f5d8fb,2,1685279513308,38701,85050266,460,1529716,86128706
a14cd909732c,4d9ee1f5d8fb,18,1685279513311,38701,85050266,460,1529716,86128706
a14cd909732c,4d9ee1f5d8fb,36,1685279513365,38701,85050266,460,1529716,86128706
a14cd909732c,4d9ee1f5d8fb,39,1685279513404,38701,85050266,460,1529716,86128706
a14cd909732c,4d9ee1f5d8fb,20,1685279523262,38701,85050266,460,1529716,86128706
a14cd909732c,4d9ee1f5d8fb,2,1685279631760,38701,85050266,460,1529716,86128706
a14cd909732c,4d9ee1f5d8fb,2,1685280314580,38701,85252126,460,1529716,86128706
a14cd909732c,4d9ee1f5d8fb,36,1685280314617,38701,85252126,460,1529716,86128706
a14cd909732c,4d9ee1f5d8fb,39,1685280314639,38701,85252126,460,1529716,86128706
a14cd909732c,4d9ee1f5d8fb,20,1685280324559,38701,85252126,460,1529716,86128706
a14cd909732c,4d9ee1f5d8fb,2,1685280395219,38701,85252126,460,1529716,86128706
a14cd909732c,4d9ee1f5d8fb,18,1685280395221,38701,85252126,460,1529716,86128706
a14cd909732c,4d9ee1f5d8fb,36,1685280395250,38701,85252126,460,1529716,86128706
a14cd909732c,4d9ee1f5d8fb,39,1685280395279,38701,85252126,460,1529716,86128706
a14cd909732c,4d9ee1f5d8fb,14,1685280396898,38701,85050266,460,1529716,86128706
a14cd909732c,4d9ee1f5d8fb,39,1685280396912,38701,85050266,460,1529716,86128706
a14cd909732c,4d9ee1f5d8fb,20,1685280406814,38701,85050266,460,1529716,86128706
a14cd909732c,4d9ee1f5d8fb,4,1685281072054,38701,85252126,460,1529716,86128706
a14cd909732c,4d9ee1f5d8fb,2,1685281072338,38701,85252126,460,1529716,86128706
a14cd909732c,4d9ee1f5d8fb,18,1685281072341,38701,85252126,460,1529716,86128706
a14cd909732c,4d9ee1f5d8fb,36,1685281072376,38701,85252126,460,1529716,86128706
a14cd909732c,4d9ee1f5d8fb,39,1685281072397,38701,85252126,460,1529716,86128706
a14cd909732c,4d9ee1f5d8fb,20,1685281091546,38701,85050269,460,1529716,86128706
a14cd909732c,4d9ee1f5d8fb,18,1685281903360,38701,161677849,460,1529716,86128706
a14cd909732c,4d9ee1f5d8fb,7,1685281903447,38701,161677849,460,1529716,86128706
a14cd909732c,4d9ee1f5d8fb,41,1685281903560,38701,161677849,460,1529716,86128706
a14cd909732c,4d9ee1f5d8fb,34,1685281903560,38701,161677849,460,1529716,86128706
a14cd909732c,4d9ee1f5d8fb,14,1685281935147,38701,85050266,460,1529716,86128706
a14cd909732c,4d9ee1f5d8fb,39,1685281935160,38701,85050266,460,1529716,86128706
a14cd909732c,4d9ee1f5d8fb,5,1685281981907,38701,85050266,460,1529716,86128706
a14cd909732c,4d9ee1f5d8fb,20,1685282036084,38701,85050266,460,1529716,86128706
a14cd909732c,4d9ee1f5d8fb,2,1685282040677,38701,85050266,460,1529716,86128706
a14cd909732c,4d9ee1f5d8fb,18,1685282040680,38701,85050266,460,1529716,86128706
a14cd909732c,4d9ee1f5d8fb,36,1685282040718,38701,85050266,460,1529716,86128706
a14cd909732c,4d9ee1f5d8fb,39,1685282040763,38701,85050266,460,1529716,86128706
a14cd909732c,4d9ee1f5d8fb,20,1685282324560,38701,85050266,460,1529716,86128706
a14cd909732c,4d9ee1f5d8fb,4,1685282327374,38701,85050266,460,1529716,86128706
a14cd909732c,4d9ee1f5d8fb,2,1685282328022,38701,85050266,460,1529716,86128706
a14cd909732c,4d9ee1f5d8fb,18,1685282328025,38701,85050266,460,1529716,86128706
a14cd909732c,4d9ee1f5d8fb,36,1685282328063,38701,85050266,460,1529716,86128706
a14cd909732c,4d9ee1f5d8fb,39,1685282328108,38701,85050266,460,1529716,86128706
a14cd909732c,4d9ee1f5d8fb,4,1685282369514,38701,85050266,460,1529716,86128706
a14cd909732c,4d9ee1f5d8fb,2,1685282369622,38701,85050266,460,1529716,86128706
a14cd909732c,4d9ee1f5d8fb,39,1685282369712,38701,85050266,460,1529716,86128706
a14cd909732c,4d9ee1f5d8fb,20,1685282379521,38701,85050266,460,1529716,86128706
a14cd909732c,4d9ee1f5d8fb,4,1685282404475,38701,85050266,460,1529716,86128706
a14cd909732c,4d9ee1f5d8fb,2,1685282404827,38701,85050266,460,1529716,86128706
a14cd909732c,4d9ee1f5d8fb,18,1685282404830,38701,85050266,460,1529716,86128706
a14cd909732c,4d9ee1f5d8fb,36,1685282404873,38701,85050266,460,1529716,86128706
a14cd909732c,4d9ee1f5d8fb,39,1685282404917,38701,85050266,460,1529716,86128706
a14cd909732c,4d9ee1f5d8fb,20,1685282414735,38701,85050266,460,1529716,86128706
a14cd909732c,4d9ee1f5d8fb,4,1685282419003,38701,85050266,460,1529716,86128706
a14cd909732c,4d9ee1f5d8fb,2,1685282419537,38701,85050266,460,1529716,86128706
a14cd909732c,4d9ee1f5d8fb,18,1685282419540,38701,85050266,460,1529716,86128706
a14cd909732c,4d9ee1f5d8fb,36,1685282419579,38701,85050266,460,1529716,86128706
a14cd909732c,4d9ee1f5d8fb,20,1685282450426,38701,85050266,460,1529716,86128706
a14cd909732c,4d9ee1f5d8fb,4,1685282459673,38701,85050266,460,1529716,86128706
a14cd909732c,4d9ee1f5d8fb,2,1685282459872,38701,85050266,460,1529716,86128706
a14cd909732c,4d9ee1f5d8fb,18,1685282459876,38701,85050266,460,1529716,86128706
a14cd909732c,4d9ee1f5d8fb,36,1685282459924,38701,85050266,460,1529716,86128706
a14cd909732c,4d9ee1f5d8fb,39,1685282459967,38701,85050266,460,1529716,86128706
a14cd909732c,4d9ee1f5d8fb,20,1685282469802,38701,85050266,460,1529716,86128706
a14cd909732c,4d9ee1f5d8fb,4,1685282499100,38701,85050266,460,1529716,86128706
a14cd909732c,4d9ee1f5d8fb,2,1685282499537,38701,85050266,460,1529716,86128706
a14cd909732c,4d9ee1f5d8fb,18,1685282499540,38701,85050266,460,1529716,86128706
a14cd909732c,4d9ee1f5d8fb,36,1685282499585,38701,85050266,460,1529716,86128706
a14cd909732c,4d9ee1f5d8fb,39,1685282499623,38701,85050266,460,1529716,86128706
a14cd909732c,4d9ee1f5d8fb,20,1685282509483,38701,85050266,460,1529716,86128706
a14cd909732c,4d9ee1f5d8fb,4,1685282512663,38701,85050266,460,1529716,86128706
a14cd909732c,4d9ee1f5d8fb,2,1685282512978,38701,85050266,460,1529716,86128706
a14cd909732c,4d9ee1f5d8fb,18,1685282512980,38701,85050266,460,1529716,86128706
a14cd909732c,4d9ee1f5d8fb,36,1685282513024,38701,85050266,460,1529716,86128706
a14cd909732c,4d9ee1f5d8fb,39,1685282513067,38701,85050266,460,1529716,86128706
a14cd909732c,4d9ee1f5d8fb,20,1685282522932,38701,85050266,460,1529716,86128706
a14cd909732c,4d9ee1f5d8fb,4,1685282576921,38701,85050266,460,1529716,86128706
a14cd909732c,4d9ee1f5d8fb,2,1685282577622,38701,85050266,460,1529716,86128706
a14cd909732c,4d9ee1f5d8fb,18,1685282577626,38701,85050266,460,1529716,86128706
a14cd909732c,4d9ee1f5d8fb,36,1685282577664,38701,85050266,460,1529716,86128706
a14cd909732c,4d9ee1f5d8fb,39,1685282577703,38701,85050266,460,1529716,86128706
a14cd909732c,4d9ee1f5d8fb,20,1685282587598,38701,85050266,460,1529716,86128706
a14cd909732c,4d9ee1f5d8fb,2,1685282632667,38701,85050266,460,1529716,86128706
a14cd909732c,4d9ee1f5d8fb,18,1685282632671,38701,85050266,460,1529716,86128706
a14cd909732c,4d9ee1f5d8fb,36,1685282632714,38701,85050266,460,1529716,86128706
a14cd909732c,4d9ee1f5d8fb,39,1685282632752,38701,85050266,460,1529716,86128706
a14cd909732c,4d9ee1f5d8fb,20,1685282642545,38701,85050266,460,1529716,86128706
a14cd909732c,4d9ee1f5d8fb,4,1685282699802,38701,85050266,460,1529716,86128706
a14cd909732c,4d9ee1f5d8fb,2,1685282700507,38701,85050266,460,1529716,86128706
a14cd909732c,4d9ee1f5d8fb,18,1685282700510,38701,85050266,460,1529716,86128706
a14cd909732c,4d9ee1f5d8fb,36,1685282700555,38701,85050266,460,1529716,86128706
a14cd909732c,4d9ee1f5d8fb,39,1685282700594,38701,85050266,460,1529716,86128706
a14cd909732c,4d9ee1f5d8fb,20,1685282710437,38701,85050266,460,1529716,86128706
a14cd909732c,4d9ee1f5d8fb,4,1685282822683,38701,85050266,460,1529716,86128706
a14cd909732c,4d9ee1f5d8fb,2,1685282823377,38701,85050266,460,1529716,86128706
a14cd909732c,4d9ee1f5d8fb,18,1685282823381,38701,85050266,460,1529716,86128706
a14cd909732c,4d9ee1f5d8fb,36,1685282823423,38701,85050266,460,1529716,86128706
a14cd909732c,4d9ee1f5d8fb,39,1685282823463,38701,85050266,460,1529716,86128706
a14cd909732c,4d9ee1f5d8fb,20,1685282833346,38701,85050266,460,1529716,86128706
a14cd909732c,4d9ee1f5d8fb,4,1685282851484,38701,85050266,460,1529716,86128706
a14cd909732c,4d9ee1f5d8fb,2,1685282852177,38701,85050266,460,1529716,86128706
a14cd909732c,4d9ee1f5d8fb,18,1685282852179,38701,85050266,460,1529716,86128706
a14cd909732c,4d9ee1f5d8fb,36,1685282852218,38701,85050266,460,1529716,86128706
a14cd909732c,4d9ee1f5d8fb,39,1685282852258,38701,85050266,460,1529716,86128706
a14cd909732c,4d9ee1f5d8fb,20,1685282862115,38701,85050266,460,1529716,86128706
a14cd909732c,4d9ee1f5d8fb,4,1685282945552,38701,85050266,460,1529716,86128706
a14cd909732c,4d9ee1f5d8fb,2,1685282946265,38701,85050266,460,1529716,86128706
a14cd909732c,4d9ee1f5d8fb,18,1685282946268,38701,85050266,460,1529716,86128706
a14cd909732c,4d9ee1f5d8fb,39,1685282946365,38701,85050266,460,1529716,86128706
a14cd909732c,4d9ee1f5d8fb,20,1685282956200,38701,85050266,460,1529716,86128706
a14cd909732c,4d9ee1f5d8fb,4,1685282990303,38701,85050266,460,1529716,86128706
a14cd909732c,4d9ee1f5d8fb,2,1685282990427,38701,85050266,460,1529716,86128706
a14cd909732c,4d9ee1f5d8fb,18,1685282990430,38701,85050266,460,1529716,86128706
a14cd909732c,4d9ee1f5d8fb,36,1685282990473,38701,85050266,460,1529716,86128706
a14cd909732c,4d9ee1f5d8fb,2,1685283427537,38701,85050266,460,1529716,86128706
a14cd909732c,4d9ee1f5d8fb,36,1685283427586,38701,85050266,460,1529716,86128706
a14cd909732c,4d9ee1f5d8fb,39,1685283427630,38701,85050266,460,1529716,86128706
a14cd909732c,4d9ee1f5d8fb,20,1685283437423,38701,85050266,460,1529716,86128706
a14cd909732c,4d9ee1f5d8fb,4,1685284073134,38701,85050266,460,1529716,86128706
a14cd909732c,4d9ee1f5d8fb,2,1685284073298,38701,85050266,460,1529716,86128706
a14cd909732c,4d9ee1f5d8fb,18,1685284073302,38701,85050266,460,1529716,86128706
a14cd909732c,4d9ee1f5d8fb,36,1685284073343,38701,85050266,460,1529716,86128706
a14cd909732c,4d9ee1f5d8fb,39,1685284073390,38701,85050266,460,1529716,86128706
a14cd909732c,4d9ee1f5d8fb,20,1685284083273,38701,85050266,460,1529716,86128706
a14cd909732c,4d9ee1f5d8fb,4,1685285513739,38701,85050266,460,1529716,86128706
a14cd909732c,4d9ee1f5d8fb,2,1685285513967,38701,85050266,460,1529716,86128706
a14cd909732c,4d9ee1f5d8fb,18,1685285513971,38701,85050266,460,1529716,86128706
a14cd909732c,4d9ee1f5d8fb,39,1685285514067,38701,85050266,460,1529716,86128706
a14cd909732c,4d9ee1f5d8fb,20,1685285523833,38701,85050266,460,1529716,86128706
a14cd909732c,4d9ee1f5d8fb,2,1685285633002,38701,161677849,460,1529716,86128706
a14cd909732c,4d9ee1f5d8fb,18,1685285633005,38701,161677849,460,1529716,86128706
a14cd909732c,4d9ee1f5d8fb,36,1685285633048,38701,161677849,460,1529716,86128706
a14cd909732c,4d9ee1f5d8fb,39,1685285633080,38701,161677849,460,1529716,86128706
a14cd909732c,4d9ee1f5d8fb,20,1685285642921,38701,161677849,460,1529716,86128706
a14cd909732c,4d9ee1f5d8fb,5,1685285732837,38701,161677849,460,1529716,86128706
a14cd909732c,4d9ee1f5d8fb,2,1685286459872,38701,161677849,460,1529716,86128706
a14cd909732c,4d9ee1f5d8fb,18,1685286459876,38701,161677849,460,1529716,86128706
a14cd909732c,4d9ee1f5d8fb,36,1685286459923,38701,161677849,460,1529716,86128706
a14cd909732c,4d9ee1f5d8fb,39,1685286459947,38701,161677849,460,1529716,86128706
a14cd909732c,4d9ee1f5d8fb,14,1685286466422,38701,161678364,460,1529716,86128706
a14cd909732c,4d9ee1f5d8fb,39,1685286466434,38701,161678364,460,1529716,86128706
a14cd909732c,4d9ee1f5d8fb,14,1685286466817,38701,161677849,460,1529716,86128706
a14cd909732c,4d9ee1f5d8fb,39,1685286466830,38701,161677849,460,1529716,86128706
a14cd909732c,4d9ee1f5d8fb,20,1685286476710,38701,161677849,460,1529716,86128706
a14cd909732c,4d9ee1f5d8fb,4,1685287073385,38701,161677849,460,1529716,86128706
a14cd909732c,4d9ee1f5d8fb,2,1685287074277,38701,161677849,460,1529716,86128706
a14cd909732c,4d9ee1f5d8fb,18,1685287074281,38701,161677849,460,1529716,86128706
a14cd909732c,4d9ee1f5d8fb,36,1685287074328,38701,161677849,460,1529716,86128706
a14cd909732c,4d9ee1f5d8fb,39,1685287074353,38701,161677849,460,1529716,86128706
a14cd909732c,4d9ee1f5d8fb,14,1685287084072,38701,161678364,460,1529716,86128706
a14cd909732c,4d9ee1f5d8fb,39,1685287084091,38701,161678364,460,1529716,86128706
a14cd909732c,4d9ee1f5d8fb,14,1685287084587,38701,161677849,460,1529716,86128706
a14cd909732c,4d9ee1f5d8fb,39,1685287084597,38701,161677849,460,1529716,86128706
a14cd909732c,4d9ee1f5d8fb,14,1685287085432,38701,161678364,460,1529716,86128706
a14cd909732c,4d9ee1f5d8fb,39,1685287085449,38701,161678364,460,1529716,86128706
a14cd909732c,4d9ee1f5d8fb,14,1685287085827,38701,161677849,460,1529716,86128706
a14cd909732c,4d9ee1f5d8fb,39,1685287085839,38701,161677849,460,1529716,86128706
a14cd909732c,4d9ee1f5d8fb,20,1685287095744,38701,161677849,460,1529716,86128706
a14cd909732c,4d9ee1f5d8fb,4,1685288514539,38701,161677849,460,1529716,86128706
a14cd909732c,4d9ee1f5d8fb,2,1685288515552,38701,161677849,460,1529716,86128706
a14cd909732c,4d9ee1f5d8fb,18,1685288515556,38701,161677849,460,1529716,86128706
a14cd909732c,4d9ee1f5d8fb,39,1685288515623,38701,161677849,460,1529716,86128706
a14cd909732c,4d9ee1f5d8fb,20,1685288525496,38701,161677849,460,1529716,86128706
a14cd909732c,4d9ee1f5d8fb,2,1685288634292,38701,161677849,460,1529716,86128706
a14cd909732c,4d9ee1f5d8fb,18,1685288634294,38701,161677849,460,1529716,86128706
a14cd909732c,4d9ee1f5d8fb,36,1685288634338,38701,161677849,460,1529716,86128706
a14cd909732c,4d9ee1f5d8fb,39,1685288634367,38701,161677849,460,1529716,86128706
a14cd909732c,4d9ee1f5d8fb,20,1685288644178,38701,161677849,460,1529716,86128706
a14cd909732c,4d9ee1f5d8fb,2,1685289492212,38701,161677849,460,1529716,86128706
a14cd909732c,4d9ee1f5d8fb,18,1685289492214,38701,161677849,460,1529716,86128706
a14cd909732c,4d9ee1f5d8fb,36,1685289492253,38701,161677849,460,1529716,86128706
a14cd909732c,4d9ee1f5d8fb,39,1685289492278,38701,161677849,460,1529716,86128706
a14cd909732c,4d9ee1f5d8fb,20,1685289502085,38701,161677849,460,1529716,86128706
