a7bf5d4c85dc,7d586d4247e0,2,1685205094449,38713,162352153,460,1589713,86232006
a7bf5d4c85dc,7d586d4247e0,20,1685205120314,38713,162352153,460,1589713,86232006
a7bf5d4c85dc,7d586d4247e0,2,1685205317799,38713,162352153,460,1589713,86232006
a7bf5d4c85dc,7d586d4247e0,2,1685208095405,38713,162352153,460,1589713,86232006
a7bf5d4c85dc,7d586d4247e0,20,1685208122306,38713,162352153,460,1589713,86232006
a7bf5d4c85dc,7d586d4247e0,2,1685208350775,38713,162352153,460,1589713,86232006
a7bf5d4c85dc,7d586d4247e0,2,1685208364097,38713,162352153,460,1589713,86232006
a7bf5d4c85dc,7d586d4247e0,20,1685208364987,38713,162352153,460,1589713,86232006
a7bf5d4c85dc,7d586d4247e0,20,1685208378310,38713,162352153,460,1589713,86232006
a7bf5d4c85dc,7d586d4247e0,2,1685209864349,38713,162352153,460,1589713,86232006
a7bf5d4c85dc,7d586d4247e0,20,1685209876985,38713,162352153,460,1589713,86232006
a7bf5d4c85dc,7d586d4247e0,2,1685209877670,38713,162352153,460,1589713,86232006
a7bf5d4c85dc,7d586d4247e0,20,1685209890306,38713,162352153,460,1589713,86232006
a7bf5d4c85dc,7d586d4247e0,2,1685211096369,38713,162352153,460,1589713,86232006
a7bf5d4c85dc,7d586d4247e0,20,1685211108988,38713,162352153,460,1589713,86232006
a7bf5d4c85dc,7d586d4247e0,20,1685211122308,38713,162352153,460,1589713,86232006
a7bf5d4c85dc,7d586d4247e0,4,1685211317331,38713,162352153,460,1589713,86232006
a7bf5d4c85dc,7d586d4247e0,2,1685211317789,38713,162352153,460,1589713,86232006
a7bf5d4c85dc,7d586d4247e0,4,1685211330651,38713,162352153,460,1589713,86232006
a7bf5d4c85dc,7d586d4247e0,20,1685211332985,38713,162352153,460,1589713,86232006
a7bf5d4c85dc,7d586d4247e0,20,1685211346305,38713,162352153,460,1589713,86232006
a7bf5d4c85dc,7d586d4247e0,2,1685211383724,38713,162352153,460,1589713,86232006
a7bf5d4c85dc,7d586d4247e0,20,1685211396984,38713,162352153,460,1589713,86232006
a7bf5d4c85dc,7d586d4247e0,2,1685211397043,38713,162352153,460,1589713,86232006
a7bf5d4c85dc,7d586d4247e0,20,1685211410303,38713,162352153,460,1589713,86232006
a7bf5d4c85dc,7d586d4247e0,7,1685213516519,38713,162352153,460,1589713,86232006
a7bf5d4c85dc,7d586d4247e0,41,1685213516649,38713,162352153,460,1589713,86232006
a7bf5d4c85dc,7d586d4247e0,6,1685213526919,38713,162352153,460,1589713,86232006
a7bf5d4c85dc,7d586d4247e0,7,1685213529838,38713,162352153,460,1589713,86232006
a7bf5d4c85dc,7d586d4247e0,41,1685213529969,38713,162352153,460,1589713,86232006
a7bf5d4c85dc,7d586d4247e0,34,1685213529969,38713,162352153,460,1589713,86232006
a7bf5d4c85dc,7d586d4247e0,20,1685213540234,38713,162352153,460,1589713,86232006
a7bf5d4c85dc,7d586d4247e0,6,1685213540238,38713,162352153,460,1589713,86232006
a7bf5d4c85dc,7d586d4247e0,7,1685213802944,38713,162352153,460,1589713,86232006
a7bf5d4c85dc,7d586d4247e0,41,1685213803536,38713,162352153,460,1589713,86232006
a7bf5d4c85dc,7d586d4247e0,18,1685213803536,38713,162352153,460,1589713,86232006
a7bf5d4c85dc,7d586d4247e0,20,1685213805218,38713,162352153,460,1589713,86232006
a7bf5d4c85dc,7d586d4247e0,7,1685213805220,38713,162352153,460,1589713,86232006
a7bf5d4c85dc,7d586d4247e0,18,1685213805497,38713,162352153,460,1589713,86232006
a7bf5d4c85dc,7d586d4247e0,41,1685213805497,38713,162352153,460,1589713,86232006
a7bf5d4c85dc,7d586d4247e0,67,1685213805687,38713,162352153,460,1589713,86232006
a7bf5d4c85dc,7d586d4247e0,7,1685213805880,38713,162352153,460,1589713,86232006
a7bf5d4c85dc,7d586d4247e0,34,1685213806015,38713,162352153,460,1589713,86232006
a7bf5d4c85dc,7d586d4247e0,41,1685213806015,38713,162352153,460,1589713,86232006
a7bf5d4c85dc,7d586d4247e0,1,1685213816264,38713,162352153,460,1589713,86232006
a7bf5d4c85dc,7d586d4247e0,7,1685213816264,38713,162352153,460,1589713,86232006
a7bf5d4c85dc,7d586d4247e0,30,1685213816330,38713,162352153,460,1589713,86232006
a7bf5d4c85dc,7d586d4247e0,18,1685213816855,38713,162352153,460,1589713,86232006
a7bf5d4c85dc,7d586d4247e0,1,1685213818540,38713,162352153,460,1589713,86232006
a7bf5d4c85dc,7d586d4247e0,7,1685213818540,38713,162352153,460,1589713,86232006
a7bf5d4c85dc,7d586d4247e0,18,1685213818816,38713,162352153,460,1589713,86232006
a7bf5d4c85dc,7d586d4247e0,41,1685213818816,38713,162352153,460,1589713,86232006
a7bf5d4c85dc,7d586d4247e0,67,1685213819007,38713,162352153,460,1589713,86232006
a7bf5d4c85dc,7d586d4247e0,7,1685213819200,38713,162352153,460,1589713,86232006
a7bf5d4c85dc,7d586d4247e0,41,1685213819334,38713,162352153,460,1589713,86232006
a7bf5d4c85dc,7d586d4247e0,34,1685213819334,38713,162352153,460,1589713,86232006
a7bf5d4c85dc,7d586d4247e0,20,1685213832989,38713,162352153,460,1589713,86232006
a7bf5d4c85dc,7d586d4247e0,20,1685213846308,38713,162352153,460,1589713,86232006
a7bf5d4c85dc,7d586d4247e0,2,1685216808369,38713,162352153,460,1589713,86232006
a7bf5d4c85dc,7d586d4247e0,2,1685216821691,38713,162352153,460,1589713,86232006
a7bf5d4c85dc,7d586d4247e0,20,1685216822984,38713,162352153,460,1589713,86232006
a7bf5d4c85dc,7d586d4247e0,20,1685216836306,38713,162352153,460,1589713,86232006
a7bf5d4c85dc,7d586d4247e0,2,1685216840348,38713,162352153,460,1589713,86232006
a7bf5d4c85dc,7d586d4247e0,20,1685216852985,38713,162352153,460,1589713,86232006
a7bf5d4c85dc,7d586d4247e0,2,1685216853671,38713,162352153,460,1589713,86232006
a7bf5d4c85dc,7d586d4247e0,2,1685219809307,38713,162352153,460,1589713,86232006
a7bf5d4c85dc,7d586d4247e0,2,1685219822635,38713,162352153,460,1589713,86232006
a7bf5d4c85dc,7d586d4247e0,20,1685219822979,38713,162352153,460,1589713,86232006
a7bf5d4c85dc,7d586d4247e0,2,1685219873308,38713,162352153,460,1589713,86232006
a7bf5d4c85dc,7d586d4247e0,20,1685219886988,38713,162352153,460,1589713,86232006
a7bf5d4c85dc,7d586d4247e0,20,1685219900315,38713,162352153,460,1589713,86232006
a7bf5d4c85dc,7d586d4247e0,2,1685222810277,38713,162352153,460,1589713,86232006
a7bf5d4c85dc,7d586d4247e0,2,1685222823610,38713,162352153,460,1589713,86232006
a7bf5d4c85dc,7d586d4247e0,20,1685222838317,38713,162352153,460,1589713,86232006
a7bf5d4c85dc,7d586d4247e0,2,1685222919600,38713,162352153,460,1589713,86232006
a7bf5d4c85dc,7d586d4247e0,20,1685222932320,38713,162352153,460,1589713,86232006
a7bf5d4c85dc,7d586d4247e0,4,1685224818741,38713,162352153,460,1589713,86232006
a7bf5d4c85dc,7d586d4247e0,2,1685224819125,38713,162352153,460,1589713,86232006
a7bf5d4c85dc,7d586d4247e0,20,1685224832318,38713,162352153,460,1589713,86232006
a7bf5d4c85dc,7d586d4247e0,2,1685225811885,38713,162352153,460,1589713,86232006
a7bf5d4c85dc,7d586d4247e0,20,1685225824979,38713,162352153,460,1589713,86232006
a7bf5d4c85dc,7d586d4247e0,2,1685225825225,38713,162352153,460,1589713,86232006
a7bf5d4c85dc,7d586d4247e0,2,1685225939226,38713,162352153,460,1589713,86232006
a7bf5d4c85dc,7d586d4247e0,2,1685225952565,38713,162352153,460,1589713,86232006
a7bf5d4c85dc,7d586d4247e0,20,1685225953086,38713,162352153,460,1589713,86232006
a7bf5d4c85dc,7d586d4247e0,20,1685225966425,38713,162352153,460,1589713,86232006
a7bf5d4c85dc,7d586d4247e0,2,1685228812844,38713,162352153,460,1589713,86232006
a7bf5d4c85dc,7d586d4247e0,2,1685228826188,38713,162352153,460,1589713,86232006
a7bf5d4c85dc,7d586d4247e0,20,1685228826983,38713,162352153,460,1589713,86232006
a7bf5d4c85dc,7d586d4247e0,2,1685228972185,38713,162352153,460,1589713,86232006
a7bf5d4c85dc,7d586d4247e0,20,1685228984977,38713,162352153,460,1589713,86232006
a7bf5d4c85dc,7d586d4247e0,2,1685228985529,38713,162352153,460,1589713,86232006
a7bf5d4c85dc,7d586d4247e0,20,1685228998321,38713,162352153,460,1589713,86232006
a7bf5d4c85dc,7d586d4247e0,2,1685229028864,38713,162352153,460,1589713,86232006
a7bf5d4c85dc,7d586d4247e0,7,1685229028998,38713,162352153,460,1589713,86232006
a7bf5d4c85dc,7d586d4247e0,34,1685229029121,38713,162352153,460,1589713,86232006
a7bf5d4c85dc,7d586d4247e0,41,1685229029121,38713,162352153,460,1589713,86232006
a7bf5d4c85dc,7d586d4247e0,7,1685229042343,38713,162352153,460,1589713,86232006
a7bf5d4c85dc,7d586d4247e0,41,1685229042466,38713,162352153,460,1589713,86232006
a7bf5d4c85dc,7d586d4247e0,34,1685229042466,38713,162352153,460,1589713,86232006
a7bf5d4c85dc,7d586d4247e0,20,1685229056978,38713,162352153,460,1589713,86232006
a7bf5d4c85dc,7d586d4247e0,2,1685229067444,38713,162352153,460,1589713,86232006
a7bf5d4c85dc,7d586d4247e0,2,1685229080788,38713,162352153,460,1589713,86232006
a7bf5d4c85dc,7d586d4247e0,20,1685229102322,38713,162352153,460,1589713,86232006
a7bf5d4c85dc,7d586d4247e0,20,1685229108979,38713,162352153,460,1589713,86232006
a7bf5d4c85dc,7d586d4247e0,2,1685229109513,38713,162352153,460,1589713,86232006
a7bf5d4c85dc,7d586d4247e0,20,1685229122323,38713,162352153,460,1589713,86232006
a7bf5d4c85dc,7d586d4247e0,2,1685229147665,38713,162352153,460,1589713,86232006
a7bf5d4c85dc,7d586d4247e0,2,1685229161009,38713,162352153,460,1589713,86232006
a7bf5d4c85dc,7d586d4247e0,20,1685229162979,38713,162352153,460,1589713,86232006
a7bf5d4c85dc,7d586d4247e0,20,1685229176324,38713,162352153,460,1589713,86232006
a7bf5d4c85dc,7d586d4247e0,2,1685230789291,38713,162352153,460,1589713,86232006
a7bf5d4c85dc,7d586d4247e0,36,1685230833894,38713,85455525,460,1589713,86232006
a7bf5d4c85dc,7d586d4247e0,14,1685230834723,38713,162352153,460,1589713,86232006
a7bf5d4c85dc,7d586d4247e0,14,1685230847139,38713,85455525,460,1589713,86232006
a7bf5d4c85dc,7d586d4247e0,36,1685230847240,38713,85455525,460,1589713,86232006
a7bf5d4c85dc,7d586d4247e0,14,1685231028795,38713,85455525,460,1589713,86232006
a7bf5d4c85dc,7d586d4247e0,14,1685231029765,38713,162352153,460,1589713,86232006
a7bf5d4c85dc,7d586d4247e0,14,1685231039224,38713,85455525,460,1589713,86232006
a7bf5d4c85dc,7d586d4247e0,14,1685231042140,38713,85455525,460,1589713,86232006
a7bf5d4c85dc,7d586d4247e0,14,1685231043110,38713,162352153,460,1589713,86232006
a7bf5d4c85dc,7d586d4247e0,14,1685231052569,38713,85455525,460,1589713,86232006
a7bf5d4c85dc,7d586d4247e0,20,1685231056530,38713,162352153,460,1589713,86232006
a7bf5d4c85dc,7d586d4247e0,5,1685231404250,38713,162352153,460,1589713,86232006
a7bf5d4c85dc,7d586d4247e0,20,1685231404504,38713,162352153,460,1589713,86232006
a7bf5d4c85dc,7d586d4247e0,30,1685231404884,38713,162352153,460,1589713,86232006
a7bf5d4c85dc,7d586d4247e0,31,1685231405094,38713,162352153,460,1589713,86232006
a7bf5d4c85dc,7d586d4247e0,18,1685231405141,38713,162352153,460,1589713,86232006
a7bf5d4c85dc,7d586d4247e0,14,1685231409884,38713,162352153,460,1589713,86232006
a7bf5d4c85dc,7d586d4247e0,5,1685231417595,38713,162352153,460,1589713,86232006
a7bf5d4c85dc,7d586d4247e0,20,1685231417849,38713,162352153,460,1589713,86232006
a7bf5d4c85dc,7d586d4247e0,2,1685231418153,38713,162352153,460,1589713,86232006
a7bf5d4c85dc,7d586d4247e0,30,1685231418229,38713,162352153,460,1589713,86232006
a7bf5d4c85dc,7d586d4247e0,31,1685231418440,38713,162352153,460,1589713,86232006
a7bf5d4c85dc,7d586d4247e0,36,1685231422370,38713,85455525,460,1589713,86232006
a7bf5d4c85dc,7d586d4247e0,14,1685231423230,38713,162352153,460,1589713,86232006
a7bf5d4c85dc,7d586d4247e0,20,1685231432981,38713,162352153,460,1589713,86232006
a7bf5d4c85dc,7d586d4247e0,4,1685231433203,38713,162352153,460,1589713,86232006
a7bf5d4c85dc,7d586d4247e0,2,1685231433603,38713,162352153,460,1589713,86232006
a7bf5d4c85dc,7d586d4247e0,20,1685231446326,38713,162352153,460,1589713,86232006
a7bf5d4c85dc,7d586d4247e0,4,1685231446549,38713,162352153,460,1589713,86232006
a7bf5d4c85dc,7d586d4247e0,2,1685231446949,38713,162352153,460,1589713,86232006
a7bf5d4c85dc,7d586d4247e0,20,1685231452981,38713,162352153,460,1589713,86232006
a7bf5d4c85dc,7d586d4247e0,4,1685231453202,38713,162352153,460,1589713,86232006
a7bf5d4c85dc,7d586d4247e0,4,1685231466547,38713,162352153,460,1589713,86232006
a7bf5d4c85dc,7d586d4247e0,2,1685231466789,38713,162352153,460,1589713,86232006
a7bf5d4c85dc,7d586d4247e0,20,1685231474982,38713,162352153,460,1589713,86232006
a7bf5d4c85dc,7d586d4247e0,2,1685231478664,38713,162352153,460,1589713,86232006
a7bf5d4c85dc,7d586d4247e0,20,1685231488327,38713,162352153,460,1589713,86232006
a7bf5d4c85dc,7d586d4247e0,2,1685231492010,38713,162352153,460,1589713,86232006
a7bf5d4c85dc,7d586d4247e0,20,1685231504983,38713,162352153,460,1589713,86232006
a7bf5d4c85dc,7d586d4247e0,4,1685231513800,38713,162352153,460,1589713,86232006
a7bf5d4c85dc,7d586d4247e0,2,1685231514263,38713,162352153,460,1589713,86232006
a7bf5d4c85dc,7d586d4247e0,4,1685231527146,38713,162352153,460,1589713,86232006
a7bf5d4c85dc,7d586d4247e0,2,1685231527608,38713,162352153,460,1589713,86232006
a7bf5d4c85dc,7d586d4247e0,20,1685231554984,38713,162352153,460,1589713,86232006
a7bf5d4c85dc,7d586d4247e0,4,1685231556452,38713,162352153,460,1589713,86232006
a7bf5d4c85dc,7d586d4247e0,2,1685231557144,38713,162352153,460,1589713,86232006
a7bf5d4c85dc,7d586d4247e0,4,1685231569797,38713,162352153,460,1589713,86232006
a7bf5d4c85dc,7d586d4247e0,20,1685231570983,38713,162352153,460,1589713,86232006
a7bf5d4c85dc,7d586d4247e0,2,1685231572517,38713,162352153,460,1589713,86232006
a7bf5d4c85dc,7d586d4247e0,20,1685231584329,38713,162352153,460,1589713,86232006
a7bf5d4c85dc,7d586d4247e0,20,1685231584989,38713,162352153,460,1589713,86232006
a7bf5d4c85dc,7d586d4247e0,20,1685231598334,38713,162352153,460,1589713,86232006
a7bf5d4c85dc,7d586d4247e0,20,1685231614990,38713,162352153,460,1589713,86232006
a7bf5d4c85dc,7d586d4247e0,20,1685231628335,38713,162352153,460,1589713,86232006
a7bf5d4c85dc,7d586d4247e0,4,1685231669605,38713,162352153,460,1589713,86232006
a7bf5d4c85dc,7d586d4247e0,4,1685231682950,38713,162352153,460,1589713,86232006
a7bf5d4c85dc,7d586d4247e0,20,1685231682976,38713,162352153,460,1589713,86232006
a7bf5d4c85dc,7d586d4247e0,4,1685231792487,38713,162352153,460,1589713,86232006
a7bf5d4c85dc,7d586d4247e0,4,1685231805833,38713,162352153,460,1589713,86232006
a7bf5d4c85dc,7d586d4247e0,2,1685231806009,38713,162352153,460,1589713,86232006
a7bf5d4c85dc,7d586d4247e0,4,1685231860050,38713,162352153,460,1589713,86232006
a7bf5d4c85dc,7d586d4247e0,2,1685231860503,38713,162352153,460,1589713,86232006
a7bf5d4c85dc,7d586d4247e0,20,1685231872979,38713,162352153,460,1589713,86232006
a7bf5d4c85dc,7d586d4247e0,4,1685231873395,38713,162352153,460,1589713,86232006
a7bf5d4c85dc,7d586d4247e0,2,1685231915523,38713,162352153,460,1589713,86232006
a7bf5d4c85dc,7d586d4247e0,4,1685231928712,38713,162352153,460,1589713,86232006
a7bf5d4c85dc,7d586d4247e0,20,1685231928980,38713,162352153,460,1589713,86232006
a7bf5d4c85dc,7d586d4247e0,20,1685231942326,38713,162352153,460,1589713,86232006
a7bf5d4c85dc,7d586d4247e0,2,1685231948043,38713,162352153,460,1589713,86232006
a7bf5d4c85dc,7d586d4247e0,2,1685231961389,38713,162352153,460,1589713,86232006
a7bf5d4c85dc,7d586d4247e0,20,1685231962980,38713,162352153,460,1589713,86232006
a7bf5d4c85dc,7d586d4247e0,20,1685231976326,38713,162352153,460,1589713,86232006
a7bf5d4c85dc,7d586d4247e0,4,1685232005075,38713,162352153,460,1589713,86232006
a7bf5d4c85dc,7d586d4247e0,20,1685232018982,38713,162352153,460,1589713,86232006
a7bf5d4c85dc,7d586d4247e0,36,1685232019257,38713,162352153,460,1589713,86232006
a7bf5d4c85dc,7d586d4247e0,2,1685232038424,38713,162352153,460,1589713,86232006
a7bf5d4c85dc,7d586d4247e0,4,1685232051593,38713,162352153,460,1589713,86232006
a7bf5d4c85dc,7d586d4247e0,20,1685232052982,38713,162352153,460,1589713,86232006
a7bf5d4c85dc,7d586d4247e0,2,1685232151065,38713,162352153,460,1589713,86232006
a7bf5d4c85dc,7d586d4247e0,4,1685232154809,38713,162352153,460,1589713,86232006
a7bf5d4c85dc,7d586d4247e0,2,1685232164411,38713,162352153,460,1589713,86232006
a7bf5d4c85dc,7d586d4247e0,20,1685232168093,38713,162352153,460,1589713,86232006
a7bf5d4c85dc,7d586d4247e0,4,1685232168154,38713,162352153,460,1589713,86232006
a7bf5d4c85dc,7d586d4247e0,5,1685232185432,38713,162270744,460,1589713,86232006
a7bf5d4c85dc,7d586d4247e0,20,1685232185680,38713,162270744,460,1589713,86232006
a7bf5d4c85dc,7d586d4247e0,2,1685232186132,38713,162270744,460,1589713,86232006
a7bf5d4c85dc,7d586d4247e0,30,1685232186207,38713,162270744,460,1589713,86232006
a7bf5d4c85dc,7d586d4247e0,31,1685232186415,38713,162270744,460,1589713,86232006
a7bf5d4c85dc,7d586d4247e0,18,1685232186456,38713,162270744,460,1589713,86232006
a7bf5d4c85dc,7d586d4247e0,20,1685232189767,38713,162270744,460,1589713,86232006
a7bf5d4c85dc,7d586d4247e0,20,1685232199025,38713,162270744,460,1589713,86232006
a7bf5d4c85dc,7d586d4247e0,30,1685232199552,38713,162270744,460,1589713,86232006
a7bf5d4c85dc,7d586d4247e0,31,1685232199760,38713,162270744,460,1589713,86232006
a7bf5d4c85dc,7d586d4247e0,16,1685232201037,38713,162270744,460,1589713,86232006
a7bf5d4c85dc,7d586d4247e0,20,1685232203112,38713,162270744,460,1589713,86232006
a7bf5d4c85dc,7d586d4247e0,14,1685232360854,38713,85455525,460,1589713,86232006
a7bf5d4c85dc,7d586d4247e0,14,1685232361803,38713,162352153,460,1589713,86232006
a7bf5d4c85dc,7d586d4247e0,14,1685232374199,38713,85455525,460,1589713,86232006
a7bf5d4c85dc,7d586d4247e0,14,1685232375148,38713,162352153,460,1589713,86232006
a7bf5d4c85dc,7d586d4247e0,5,1685232386044,38713,162352153,460,1589713,86232006
a7bf5d4c85dc,7d586d4247e0,4,1685232386329,38713,162352153,460,1589713,86232006
a7bf5d4c85dc,7d586d4247e0,2,1685232386563,38713,162352153,460,1589713,86232006
a7bf5d4c85dc,7d586d4247e0,30,1685232386625,38713,162352153,460,1589713,86232006
a7bf5d4c85dc,7d586d4247e0,31,1685232386838,38713,162352153,460,1589713,86232006
a7bf5d4c85dc,7d586d4247e0,5,1685232399389,38713,162352153,460,1589713,86232006
a7bf5d4c85dc,7d586d4247e0,20,1685232399644,38713,162352153,460,1589713,86232006
a7bf5d4c85dc,7d586d4247e0,4,1685232399674,38713,162352153,460,1589713,86232006
a7bf5d4c85dc,7d586d4247e0,2,1685232399908,38713,162352153,460,1589713,86232006
a7bf5d4c85dc,7d586d4247e0,18,1685232400231,38713,162352153,460,1589713,86232006
a7bf5d4c85dc,7d586d4247e0,36,1685232400341,38713,162352153,460,1589713,86232006
a7bf5d4c85dc,7d586d4247e0,16,1685232430094,38713,162352153,460,1589713,86232006
a7bf5d4c85dc,7d586d4247e0,16,1685232443439,38713,162352153,460,1589713,86232006
a7bf5d4c85dc,7d586d4247e0,18,1685232489691,38713,85974680,460,1589713,86232006
a7bf5d4c85dc,7d586d4247e0,5,1685232502831,38713,85974680,460,1589713,86232006
a7bf5d4c85dc,7d586d4247e0,18,1685232503036,38713,85974680,460,1589713,86232006
a7bf5d4c85dc,7d586d4247e0,20,1685232536176,38713,85974680,460,1589713,86232006
a7bf5d4c85dc,7d586d4247e0,2,1685232548554,38713,85974936,460,1589713,86232006
a7bf5d4c85dc,7d586d4247e0,20,1685232549521,38713,85974680,460,1589713,86232006
a7bf5d4c85dc,7d586d4247e0,2,1685232561899,38713,85974936,460,1589713,86232006
a7bf5d4c85dc,7d586d4247e0,30,1685232561985,38713,85974936,460,1589713,86232006
a7bf5d4c85dc,7d586d4247e0,36,1685232562328,38713,85974936,460,1589713,86232006
a7bf5d4c85dc,7d586d4247e0,20,1685232603628,38713,85974936,460,1589713,86232006
a7bf5d4c85dc,7d586d4247e0,20,1685232616973,38713,85974936,460,1589713,86232006
a7bf5d4c85dc,7d586d4247e0,2,1685232623752,38713,85974936,460,1589713,86232006
a7bf5d4c85dc,7d586d4247e0,18,1685232623763,38713,85974936,460,1589713,86232006
a7bf5d4c85dc,7d586d4247e0,20,1685232642370,38713,85974936,460,1589713,86232006
a7bf5d4c85dc,7d586d4247e0,5,1685232642559,38713,162434590,460,1589713,86232006
a7bf5d4c85dc,7d586d4247e0,20,1685232642611,38713,162434590,460,1589713,86232006
a7bf5d4c85dc,7d586d4247e0,4,1685232643444,38713,162434590,460,1589713,86232006
a7bf5d4c85dc,7d586d4247e0,18,1685232643886,38713,162434590,460,1589713,86232006
a7bf5d4c85dc,7d586d4247e0,20,1685232655715,38713,85974936,460,1589713,86232006
a7bf5d4c85dc,7d586d4247e0,5,1685232655904,38713,162434590,460,1589713,86232006
a7bf5d4c85dc,7d586d4247e0,4,1685232656789,38713,162434590,460,1589713,86232006
a7bf5d4c85dc,7d586d4247e0,2,1685232657228,38713,162434590,460,1589713,86232006
a7bf5d4c85dc,7d586d4247e0,18,1685232657231,38713,162434590,460,1589713,86232006
a7bf5d4c85dc,7d586d4247e0,20,1685232657958,38713,162434590,460,1589713,86232006
a7bf5d4c85dc,7d586d4247e0,4,1685232660624,38713,162434590,460,1589713,86232006
a7bf5d4c85dc,7d586d4247e0,2,1685232660844,38713,162434590,460,1589713,86232006
a7bf5d4c85dc,7d586d4247e0,2,1685232674189,38713,162434590,460,1589713,86232006
a7bf5d4c85dc,7d586d4247e0,20,1685232692408,38713,162434590,460,1589713,86232006
a7bf5d4c85dc,7d586d4247e0,20,1685232705753,38713,162434590,460,1589713,86232006
a7bf5d4c85dc,7d586d4247e0,2,1685232705928,38713,162434584,460,1589713,86232006
a7bf5d4c85dc,7d586d4247e0,18,1685232705933,38713,162434584,460,1589713,86232006
a7bf5d4c85dc,7d586d4247e0,14,1685232708248,38713,162350106,460,1589713,86232006
a7bf5d4c85dc,7d586d4247e0,20,1685232713518,38713,162350106,460,1589713,86232006
a7bf5d4c85dc,7d586d4247e0,18,1685232719278,38713,162434584,460,1589713,86232006
a7bf5d4c85dc,7d586d4247e0,36,1685232719865,38713,162434584,460,1589713,86232006
a7bf5d4c85dc,7d586d4247e0,14,1685232721593,38713,162350106,460,1589713,86232006
a7bf5d4c85dc,7d586d4247e0,20,1685232726862,38713,162350106,460,1589713,86232006
a7bf5d4c85dc,7d586d4247e0,2,1685232731077,38713,162350105,460,1589713,86232006
a7bf5d4c85dc,7d586d4247e0,18,1685232731081,38713,162350105,460,1589713,86232006
a7bf5d4c85dc,7d586d4247e0,2,1685232744422,38713,162350105,460,1589713,86232006
a7bf5d4c85dc,7d586d4247e0,20,1685232771708,38713,162350105,460,1589713,86232006
a7bf5d4c85dc,7d586d4247e0,2,1685232771714,38713,251069530,460,1589713,86232006
a7bf5d4c85dc,7d586d4247e0,18,1685232771738,38713,251069530,460,1589713,86232006
a7bf5d4c85dc,7d586d4247e0,20,1685232780713,38713,251069530,460,1589713,86232006
a7bf5d4c85dc,7d586d4247e0,16,1685232781681,38713,162350105,460,1589713,86232006
a7bf5d4c85dc,7d586d4247e0,20,1685232785053,38713,162350105,460,1589713,86232006
a7bf5d4c85dc,7d586d4247e0,2,1685232785059,38713,251069530,460,1589713,86232006
a7bf5d4c85dc,7d586d4247e0,18,1685232785083,38713,251069530,460,1589713,86232006
a7bf5d4c85dc,7d586d4247e0,15,1685232862496,38713,162361369,460,1589713,86232006
a7bf5d4c85dc,7d586d4247e0,5,1685232862751,38713,162361369,460,1589713,86232006
a7bf5d4c85dc,7d586d4247e0,36,1685232863082,38713,162361369,460,1589713,86232006
a7bf5d4c85dc,7d586d4247e0,14,1685232873455,38713,85456280,460,1589713,86232006
a7bf5d4c85dc,7d586d4247e0,20,1685232876516,38713,85456280,460,1589713,86232006
a7bf5d4c85dc,7d586d4247e0,5,1685236964316,38713,162350105,460,1589713,86232006
a7bf5d4c85dc,7d586d4247e0,18,1685236964520,38713,162350105,460,1589713,86232006
a7bf5d4c85dc,7d586d4247e0,36,1685236964574,38713,162350105,460,1589713,86232006
a7bf5d4c85dc,7d586d4247e0,14,1685236972490,38713,162434584,460,1589713,86232006
a7bf5d4c85dc,7d586d4247e0,36,1685236972606,38713,162434584,460,1589713,86232006
a7bf5d4c85dc,7d586d4247e0,18,1685236980098,38713,162434584,460,1589713,86232006
a7bf5d4c85dc,7d586d4247e0,36,1685236980212,38713,162434584,460,1589713,86232006
a7bf5d4c85dc,7d586d4247e0,36,1685236992727,38713,162361383,460,1589713,86232006
a7bf5d4c85dc,7d586d4247e0,14,1685236998675,38713,162350106,460,1589713,86232006
a7bf5d4c85dc,7d586d4247e0,20,1685237008225,38713,162350106,460,1589713,86232006
a7bf5d4c85dc,7d586d4247e0,2,1685237027856,38713,162434590,460,1589713,86232006
a7bf5d4c85dc,7d586d4247e0,18,1685237027860,38713,162434590,460,1589713,86232006
a7bf5d4c85dc,7d586d4247e0,36,1685237027989,38713,162434590,460,1589713,86232006
a7bf5d4c85dc,7d586d4247e0,2,1685237083730,38713,162434584,460,1589713,86232006
a7bf5d4c85dc,7d586d4247e0,14,1685237093967,38713,85974936,460,1589713,86232006
a7bf5d4c85dc,7d586d4247e0,20,1685237137611,38713,85974936,460,1589713,86232006
a7bf5d4c85dc,7d586d4247e0,4,1685237145581,38713,85974936,460,1589713,86232006
a7bf5d4c85dc,7d586d4247e0,18,1685237146289,38713,85974936,460,1589713,86232006
a7bf5d4c85dc,7d586d4247e0,36,1685237146349,38713,85974936,460,1589713,86232006
a7bf5d4c85dc,7d586d4247e0,20,1685237172747,38713,85974680,460,1589713,86232006
a7bf5d4c85dc,7d586d4247e0,4,1685237175554,38713,85974680,460,1589713,86232006
a7bf5d4c85dc,7d586d4247e0,18,1685237176592,38713,85974680,460,1589713,86232006
a7bf5d4c85dc,7d586d4247e0,20,1685237190148,38713,85974680,460,1589713,86232006
a7bf5d4c85dc,7d586d4247e0,4,1685237206357,38713,85974680,460,1589713,86232006
a7bf5d4c85dc,7d586d4247e0,2,1685237207298,38713,85974680,460,1589713,86232006
a7bf5d4c85dc,7d586d4247e0,18,1685237207301,38713,85974680,460,1589713,86232006
a7bf5d4c85dc,7d586d4247e0,36,1685237207355,38713,85974680,460,1589713,86232006
a7bf5d4c85dc,7d586d4247e0,36,1685237215106,38713,85273754,460,1589713,86232006
a7bf5d4c85dc,7d586d4247e0,20,1685237223098,38713,85273754,460,1589713,86232006
a7bf5d4c85dc,7d586d4247e0,5,1685237269295,38713,162352152,460,1589713,86232006
a7bf5d4c85dc,7d586d4247e0,20,1685237281092,38713,162352152,460,1589713,86232006
a7bf5d4c85dc,7d586d4247e0,5,1685237304635,38713,162352153,460,1589713,86232006
a7bf5d4c85dc,7d586d4247e0,20,1685237314953,38713,162352153,460,1589713,86232006
a7bf5d4c85dc,7d586d4247e0,2,1685237315576,38713,162352153,460,1589713,86232006
a7bf5d4c85dc,7d586d4247e0,18,1685237315838,38713,162352153,460,1589713,86232006
a7bf5d4c85dc,7d586d4247e0,36,1685237315922,38713,162352153,460,1589713,86232006
a7bf5d4c85dc,7d586d4247e0,14,1685237325206,38713,85455525,460,1589713,86232006
a7bf5d4c85dc,7d586d4247e0,14,1685237326656,38713,162352153,460,1589713,86232006
a7bf5d4c85dc,7d586d4247e0,20,1685237364953,38713,162352153,460,1589713,86232006
a7bf5d4c85dc,7d586d4247e0,2,1685237376645,38713,162352153,460,1589713,86232006
a7bf5d4c85dc,7d586d4247e0,36,1685237376840,38713,162352153,460,1589713,86232006
a7bf5d4c85dc,7d586d4247e0,20,1685237423837,38713,162352153,460,1589713,86232006
a7bf5d4c85dc,7d586d4247e0,2,1685237434937,38713,162352153,460,1589713,86232006
a7bf5d4c85dc,7d586d4247e0,4,1685237445480,38713,162352153,460,1589713,86232006
a7bf5d4c85dc,7d586d4247e0,2,1685237456479,38713,162352153,460,1589713,86232006
a7bf5d4c85dc,7d586d4247e0,4,1685237456479,38713,162352153,460,1589713,86232006
a7bf5d4c85dc,7d586d4247e0,18,1685237456482,38713,162352153,460,1589713,86232006
a7bf5d4c85dc,7d586d4247e0,36,1685237456564,38713,162352153,460,1589713,86232006
a7bf5d4c85dc,7d586d4247e0,14,1685237459026,38713,85455525,460,1589713,86232006
a7bf5d4c85dc,7d586d4247e0,14,1685237460057,38713,162352153,460,1589713,86232006
a7bf5d4c85dc,7d586d4247e0,2,1685237475855,38713,162352153,460,1589713,86232006
a7bf5d4c85dc,7d586d4247e0,18,1685237475859,38713,162352153,460,1589713,86232006
a7bf5d4c85dc,7d586d4247e0,36,1685237475961,38713,162352153,460,1589713,86232006
a7bf5d4c85dc,7d586d4247e0,20,1685237488955,38713,162352153,460,1589713,86232006
a7bf5d4c85dc,7d586d4247e0,4,1685237497415,38713,162352153,460,1589713,86232006
a7bf5d4c85dc,7d586d4247e0,2,1685237497596,38713,162352153,460,1589713,86232006
a7bf5d4c85dc,7d586d4247e0,18,1685237497599,38713,162352153,460,1589713,86232006
a7bf5d4c85dc,7d586d4247e0,36,1685237497675,38713,162352153,460,1589713,86232006
a7bf5d4c85dc,7d586d4247e0,20,1685237510956,38713,162352153,460,1589713,86232006
a7bf5d4c85dc,7d586d4247e0,4,1685237516480,38713,162352153,460,1589713,86232006
a7bf5d4c85dc,7d586d4247e0,2,1685237516796,38713,162352153,460,1589713,86232006
a7bf5d4c85dc,7d586d4247e0,18,1685237516802,38713,162352153,460,1589713,86232006
a7bf5d4c85dc,7d586d4247e0,36,1685237516915,38713,162352153,460,1589713,86232006
a7bf5d4c85dc,7d586d4247e0,20,1685237530956,38713,162352153,460,1589713,86232006
a7bf5d4c85dc,7d586d4247e0,5,1685237584207,38713,162352153,460,1589713,86232006
a7bf5d4c85dc,7d586d4247e0,18,1685237660812,38713,162352153,460,1589713,86232006
a7bf5d4c85dc,7d586d4247e0,36,1685237663726,38713,85455525,460,1589713,86232006
a7bf5d4c85dc,7d586d4247e0,20,1685237668137,38713,85455525,460,1589713,86232006
a7bf5d4c85dc,7d586d4247e0,30,1685237684575,38713,162352153,460,1589713,86232006
a7bf5d4c85dc,7d586d4247e0,31,1685237684775,38713,162352153,460,1589713,86232006
a7bf5d4c85dc,7d586d4247e0,20,1685237698949,38713,162352153,460,1589713,86232006
a7bf5d4c85dc,7d586d4247e0,5,1685237726103,38713,162352153,460,1589713,86232006
a7bf5d4c85dc,7d586d4247e0,5,1685237781382,38713,162352153,460,1589713,86232006
a7bf5d4c85dc,7d586d4247e0,18,1685237781567,38713,162352153,460,1589713,86232006
a7bf5d4c85dc,7d586d4247e0,14,1685237802906,38713,85455525,460,1589713,86232006
a7bf5d4c85dc,7d586d4247e0,36,1685237803056,38713,85455525,460,1589713,86232006
a7bf5d4c85dc,7d586d4247e0,14,1685237803877,38713,162352153,460,1589713,86232006
a7bf5d4c85dc,7d586d4247e0,20,1685237814952,38713,162352153,460,1589713,86232006
a7bf5d4c85dc,7d586d4247e0,31,1685237818827,38713,162352153,460,1589713,86232006
a7bf5d4c85dc,7d586d4247e0,18,1685237818849,38713,162352153,460,1589713,86232006
a7bf5d4c85dc,7d586d4247e0,36,1685237818937,38713,162352153,460,1589713,86232006
a7bf5d4c85dc,7d586d4247e0,4,1685237842963,38713,162352153,460,1589713,86232006
a7bf5d4c85dc,7d586d4247e0,36,1685237843305,38713,162352153,460,1589713,86232006
a7bf5d4c85dc,7d586d4247e0,20,1685237856952,38713,162352153,460,1589713,86232006
a7bf5d4c85dc,7d586d4247e0,2,1685237858879,38713,162352153,460,1589713,86232006
a7bf5d4c85dc,7d586d4247e0,18,1685237858882,38713,162352153,460,1589713,86232006
a7bf5d4c85dc,7d586d4247e0,36,1685237858957,38713,162352153,460,1589713,86232006
a7bf5d4c85dc,7d586d4247e0,14,1685237862886,38713,85455525,460,1589713,86232006
a7bf5d4c85dc,7d586d4247e0,36,1685237863001,38713,85455525,460,1589713,86232006
a7bf5d4c85dc,7d586d4247e0,14,1685237863896,38713,162352153,460,1589713,86232006
a7bf5d4c85dc,7d586d4247e0,20,1685237870429,38713,162352153,460,1589713,86232006
a7bf5d4c85dc,7d586d4247e0,18,1685237881539,38713,162352153,460,1589713,86232006
a7bf5d4c85dc,7d586d4247e0,18,1685237917685,38713,162352153,460,1589713,86232006
a7bf5d4c85dc,7d586d4247e0,20,1685237942957,38713,162352153,460,1589713,86232006
a7bf5d4c85dc,7d586d4247e0,2,1685237985546,38713,162352153,460,1589713,86232006
a7bf5d4c85dc,7d586d4247e0,18,1685237985823,38713,162352153,460,1589713,86232006
a7bf5d4c85dc,7d586d4247e0,4,1685238031415,38713,162352153,460,1589713,86232006
a7bf5d4c85dc,7d586d4247e0,2,1685238032000,38713,162352153,460,1589713,86232006
a7bf5d4c85dc,7d586d4247e0,36,1685238032125,38713,162352153,460,1589713,86232006
a7bf5d4c85dc,7d586d4247e0,2,1685238061462,38713,162352153,460,1589713,86232006
a7bf5d4c85dc,7d586d4247e0,18,1685238061465,38713,162352153,460,1589713,86232006
a7bf5d4c85dc,7d586d4247e0,36,1685238061558,38713,162352153,460,1589713,86232006
a7bf5d4c85dc,7d586d4247e0,2,1685238082896,38713,162352153,460,1589713,86232006
a7bf5d4c85dc,7d586d4247e0,36,1685238082975,38713,162352153,460,1589713,86232006
a7bf5d4c85dc,7d586d4247e0,4,1685238127198,38713,162352153,460,1589713,86232006
a7bf5d4c85dc,7d586d4247e0,2,1685238127365,38713,162352153,460,1589713,86232006
a7bf5d4c85dc,7d586d4247e0,18,1685238127367,38713,162352153,460,1589713,86232006
a7bf5d4c85dc,7d586d4247e0,20,1685238140948,38713,162352153,460,1589713,86232006
a7bf5d4c85dc,7d586d4247e0,2,1685238191355,38713,162352153,460,1589713,86232006
a7bf5d4c85dc,7d586d4247e0,36,1685238191453,38713,162352153,460,1589713,86232006
a7bf5d4c85dc,7d586d4247e0,20,1685238211842,38713,162352153,460,1589713,86232006
a7bf5d4c85dc,7d586d4247e0,4,1685238268051,38713,162352153,460,1589713,86232006
a7bf5d4c85dc,7d586d4247e0,18,1685238268797,38713,162352153,460,1589713,86232006
a7bf5d4c85dc,7d586d4247e0,36,1685238268874,38713,162352153,460,1589713,86232006
a7bf5d4c85dc,7d586d4247e0,14,1685238292046,38713,85455525,460,1589713,86232006
a7bf5d4c85dc,7d586d4247e0,20,1685238302951,38713,162352153,460,1589713,86232006
a7bf5d4c85dc,7d586d4247e0,4,1685238310539,38713,162352153,460,1589713,86232006
a7bf5d4c85dc,7d586d4247e0,18,1685238311097,38713,162352153,460,1589713,86232006
a7bf5d4c85dc,7d586d4247e0,5,1685238380056,38713,162352153,460,1589713,86232006
a7bf5d4c85dc,7d586d4247e0,18,1685238380257,38713,162352153,460,1589713,86232006
a7bf5d4c85dc,7d586d4247e0,36,1685238380332,38713,162352153,460,1589713,86232006
a7bf5d4c85dc,7d586d4247e0,2,1685238394237,38713,162352153,460,1589713,86232006
a7bf5d4c85dc,7d586d4247e0,30,1685238394283,38713,162352153,460,1589713,86232006
a7bf5d4c85dc,7d586d4247e0,36,1685238394559,38713,162352153,460,1589713,86232006
a7bf5d4c85dc,7d586d4247e0,20,1685238408952,38713,162352153,460,1589713,86232006
a7bf5d4c85dc,7d586d4247e0,18,1685238463757,38713,162270744,460,1589713,86232006
a7bf5d4c85dc,7d586d4247e0,36,1685238463814,38713,162270744,460,1589713,86232006
a7bf5d4c85dc,7d586d4247e0,16,1685238464704,38713,162270744,460,1589713,86232006
a7bf5d4c85dc,7d586d4247e0,15,1685238464710,38713,162352153,460,1589713,86232006
a7bf5d4c85dc,7d586d4247e0,36,1685238465072,38713,162352153,460,1589713,86232006
a7bf5d4c85dc,7d586d4247e0,20,1685238466796,38713,162270744,460,1589713,86232006
a7bf5d4c85dc,7d586d4247e0,5,1685238581682,38713,162352153,460,1589713,86232006
a7bf5d4c85dc,7d586d4247e0,36,1685238581932,38713,162352153,460,1589713,86232006
a7bf5d4c85dc,7d586d4247e0,20,1685238596956,38713,162352153,460,1589713,86232006
a7bf5d4c85dc,7d586d4247e0,18,1685238669990,38713,162352153,460,1589713,86232006
a7bf5d4c85dc,7d586d4247e0,36,1685238670169,38713,162352153,460,1589713,86232006
a7bf5d4c85dc,7d586d4247e0,20,1685238686947,38713,162352153,460,1589713,86232006
a7bf5d4c85dc,7d586d4247e0,5,1685238735146,38713,162352153,460,1589713,86232006
a7bf5d4c85dc,7d586d4247e0,18,1685238735319,38713,162352153,460,1589713,86232006
a7bf5d4c85dc,7d586d4247e0,36,1685238735462,38713,162352153,460,1589713,86232006
a7bf5d4c85dc,7d586d4247e0,20,1685238748949,38713,162352153,460,1589713,86232006
a7bf5d4c85dc,7d586d4247e0,2,1685238776990,38713,162352153,460,1589713,86232006
a7bf5d4c85dc,7d586d4247e0,18,1685238777288,38713,162352153,460,1589713,86232006
a7bf5d4c85dc,7d586d4247e0,20,1685238796949,38713,162352153,460,1589713,86232006
a7bf5d4c85dc,7d586d4247e0,2,1685238848021,38713,162352153,460,1589713,86232006
a7bf5d4c85dc,7d586d4247e0,14,1685238860985,38713,85455525,460,1589713,86232006
a7bf5d4c85dc,7d586d4247e0,36,1685238861106,38713,85455525,460,1589713,86232006
a7bf5d4c85dc,7d586d4247e0,5,1685238886540,38713,162352153,460,1589713,86232006
a7bf5d4c85dc,7d586d4247e0,18,1685238886731,38713,162352153,460,1589713,86232006
a7bf5d4c85dc,7d586d4247e0,5,1685239114081,38713,162352153,460,1589713,86232006
a7bf5d4c85dc,7d586d4247e0,18,1685239114251,38713,162352153,460,1589713,86232006
a7bf5d4c85dc,7d586d4247e0,36,1685239114416,38713,162352153,460,1589713,86232006
a7bf5d4c85dc,7d586d4247e0,18,1685239178602,38713,162352153,460,1589713,86232006
a7bf5d4c85dc,7d586d4247e0,14,1685239181106,38713,85455525,460,1589713,86232006
a7bf5d4c85dc,7d586d4247e0,36,1685239181226,38713,85455525,460,1589713,86232006
a7bf5d4c85dc,7d586d4247e0,14,1685239182176,38713,162352153,460,1589713,86232006
a7bf5d4c85dc,7d586d4247e0,14,1685239188716,38713,162352153,460,1589713,86232006
a7bf5d4c85dc,7d586d4247e0,14,1685239194205,38713,85455525,460,1589713,86232006
a7bf5d4c85dc,7d586d4247e0,14,1685239195197,38713,162352153,460,1589713,86232006
a7bf5d4c85dc,7d586d4247e0,20,1685239200257,38713,162352153,460,1589713,86232006
a7bf5d4c85dc,7d586d4247e0,5,1685239394203,38713,162270744,460,1589713,86232006
a7bf5d4c85dc,7d586d4247e0,20,1685239412951,38713,162352153,460,1589713,86232006
a7bf5d4c85dc,7d586d4247e0,5,1685239423616,38713,162352153,460,1589713,86232006
a7bf5d4c85dc,7d586d4247e0,36,1685239423879,38713,162352153,460,1589713,86232006
a7bf5d4c85dc,7d586d4247e0,20,1685239440951,38713,162352153,460,1589713,86232006
a7bf5d4c85dc,7d586d4247e0,5,1685239450157,38713,162352153,460,1589713,86232006
a7bf5d4c85dc,7d586d4247e0,36,1685239469936,38713,85455525,460,1589713,86232006
a7bf5d4c85dc,7d586d4247e0,14,1685239471115,38713,162352153,460,1589713,86232006
a7bf5d4c85dc,7d586d4247e0,20,1685239474206,38713,162352153,460,1589713,86232006
a7bf5d4c85dc,7d586d4247e0,2,1685239484955,38713,162352153,460,1589713,86232006
a7bf5d4c85dc,7d586d4247e0,18,1685239485224,38713,162352153,460,1589713,86232006
a7bf5d4c85dc,7d586d4247e0,36,1685239485310,38713,162352153,460,1589713,86232006
a7bf5d4c85dc,7d586d4247e0,5,1685239639456,38713,162352153,460,1589713,86232006
a7bf5d4c85dc,7d586d4247e0,18,1685239639634,38713,162352153,460,1589713,86232006
a7bf5d4c85dc,7d586d4247e0,36,1685239639720,38713,162352153,460,1589713,86232006
a7bf5d4c85dc,7d586d4247e0,36,1685239642770,38713,85455525,460,1589713,86232006
a7bf5d4c85dc,7d586d4247e0,14,1685239643755,38713,162352153,460,1589713,86232006
a7bf5d4c85dc,7d586d4247e0,14,1685239652145,38713,85455525,460,1589713,86232006
a7bf5d4c85dc,7d586d4247e0,14,1685239653136,38713,162352153,460,1589713,86232006
a7bf5d4c85dc,7d586d4247e0,14,1685239660115,38713,85455525,460,1589713,86232006
a7bf5d4c85dc,7d586d4247e0,14,1685239661116,38713,162352153,460,1589713,86232006
a7bf5d4c85dc,7d586d4247e0,5,1685240225415,38713,162352153,460,1589713,86232006
a7bf5d4c85dc,7d586d4247e0,18,1685240225587,38713,162352153,460,1589713,86232006
a7bf5d4c85dc,7d586d4247e0,14,1685240232415,38713,85455525,460,1589713,86232006
a7bf5d4c85dc,7d586d4247e0,14,1685240233628,38713,162352153,460,1589713,86232006
a7bf5d4c85dc,7d586d4247e0,14,1685240238735,38713,162352153,460,1589713,86232006
a7bf5d4c85dc,7d586d4247e0,20,1685240248956,38713,162352153,460,1589713,86232006
a7bf5d4c85dc,7d586d4247e0,4,1685240253644,38713,162352153,460,1589713,86232006
a7bf5d4c85dc,7d586d4247e0,2,1685240254086,38713,162352153,460,1589713,86232006
a7bf5d4c85dc,7d586d4247e0,18,1685240254399,38713,162352153,460,1589713,86232006
a7bf5d4c85dc,7d586d4247e0,36,1685240254488,38713,162352153,460,1589713,86232006
a7bf5d4c85dc,7d586d4247e0,20,1685240266957,38713,162352153,460,1589713,86232006
a7bf5d4c85dc,7d586d4247e0,2,1685240273917,38713,162352153,460,1589713,86232006
a7bf5d4c85dc,7d586d4247e0,18,1685240273919,38713,162352153,460,1589713,86232006
a7bf5d4c85dc,7d586d4247e0,36,1685240384457,38713,162352153,460,1589713,86232006
a7bf5d4c85dc,7d586d4247e0,4,1685240445540,38713,162352153,460,1589713,86232006
a7bf5d4c85dc,7d586d4247e0,30,1685240556857,38713,162352153,460,1589713,86232006
a7bf5d4c85dc,7d586d4247e0,18,1685240557070,38713,162352153,460,1589713,86232006
a7bf5d4c85dc,7d586d4247e0,36,1685240557161,38713,162352153,460,1589713,86232006
a7bf5d4c85dc,7d586d4247e0,2,1685240683735,38713,162352153,460,1589713,86232006
a7bf5d4c85dc,7d586d4247e0,20,1685240696954,38713,162352153,460,1589713,86232006
a7bf5d4c85dc,7d586d4247e0,4,1685240706532,38713,162352153,460,1589713,86232006
a7bf5d4c85dc,7d586d4247e0,2,1685240707195,38713,162352153,460,1589713,86232006
a7bf5d4c85dc,7d586d4247e0,18,1685240707199,38713,162352153,460,1589713,86232006
a7bf5d4c85dc,7d586d4247e0,36,1685240707279,38713,162352153,460,1589713,86232006
a7bf5d4c85dc,7d586d4247e0,20,1685240720955,38713,162352153,460,1589713,86232006
a7bf5d4c85dc,7d586d4247e0,5,1685240745515,38713,162352153,460,1589713,86232006
a7bf5d4c85dc,7d586d4247e0,30,1685240809254,38713,162352153,460,1589713,86232006
a7bf5d4c85dc,7d586d4247e0,31,1685240809463,38713,162352153,460,1589713,86232006
a7bf5d4c85dc,7d586d4247e0,18,1685240809490,38713,162352153,460,1589713,86232006
a7bf5d4c85dc,7d586d4247e0,36,1685240809592,38713,162352153,460,1589713,86232006
a7bf5d4c85dc,7d586d4247e0,36,1685240828221,38713,85455525,460,1589713,86232006
a7bf5d4c85dc,7d586d4247e0,14,1685240831716,38713,162352153,460,1589713,86232006
a7bf5d4c85dc,7d586d4247e0,14,1685240953985,38713,85455525,460,1589713,86232006
a7bf5d4c85dc,7d586d4247e0,14,1685240954856,38713,162352153,460,1589713,86232006
a7bf5d4c85dc,7d586d4247e0,14,1685241004942,38713,162352153,460,1589713,86232006
a7bf5d4c85dc,7d586d4247e0,2,1685241066235,38713,162352153,460,1589713,86232006
a7bf5d4c85dc,7d586d4247e0,18,1685241066239,38713,162352153,460,1589713,86232006
a7bf5d4c85dc,7d586d4247e0,20,1685241078952,38713,162352153,460,1589713,86232006
a7bf5d4c85dc,7d586d4247e0,36,1685241285567,38713,162352153,460,1589713,86232006
a7bf5d4c85dc,7d586d4247e0,2,1685241345285,38713,85455525,460,1589713,86232006
a7bf5d4c85dc,7d586d4247e0,18,1685241345287,38713,85455525,460,1589713,86232006
a7bf5d4c85dc,7d586d4247e0,14,1685241350945,38713,85455525,460,1589713,86232006
a7bf5d4c85dc,7d586d4247e0,20,1685241358978,38713,162352153,460,1589713,86232006
a7bf5d4c85dc,7d586d4247e0,2,1685241360554,38713,162352153,460,1589713,86232006
a7bf5d4c85dc,7d586d4247e0,18,1685241360558,38713,162352153,460,1589713,86232006
a7bf5d4c85dc,7d586d4247e0,36,1685241360633,38713,162352153,460,1589713,86232006
a7bf5d4c85dc,7d586d4247e0,20,1685241373184,38713,162352153,460,1589713,86232006
a7bf5d4c85dc,7d586d4247e0,2,1685241377487,38713,162352156,460,1589713,86232006
a7bf5d4c85dc,7d586d4247e0,36,1685241380347,38713,162352156,460,1589713,86232006
a7bf5d4c85dc,7d586d4247e0,2,1685241381773,38713,162270746,460,1589713,86232006
a7bf5d4c85dc,7d586d4247e0,36,1685241381863,38713,162270746,460,1589713,86232006
a7bf5d4c85dc,7d586d4247e0,2,1685241403257,38713,162352153,460,1589713,86232006
a7bf5d4c85dc,7d586d4247e0,36,1685241403371,38713,162352153,460,1589713,86232006
a7bf5d4c85dc,7d586d4247e0,15,1685241417727,38713,162270744,460,1589713,86232006
a7bf5d4c85dc,7d586d4247e0,16,1685241501044,38713,162270744,460,1589713,86232006
a7bf5d4c85dc,7d586d4247e0,20,1685241503139,38713,162270744,460,1589713,86232006
a7bf5d4c85dc,7d586d4247e0,4,1685241525539,38713,162352153,460,1589713,86232006
a7bf5d4c85dc,7d586d4247e0,2,1685241525757,38713,162352153,460,1589713,86232006
a7bf5d4c85dc,7d586d4247e0,18,1685241525761,38713,162352153,460,1589713,86232006
a7bf5d4c85dc,7d586d4247e0,20,1685241542951,38713,162352153,460,1589713,86232006
a7bf5d4c85dc,7d586d4247e0,4,1685241603365,38713,162352153,460,1589713,86232006
a7bf5d4c85dc,7d586d4247e0,18,1685241603839,38713,162352153,460,1589713,86232006
a7bf5d4c85dc,7d586d4247e0,36,1685241603914,38713,162352153,460,1589713,86232006
a7bf5d4c85dc,7d586d4247e0,20,1685241606023,38713,162352153,460,1589713,86232006
a7bf5d4c85dc,7d586d4247e0,36,1685241652423,38713,162352153,460,1589713,86232006
a7bf5d4c85dc,7d586d4247e0,20,1685241662953,38713,162352153,460,1589713,86232006
a7bf5d4c85dc,7d586d4247e0,5,1685241699935,38713,162352153,460,1589713,86232006
a7bf5d4c85dc,7d586d4247e0,36,1685241704020,38713,85455525,460,1589713,86232006
a7bf5d4c85dc,7d586d4247e0,14,1685241704895,38713,162352153,460,1589713,86232006
a7bf5d4c85dc,7d586d4247e0,20,1685241711963,38713,162352153,460,1589713,86232006
a7bf5d4c85dc,7d586d4247e0,20,1685242004948,38713,162352153,460,1589713,86232006
a7bf5d4c85dc,7d586d4247e0,2,1685243061115,38713,162352153,460,1589713,86232006
a7bf5d4c85dc,7d586d4247e0,30,1685243061174,38713,162352153,460,1589713,86232006
a7bf5d4c85dc,7d586d4247e0,31,1685243061394,38713,162352153,460,1589713,86232006
a7bf5d4c85dc,7d586d4247e0,36,1685243061539,38713,162352153,460,1589713,86232006
a7bf5d4c85dc,7d586d4247e0,18,1685243189126,38713,162352153,460,1589713,86232006
a7bf5d4c85dc,7d586d4247e0,36,1685243189264,38713,162352153,460,1589713,86232006
a7bf5d4c85dc,7d586d4247e0,20,1685243202951,38713,162352153,460,1589713,86232006
a7bf5d4c85dc,7d586d4247e0,2,1685244123515,38713,162352153,460,1589713,86232006
a7bf5d4c85dc,7d586d4247e0,18,1685244123519,38713,162352153,460,1589713,86232006
a7bf5d4c85dc,7d586d4247e0,18,1685246062078,38713,162352153,460,1589713,86232006
a7bf5d4c85dc,7d586d4247e0,20,1685246074953,38713,162352153,460,1589713,86232006
a7bf5d4c85dc,7d586d4247e0,2,1685246222074,38713,162352153,460,1589713,86232006
a7bf5d4c85dc,7d586d4247e0,18,1685246222077,38713,162352153,460,1589713,86232006
a7bf5d4c85dc,7d586d4247e0,36,1685246222180,38713,162352153,460,1589713,86232006
a7bf5d4c85dc,7d586d4247e0,2,1685246665814,38713,162352153,460,1589713,86232006
a7bf5d4c85dc,7d586d4247e0,7,1685246665920,38713,162352153,460,1589713,86232006
a7bf5d4c85dc,7d586d4247e0,41,1685246666018,38713,162352153,460,1589713,86232006
a7bf5d4c85dc,7d586d4247e0,4,1685247329468,38713,85455525,460,1589713,86232006
a7bf5d4c85dc,7d586d4247e0,18,1685247329922,38713,85455525,460,1589713,86232006
a7bf5d4c85dc,7d586d4247e0,36,1685247330304,38713,85455525,460,1589713,86232006
a7bf5d4c85dc,7d586d4247e0,14,1685247331194,38713,162352153,460,1589713,86232006
a7bf5d4c85dc,7d586d4247e0,2,1685249063054,38713,162352153,460,1589713,86232006
a7bf5d4c85dc,7d586d4247e0,36,1685249063169,38713,162352153,460,1589713,86232006
a7bf5d4c85dc,7d586d4247e0,20,1685249076947,38713,162352153,460,1589713,86232006
a7bf5d4c85dc,7d586d4247e0,20,1685249268952,38713,162352153,460,1589713,86232006
a7bf5d4c85dc,7d586d4247e0,18,1685250079357,38713,162352153,460,1589713,86232006
a7bf5d4c85dc,7d586d4247e0,20,1685250094947,38713,162352153,460,1589713,86232006
a7bf5d4c85dc,7d586d4247e0,2,1685251650754,38713,162352153,460,1589713,86232006
a7bf5d4c85dc,7d586d4247e0,20,1685251666945,38713,162352153,460,1589713,86232006
a7bf5d4c85dc,7d586d4247e0,18,1685251730714,38713,162352153,460,1589713,86232006
a7bf5d4c85dc,7d586d4247e0,20,1685251752946,38713,162352153,460,1589713,86232006
a7bf5d4c85dc,7d586d4247e0,36,1685252064116,38713,162352153,460,1589713,86232006
a7bf5d4c85dc,7d586d4247e0,20,1685252076952,38713,162352153,460,1589713,86232006
a7bf5d4c85dc,7d586d4247e0,36,1685252288085,38713,162352153,460,1589713,86232006
a7bf5d4c85dc,7d586d4247e0,2,1685254021993,38713,162352153,460,1589713,86232006
a7bf5d4c85dc,7d586d4247e0,18,1685254021995,38713,162352153,460,1589713,86232006
a7bf5d4c85dc,7d586d4247e0,36,1685254022094,38713,162352153,460,1589713,86232006
a7bf5d4c85dc,7d586d4247e0,2,1685254293753,38713,162352153,460,1589713,86232006
a7bf5d4c85dc,7d586d4247e0,2,1685254337291,38713,162352153,460,1589713,86232006
a7bf5d4c85dc,7d586d4247e0,18,1685254337294,38713,162352153,460,1589713,86232006
a7bf5d4c85dc,7d586d4247e0,36,1685254337380,38713,162352153,460,1589713,86232006
a7bf5d4c85dc,7d586d4247e0,4,1685254367159,38713,162352153,460,1589713,86232006
a7bf5d4c85dc,7d586d4247e0,2,1685254367357,38713,162352153,460,1589713,86232006
a7bf5d4c85dc,7d586d4247e0,2,1685254423231,38713,162352153,460,1589713,86232006
a7bf5d4c85dc,7d586d4247e0,18,1685254423234,38713,162352153,460,1589713,86232006
a7bf5d4c85dc,7d586d4247e0,36,1685254423306,38713,162352153,460,1589713,86232006
a7bf5d4c85dc,7d586d4247e0,16,1685254475584,38713,162352153,460,1589713,86232006
a7bf5d4c85dc,7d586d4247e0,15,1685254475588,38713,162270744,460,1589713,86232006
a7bf5d4c85dc,7d586d4247e0,20,1685254477666,38713,162352153,460,1589713,86232006
a7bf5d4c85dc,7d586d4247e0,4,1685254719346,38713,162352153,460,1589713,86232006
a7bf5d4c85dc,7d586d4247e0,2,1685254721893,38713,162352153,460,1589713,86232006
a7bf5d4c85dc,7d586d4247e0,36,1685254721983,38713,162352153,460,1589713,86232006
a7bf5d4c85dc,7d586d4247e0,2,1685254752638,38713,162352153,460,1589713,86232006
a7bf5d4c85dc,7d586d4247e0,18,1685254752640,38713,162352153,460,1589713,86232006
a7bf5d4c85dc,7d586d4247e0,20,1685254764952,38713,162352153,460,1589713,86232006
a7bf5d4c85dc,7d586d4247e0,18,1685254794861,38713,162352153,460,1589713,86232006
a7bf5d4c85dc,7d586d4247e0,4,1685254917185,38713,162352153,460,1589713,86232006
a7bf5d4c85dc,7d586d4247e0,18,1685254917737,38713,162352153,460,1589713,86232006
a7bf5d4c85dc,7d586d4247e0,36,1685254917814,38713,162352153,460,1589713,86232006
a7bf5d4c85dc,7d586d4247e0,20,1685254932945,38713,162352153,460,1589713,86232006
a7bf5d4c85dc,7d586d4247e0,2,1685254935652,38713,162352153,460,1589713,86232006
a7bf5d4c85dc,7d586d4247e0,18,1685254935655,38713,162352153,460,1589713,86232006
a7bf5d4c85dc,7d586d4247e0,36,1685254935728,38713,162352153,460,1589713,86232006
a7bf5d4c85dc,7d586d4247e0,20,1685254946945,38713,162352153,460,1589713,86232006
a7bf5d4c85dc,7d586d4247e0,4,1685255040066,38713,162352153,460,1589713,86232006
a7bf5d4c85dc,7d586d4247e0,2,1685255040635,38713,162352153,460,1589713,86232006
a7bf5d4c85dc,7d586d4247e0,18,1685255040638,38713,162352153,460,1589713,86232006
a7bf5d4c85dc,7d586d4247e0,36,1685255040724,38713,162352153,460,1589713,86232006
a7bf5d4c85dc,7d586d4247e0,2,1685255064955,38713,162352153,460,1589713,86232006
a7bf5d4c85dc,7d586d4247e0,36,1685255163585,38713,162352153,460,1589713,86232006
a7bf5d4c85dc,7d586d4247e0,2,1685255286392,38713,162352153,460,1589713,86232006
a7bf5d4c85dc,7d586d4247e0,18,1685255286396,38713,162352153,460,1589713,86232006
a7bf5d4c85dc,7d586d4247e0,36,1685255286484,38713,162352153,460,1589713,86232006
a7bf5d4c85dc,7d586d4247e0,2,1685255320355,38713,162352153,460,1589713,86232006
a7bf5d4c85dc,7d586d4247e0,18,1685255320357,38713,162352153,460,1589713,86232006
a7bf5d4c85dc,7d586d4247e0,36,1685255320454,38713,162352153,460,1589713,86232006
a7bf5d4c85dc,7d586d4247e0,20,1685255344954,38713,162352153,460,1589713,86232006
a7bf5d4c85dc,7d586d4247e0,18,1685255676484,38713,162352153,460,1589713,86232006
a7bf5d4c85dc,7d586d4247e0,36,1685255676799,38713,162352153,460,1589713,86232006
a7bf5d4c85dc,7d586d4247e0,20,1685255696948,38713,162352153,460,1589713,86232006
a7bf5d4c85dc,7d586d4247e0,4,1685255718418,38713,162352153,460,1589713,86232006
a7bf5d4c85dc,7d586d4247e0,2,1685255719032,38713,162352153,460,1589713,86232006
a7bf5d4c85dc,7d586d4247e0,36,1685255719119,38713,162352153,460,1589713,86232006
a7bf5d4c85dc,7d586d4247e0,20,1685255752950,38713,162352153,460,1589713,86232006
a7bf5d4c85dc,7d586d4247e0,2,1685255802234,38713,162352153,460,1589713,86232006
a7bf5d4c85dc,7d586d4247e0,18,1685255802239,38713,162352153,460,1589713,86232006
a7bf5d4c85dc,7d586d4247e0,36,1685255802318,38713,162352153,460,1589713,86232006
a7bf5d4c85dc,7d586d4247e0,20,1685255816951,38713,162352153,460,1589713,86232006
a7bf5d4c85dc,7d586d4247e0,18,1685256005644,38713,85455525,460,1589713,86232006
a7bf5d4c85dc,7d586d4247e0,4,1685256719176,38713,162352153,460,1589713,86232006
a7bf5d4c85dc,7d586d4247e0,36,1685256719465,38713,162352153,460,1589713,86232006
a7bf5d4c85dc,7d586d4247e0,2,1685257941091,38713,162352153,460,1589713,86232006
a7bf5d4c85dc,7d586d4247e0,36,1685257941248,38713,162352153,460,1589713,86232006
a7bf5d4c85dc,7d586d4247e0,2,1685258065936,38713,162352153,460,1589713,86232006
a7bf5d4c85dc,7d586d4247e0,20,1685258078952,38713,162352153,460,1589713,86232006
a7bf5d4c85dc,7d586d4247e0,2,1685258081911,38713,162352153,460,1589713,86232006
a7bf5d4c85dc,7d586d4247e0,36,1685258082002,38713,162352153,460,1589713,86232006
a7bf5d4c85dc,7d586d4247e0,34,1685258082427,38713,162352153,460,1589713,86232006
a7bf5d4c85dc,7d586d4247e0,20,1685258130956,38713,162352153,460,1589713,86232006
a7bf5d4c85dc,7d586d4247e0,4,1685258175047,38713,162352153,460,1589713,86232006
a7bf5d4c85dc,7d586d4247e0,2,1685258175351,38713,162352153,460,1589713,86232006
a7bf5d4c85dc,7d586d4247e0,18,1685258175354,38713,162352153,460,1589713,86232006
a7bf5d4c85dc,7d586d4247e0,36,1685258175433,38713,162352153,460,1589713,86232006
a7bf5d4c85dc,7d586d4247e0,20,1685258188954,38713,162352153,460,1589713,86232006
a7bf5d4c85dc,7d586d4247e0,2,1685258353275,38713,162352153,460,1589713,86232006
a7bf5d4c85dc,7d586d4247e0,20,1685258366948,38713,162352153,460,1589713,86232006
a7bf5d4c85dc,7d586d4247e0,5,1685261032363,38713,162270744,460,1589713,86232006
a7bf5d4c85dc,7d586d4247e0,18,1685261032562,38713,162270744,460,1589713,86232006
a7bf5d4c85dc,7d586d4247e0,36,1685261032624,38713,162270744,460,1589713,86232006
a7bf5d4c85dc,7d586d4247e0,2,1685261066871,38713,162352153,460,1589713,86232006
a7bf5d4c85dc,7d586d4247e0,36,1685261067207,38713,162352153,460,1589713,86232006
a7bf5d4c85dc,7d586d4247e0,18,1685261386235,38713,162352153,460,1589713,86232006
a7bf5d4c85dc,7d586d4247e0,36,1685261386312,38713,162352153,460,1589713,86232006
a7bf5d4c85dc,7d586d4247e0,20,1685261398952,38713,162352153,460,1589713,86232006
a7bf5d4c85dc,7d586d4247e0,2,1685264067828,38713,162352153,460,1589713,86232006
a7bf5d4c85dc,7d586d4247e0,20,1685264080951,38713,162352153,460,1589713,86232006
a7bf5d4c85dc,7d586d4247e0,2,1685264143029,38713,162352153,460,1589713,86232006
a7bf5d4c85dc,7d586d4247e0,18,1685264143032,38713,162352153,460,1589713,86232006
a7bf5d4c85dc,7d586d4247e0,36,1685264143124,38713,162352153,460,1589713,86232006
a7bf5d4c85dc,7d586d4247e0,7,1685264143155,38713,162352153,460,1589713,86232006
a7bf5d4c85dc,7d586d4247e0,41,1685264143238,38713,162352153,460,1589713,86232006
a7bf5d4c85dc,7d586d4247e0,20,1685264170952,38713,162352153,460,1589713,86232006
a7bf5d4c85dc,7d586d4247e0,2,1685264418558,38713,162352153,460,1589713,86232006
a7bf5d4c85dc,7d586d4247e0,36,1685264418651,38713,162352153,460,1589713,86232006
a7bf5d4c85dc,7d586d4247e0,20,1685264430948,38713,162352153,460,1589713,86232006
a7bf5d4c85dc,7d586d4247e0,2,1685267068802,38713,85455525,460,1589713,86232006
a7bf5d4c85dc,7d586d4247e0,14,1685267069967,38713,162352153,460,1589713,86232006
a7bf5d4c85dc,7d586d4247e0,4,1685269917425,38713,85455525,460,1589713,86232006
a7bf5d4c85dc,7d586d4247e0,2,1685269918097,38713,85455525,460,1589713,86232006
a7bf5d4c85dc,7d586d4247e0,18,1685269918101,38713,85455525,460,1589713,86232006
a7bf5d4c85dc,7d586d4247e0,36,1685269918642,38713,85455525,460,1589713,86232006
a7bf5d4c85dc,7d586d4247e0,20,1685269932949,38713,162352153,460,1589713,86232006
a7bf5d4c85dc,7d586d4247e0,36,1685270069835,38713,162352153,460,1589713,86232006
a7bf5d4c85dc,7d586d4247e0,20,1685270082952,38713,162352153,460,1589713,86232006
a7bf5d4c85dc,7d586d4247e0,2,1685270484472,38713,162352153,460,1589713,86232006
a7bf5d4c85dc,7d586d4247e0,18,1685270484475,38713,162352153,460,1589713,86232006
a7bf5d4c85dc,7d586d4247e0,20,1685270496949,38713,162352153,460,1589713,86232006
a7bf5d4c85dc,7d586d4247e0,20,1685273077105,38713,162352153,460,1589713,86232006
a7bf5d4c85dc,7d586d4247e0,36,1685273117895,38713,162352153,460,1589713,86232006
a7bf5d4c85dc,7d586d4247e0,34,1685273118012,38713,162352153,460,1589713,86232006
a7bf5d4c85dc,7d586d4247e0,16,1685273131789,38713,162352153,460,1589713,86232006
a7bf5d4c85dc,7d586d4247e0,20,1685273133865,38713,162352153,460,1589713,86232006
a7bf5d4c85dc,7d586d4247e0,2,1685273517427,38713,162352153,460,1589713,86232006
a7bf5d4c85dc,7d586d4247e0,18,1685273517430,38713,162352153,460,1589713,86232006
a7bf5d4c85dc,7d586d4247e0,36,1685273517515,38713,162352153,460,1589713,86232006
a7bf5d4c85dc,7d586d4247e0,4,1685273726511,38713,162352153,460,1589713,86232006
a7bf5d4c85dc,7d586d4247e0,2,1685273726707,38713,162352153,460,1589713,86232006
a7bf5d4c85dc,7d586d4247e0,18,1685273726711,38713,162352153,460,1589713,86232006
a7bf5d4c85dc,7d586d4247e0,36,1685273726819,38713,162352153,460,1589713,86232006
a7bf5d4c85dc,7d586d4247e0,20,1685273740948,38713,162352153,460,1589713,86232006
a7bf5d4c85dc,7d586d4247e0,2,1685273849147,38713,162352153,460,1589713,86232006
a7bf5d4c85dc,7d586d4247e0,18,1685273849150,38713,162352153,460,1589713,86232006
a7bf5d4c85dc,7d586d4247e0,36,1685273849289,38713,162352153,460,1589713,86232006
a7bf5d4c85dc,7d586d4247e0,20,1685273862952,38713,162352153,460,1589713,86232006
a7bf5d4c85dc,7d586d4247e0,2,1685276071688,38713,162352153,460,1589713,86232006
a7bf5d4c85dc,7d586d4247e0,18,1685276071691,38713,162352153,460,1589713,86232006
a7bf5d4c85dc,7d586d4247e0,36,1685276071783,38713,162352153,460,1589713,86232006
a7bf5d4c85dc,7d586d4247e0,20,1685276086667,38713,162352153,460,1589713,86232006
a7bf5d4c85dc,7d586d4247e0,2,1685276549784,38713,162352153,460,1589713,86232006
a7bf5d4c85dc,7d586d4247e0,18,1685276549788,38713,162352153,460,1589713,86232006
a7bf5d4c85dc,7d586d4247e0,36,1685276549888,38713,162352153,460,1589713,86232006
a7bf5d4c85dc,7d586d4247e0,20,1685276562949,38713,162352153,460,1589713,86232006
a7bf5d4c85dc,7d586d4247e0,2,1685279072645,38713,162352153,460,1589713,86232006
a7bf5d4c85dc,7d586d4247e0,18,1685279072649,38713,162352153,460,1589713,86232006
a7bf5d4c85dc,7d586d4247e0,36,1685279072746,38713,162352153,460,1589713,86232006
a7bf5d4c85dc,7d586d4247e0,2,1685279582705,38713,162352153,460,1589713,86232006
a7bf5d4c85dc,7d586d4247e0,18,1685279582708,38713,162352153,460,1589713,86232006
a7bf5d4c85dc,7d586d4247e0,36,1685279582917,38713,162352153,460,1589713,86232006
a7bf5d4c85dc,7d586d4247e0,20,1685279596946,38713,162352153,460,1589713,86232006
a7bf5d4c85dc,7d586d4247e0,2,1685281202544,38713,162352153,460,1589713,86232006
a7bf5d4c85dc,7d586d4247e0,18,1685281202548,38713,162352153,460,1589713,86232006
a7bf5d4c85dc,7d586d4247e0,36,1685281202626,38713,162352153,460,1589713,86232006
a7bf5d4c85dc,7d586d4247e0,7,1685281208049,38713,162352153,460,1589713,86232006
a7bf5d4c85dc,7d586d4247e0,34,1685281208115,38713,162352153,460,1589713,86232006
a7bf5d4c85dc,7d586d4247e0,41,1685281208115,38713,162352153,460,1589713,86232006
a7bf5d4c85dc,7d586d4247e0,20,1685281234946,38713,162352153,460,1589713,86232006
a7bf5d4c85dc,7d586d4247e0,4,1685281268663,38713,162352152,460,1589713,86232006
a7bf5d4c85dc,7d586d4247e0,2,1685281269103,38713,162352152,460,1589713,86232006
a7bf5d4c85dc,7d586d4247e0,36,1685281269182,38713,162352152,460,1589713,86232006
a7bf5d4c85dc,7d586d4247e0,20,1685281282976,38713,162352152,460,1589713,86232006
a7bf5d4c85dc,7d586d4247e0,2,1685281483832,38713,85974936,460,1589713,86232006
a7bf5d4c85dc,7d586d4247e0,18,1685281483837,38713,85974936,460,1589713,86232006
a7bf5d4c85dc,7d586d4247e0,36,1685281483897,38713,85974936,460,1589713,86232006
a7bf5d4c85dc,7d586d4247e0,14,1685281494939,38713,162434584,460,1589713,86232006
a7bf5d4c85dc,7d586d4247e0,36,1685281495044,38713,162434584,460,1589713,86232006
a7bf5d4c85dc,7d586d4247e0,20,1685281510374,38713,162434584,460,1589713,86232006
a7bf5d4c85dc,7d586d4247e0,2,1685281535018,38713,162434584,460,1589713,86232006
a7bf5d4c85dc,7d586d4247e0,18,1685281535022,38713,162434584,460,1589713,86232006
a7bf5d4c85dc,7d586d4247e0,36,1685281535116,38713,162434584,460,1589713,86232006
a7bf5d4c85dc,7d586d4247e0,20,1685281548374,38713,162434584,460,1589713,86232006
a7bf5d4c85dc,7d586d4247e0,4,1685281555501,38713,162434584,460,1589713,86232006
a7bf5d4c85dc,7d586d4247e0,2,1685281555833,38713,162434584,460,1589713,86232006
a7bf5d4c85dc,7d586d4247e0,18,1685281555836,38713,162434584,460,1589713,86232006
a7bf5d4c85dc,7d586d4247e0,36,1685281556058,38713,162434584,460,1589713,86232006
a7bf5d4c85dc,7d586d4247e0,20,1685281568375,38713,162434584,460,1589713,86232006
a7bf5d4c85dc,7d586d4247e0,2,1685281785203,38713,85456280,460,1589713,86232006
a7bf5d4c85dc,7d586d4247e0,18,1685281785206,38713,85456280,460,1589713,86232006
a7bf5d4c85dc,7d586d4247e0,20,1685281798514,38713,85456280,460,1589713,86232006
a7bf5d4c85dc,7d586d4247e0,4,1685281915048,38713,116602841,460,1589713,86232006
a7bf5d4c85dc,7d586d4247e0,2,1685281916164,38713,116602841,460,1589713,86232006
a7bf5d4c85dc,7d586d4247e0,18,1685281916167,38713,116602841,460,1589713,86232006
a7bf5d4c85dc,7d586d4247e0,36,1685281916540,38713,116602841,460,1589713,86232006
a7bf5d4c85dc,7d586d4247e0,16,1685281917044,38713,116602841,460,1589713,86232006
a7bf5d4c85dc,7d586d4247e0,15,1685281917048,38713,116543961,460,1589713,86232006
a7bf5d4c85dc,7d586d4247e0,36,1685281917414,38713,116543961,460,1589713,86232006
a7bf5d4c85dc,7d586d4247e0,20,1685281919112,38713,116602841,460,1589713,86232006
a7bf5d4c85dc,7d586d4247e0,16,1685281923864,38713,116543961,460,1589713,86232006
a7bf5d4c85dc,7d586d4247e0,15,1685281923869,38713,162287902,460,1589713,86232006
a7bf5d4c85dc,7d586d4247e0,36,1685281924263,38713,162287902,460,1589713,86232006
a7bf5d4c85dc,7d586d4247e0,14,1685281924972,38713,163139356,460,1589713,86232006
a7bf5d4c85dc,7d586d4247e0,20,1685281924976,38713,116543961,460,1589713,86232006
a7bf5d4c85dc,7d586d4247e0,14,1685281926322,38713,163174936,460,1589713,86232006
a7bf5d4c85dc,7d586d4247e0,14,1685281926803,38713,162361113,460,1589713,86232006
a7bf5d4c85dc,7d586d4247e0,14,1685281930219,38713,116606680,460,1589713,86232006
a7bf5d4c85dc,7d586d4247e0,20,1685281935280,38713,116606680,460,1589713,86232006
a7bf5d4c85dc,7d586d4247e0,4,1685281940261,38713,116606682,460,1589713,86232006
a7bf5d4c85dc,7d586d4247e0,2,1685281941368,38713,116606682,460,1589713,86232006
a7bf5d4c85dc,7d586d4247e0,18,1685281941371,38713,116606682,460,1589713,86232006
a7bf5d4c85dc,7d586d4247e0,36,1685281941436,38713,116606682,460,1589713,86232006
a7bf5d4c85dc,7d586d4247e0,14,1685281980672,38713,85954712,460,1589713,86232006
a7bf5d4c85dc,7d586d4247e0,36,1685281980764,38713,85954712,460,1589713,86232006
a7bf5d4c85dc,7d586d4247e0,14,1685281986282,38713,163123992,460,1589713,86232006
a7bf5d4c85dc,7d586d4247e0,14,1685282046545,38713,85954713,460,1589713,86232006
a7bf5d4c85dc,7d586d4247e0,14,1685282051122,38713,163124248,460,1589713,86232006
a7bf5d4c85dc,7d586d4247e0,20,1685282058188,38713,163124248,460,1589713,86232006
a7bf5d4c85dc,7d586d4247e0,2,1685282073589,38713,163124248,460,1589713,86232006
a7bf5d4c85dc,7d586d4247e0,18,1685282073592,38713,163124248,460,1589713,86232006
a7bf5d4c85dc,7d586d4247e0,36,1685282073670,38713,163124248,460,1589713,86232006
a7bf5d4c85dc,7d586d4247e0,14,1685282080772,38713,85304994,460,1589713,86232006
a7bf5d4c85dc,7d586d4247e0,16,1685282087387,38713,163124250,460,1589713,86232006
a7bf5d4c85dc,7d586d4247e0,15,1685282087390,38713,116554201,460,1589713,86232006
a7bf5d4c85dc,7d586d4247e0,16,1685282088690,38713,116554201,460,1589713,86232006
a7bf5d4c85dc,7d586d4247e0,20,1685282088693,38713,163124250,460,1589713,86232006
a7bf5d4c85dc,7d586d4247e0,15,1685282088693,38713,85954713,460,1589713,86232006
a7bf5d4c85dc,7d586d4247e0,20,1685282090775,38713,116554201,460,1589713,86232006
a7bf5d4c85dc,7d586d4247e0,14,1685282090967,38713,116615640,460,1589713,86232006
a7bf5d4c85dc,7d586d4247e0,14,1685282092582,38713,163124250,460,1589713,86232006
a7bf5d4c85dc,7d586d4247e0,20,1685282095648,38713,163124250,460,1589713,86232006
a7bf5d4c85dc,7d586d4247e0,2,1685282158217,38713,85327514,460,1589713,86232006
a7bf5d4c85dc,7d586d4247e0,18,1685282158222,38713,85327514,460,1589713,86232006
a7bf5d4c85dc,7d586d4247e0,36,1685282158312,38713,85327514,460,1589713,86232006
a7bf5d4c85dc,7d586d4247e0,14,1685282161422,38713,162288154,460,1589713,86232006
a7bf5d4c85dc,7d586d4247e0,14,1685282167982,38713,85327768,460,1589713,86232006
a7bf5d4c85dc,7d586d4247e0,14,1685282170902,38713,162288154,460,1589713,86232006
a7bf5d4c85dc,7d586d4247e0,14,1685282172376,38713,116634588,460,1589713,86232006
a7bf5d4c85dc,7d586d4247e0,16,1685282173272,38713,116634588,460,1589713,86232006
a7bf5d4c85dc,7d586d4247e0,15,1685282173275,38713,116593113,460,1589713,86232006
a7bf5d4c85dc,7d586d4247e0,20,1685282175344,38713,116634588,460,1589713,86232006
a7bf5d4c85dc,7d586d4247e0,20,1685282180556,38713,116593113,460,1589713,86232006
a7bf5d4c85dc,7d586d4247e0,2,1685282385172,38713,162346781,460,1589713,86232006
a7bf5d4c85dc,7d586d4247e0,18,1685282385175,38713,162346781,460,1589713,86232006
a7bf5d4c85dc,7d586d4247e0,36,1685282385288,38713,162346781,460,1589713,86232006
a7bf5d4c85dc,7d586d4247e0,16,1685282386062,38713,162346781,460,1589713,86232006
a7bf5d4c85dc,7d586d4247e0,15,1685282386066,38713,85303452,460,1589713,86232006
a7bf5d4c85dc,7d586d4247e0,20,1685282388156,38713,162346781,460,1589713,86232006
a7bf5d4c85dc,7d586d4247e0,16,1685282388321,38713,85303452,460,1589713,86232006
a7bf5d4c85dc,7d586d4247e0,15,1685282388324,38713,251634777,460,1589713,86232006
a7bf5d4c85dc,7d586d4247e0,20,1685282390438,38713,85303452,460,1589713,86232006
a7bf5d4c85dc,7d586d4247e0,16,1685282390669,38713,251634777,460,1589713,86232006
a7bf5d4c85dc,7d586d4247e0,15,1685282390673,38713,85303452,460,1589713,86232006
a7bf5d4c85dc,7d586d4247e0,16,1685282391785,38713,85303452,460,1589713,86232006
a7bf5d4c85dc,7d586d4247e0,15,1685282391789,38713,251634776,460,1589713,86232006
a7bf5d4c85dc,7d586d4247e0,20,1685282393894,38713,85303452,460,1589713,86232006
a7bf5d4c85dc,7d586d4247e0,16,1685282394999,38713,251634776,460,1589713,86232006
a7bf5d4c85dc,7d586d4247e0,15,1685282395003,38713,116534490,460,1589713,86232006
a7bf5d4c85dc,7d586d4247e0,14,1685282396412,38713,85955994,460,1589713,86232006
a7bf5d4c85dc,7d586d4247e0,20,1685282396415,38713,251634776,460,1589713,86232006
a7bf5d4c85dc,7d586d4247e0,16,1685282398576,38713,85955994,460,1589713,86232006
a7bf5d4c85dc,7d586d4247e0,20,1685282400663,38713,85955994,460,1589713,86232006
a7bf5d4c85dc,7d586d4247e0,16,1685282401106,38713,85303452,460,1589713,86232006
a7bf5d4c85dc,7d586d4247e0,15,1685282401109,38713,251634776,460,1589713,86232006
a7bf5d4c85dc,7d586d4247e0,16,1685282402625,38713,251634776,460,1589713,86232006
a7bf5d4c85dc,7d586d4247e0,15,1685282402631,38713,85955994,460,1589713,86232006
a7bf5d4c85dc,7d586d4247e0,20,1685282404727,38713,251634776,460,1589713,86232006
a7bf5d4c85dc,7d586d4247e0,14,1685282408583,38713,162290456,460,1589713,86232006
a7bf5d4c85dc,7d586d4247e0,5,1685282417382,38713,162290456,460,1589713,86232006
a7bf5d4c85dc,7d586d4247e0,20,1685282417388,38713,162290456,460,1589713,86232006
a7bf5d4c85dc,7d586d4247e0,20,1685282417420,38713,162290456,460,1589713,86232006
a7bf5d4c85dc,7d586d4247e0,4,1685282445729,38713,162290456,460,1589713,86232006
a7bf5d4c85dc,7d586d4247e0,2,1685282446062,38713,162290456,460,1589713,86232006
a7bf5d4c85dc,7d586d4247e0,18,1685282446066,38713,162290456,460,1589713,86232006
a7bf5d4c85dc,7d586d4247e0,36,1685282446227,38713,162290456,460,1589713,86232006
a7bf5d4c85dc,7d586d4247e0,14,1685282457262,38713,162287897,460,1589713,86232006
a7bf5d4c85dc,7d586d4247e0,20,1685282460328,38713,162287897,460,1589713,86232006
a7bf5d4c85dc,7d586d4247e0,4,1685282479363,38713,162290456,460,1589713,86232006
a7bf5d4c85dc,7d586d4247e0,2,1685282481902,38713,162290456,460,1589713,86232006
a7bf5d4c85dc,7d586d4247e0,36,1685282482108,38713,162290456,460,1589713,86232006
a7bf5d4c85dc,7d586d4247e0,14,1685282491882,38713,162290456,460,1589713,86232006
a7bf5d4c85dc,7d586d4247e0,2,1685282509102,38713,162290456,460,1589713,86232006
a7bf5d4c85dc,7d586d4247e0,18,1685282509106,38713,162290456,460,1589713,86232006
a7bf5d4c85dc,7d586d4247e0,36,1685282509178,38713,162290456,460,1589713,86232006
a7bf5d4c85dc,7d586d4247e0,14,1685282511903,38713,162287897,460,1589713,86232006
a7bf5d4c85dc,7d586d4247e0,14,1685282532182,38713,162290456,460,1589713,86232006
a7bf5d4c85dc,7d586d4247e0,14,1685282548114,38713,85955994,460,1589713,86232006
a7bf5d4c85dc,7d586d4247e0,14,1685282553702,38713,162290456,460,1589713,86232006
a7bf5d4c85dc,7d586d4247e0,14,1685282556606,38713,85955994,460,1589713,86232006
a7bf5d4c85dc,7d586d4247e0,14,1685282562242,38713,162290456,460,1589713,86232006
a7bf5d4c85dc,7d586d4247e0,14,1685282584563,38713,162287897,460,1589713,86232006
a7bf5d4c85dc,7d586d4247e0,14,1685282599607,38713,85961370,460,1589713,86232006
a7bf5d4c85dc,7d586d4247e0,16,1685282600650,38713,85961370,460,1589713,86232006
a7bf5d4c85dc,7d586d4247e0,15,1685282600655,38713,116639193,460,1589713,86232006
a7bf5d4c85dc,7d586d4247e0,16,1685282602049,38713,116639193,460,1589713,86232006
a7bf5d4c85dc,7d586d4247e0,15,1685282602053,38713,85961369,460,1589713,86232006
a7bf5d4c85dc,7d586d4247e0,20,1685282602054,38713,85961370,460,1589713,86232006
a7bf5d4c85dc,7d586d4247e0,20,1685282604142,38713,116639193,460,1589713,86232006
a7bf5d4c85dc,7d586d4247e0,20,1685282605343,38713,85961369,460,1589713,86232006
a7bf5d4c85dc,7d586d4247e0,4,1685282615064,38713,162287897,460,1589713,86232006
a7bf5d4c85dc,7d586d4247e0,18,1685282615655,38713,162287897,460,1589713,86232006
a7bf5d4c85dc,7d586d4247e0,36,1685282616219,38713,162287897,460,1589713,86232006
a7bf5d4c85dc,7d586d4247e0,16,1685282625306,38713,162290456,460,1589713,86232006
a7bf5d4c85dc,7d586d4247e0,20,1685282627412,38713,162290456,460,1589713,86232006
a7bf5d4c85dc,7d586d4247e0,15,1685282628481,38713,85961369,460,1589713,86232006
a7bf5d4c85dc,7d586d4247e0,20,1685282630557,38713,85303452,460,1589713,86232006
a7bf5d4c85dc,7d586d4247e0,20,1685282635754,38713,85961369,460,1589713,86232006
a7bf5d4c85dc,7d586d4247e0,4,1685282636539,38713,85961369,460,1589713,86232006
a7bf5d4c85dc,7d586d4247e0,2,1685282636738,38713,85961369,460,1589713,86232006
a7bf5d4c85dc,7d586d4247e0,18,1685282636742,38713,85961369,460,1589713,86232006
a7bf5d4c85dc,7d586d4247e0,36,1685282636807,38713,85961369,460,1589713,86232006
a7bf5d4c85dc,7d586d4247e0,14,1685282640223,38713,162290456,460,1589713,86232006
a7bf5d4c85dc,7d586d4247e0,14,1685282641218,38713,85961370,460,1589713,86232006
a7bf5d4c85dc,7d586d4247e0,20,1685282649274,38713,85961370,460,1589713,86232006
a7bf5d4c85dc,7d586d4247e0,2,1685282656608,38713,162287897,460,1589713,86232006
a7bf5d4c85dc,7d586d4247e0,18,1685282656612,38713,162287897,460,1589713,86232006
a7bf5d4c85dc,7d586d4247e0,36,1685282656695,38713,162287897,460,1589713,86232006
a7bf5d4c85dc,7d586d4247e0,14,1685282657717,38713,85961370,460,1589713,86232006
a7bf5d4c85dc,7d586d4247e0,14,1685282663322,38713,162290456,460,1589713,86232006
a7bf5d4c85dc,7d586d4247e0,14,1685282664214,38713,85961369,460,1589713,86232006
a7bf5d4c85dc,7d586d4247e0,20,1685282711795,38713,85961369,460,1589713,86232006
a7bf5d4c85dc,7d586d4247e0,4,1685282714851,38713,162287897,460,1589713,86232006
a7bf5d4c85dc,7d586d4247e0,2,1685282717427,38713,162287897,460,1589713,86232006
a7bf5d4c85dc,7d586d4247e0,18,1685282717430,38713,162287897,460,1589713,86232006
a7bf5d4c85dc,7d586d4247e0,36,1685282717524,38713,162287897,460,1589713,86232006
a7bf5d4c85dc,7d586d4247e0,2,1685282737492,38713,162287897,460,1589713,86232006
a7bf5d4c85dc,7d586d4247e0,18,1685282737494,38713,162287897,460,1589713,86232006
a7bf5d4c85dc,7d586d4247e0,36,1685282737658,38713,162287897,460,1589713,86232006
a7bf5d4c85dc,7d586d4247e0,14,1685282739642,38713,162290456,460,1589713,86232006
a7bf5d4c85dc,7d586d4247e0,14,1685282742888,38713,85961370,460,1589713,86232006
a7bf5d4c85dc,7d586d4247e0,20,1685282768755,38713,85961370,460,1589713,86232006
a7bf5d4c85dc,7d586d4247e0,4,1685282804926,38713,162287897,460,1589713,86232006
a7bf5d4c85dc,7d586d4247e0,2,1685282807662,38713,162287897,460,1589713,86232006
a7bf5d4c85dc,7d586d4247e0,18,1685282807666,38713,162287897,460,1589713,86232006
a7bf5d4c85dc,7d586d4247e0,36,1685282807938,38713,162287897,460,1589713,86232006
a7bf5d4c85dc,7d586d4247e0,14,1685282819162,38713,162290456,460,1589713,86232006
a7bf5d4c85dc,7d586d4247e0,14,1685282819582,38713,162287897,460,1589713,86232006
a7bf5d4c85dc,7d586d4247e0,14,1685282823123,38713,85961369,460,1589713,86232006
a7bf5d4c85dc,7d586d4247e0,20,1685282826186,38713,85961369,460,1589713,86232006
a7bf5d4c85dc,7d586d4247e0,2,1685282985143,38713,162287897,460,1589713,86232006
a7bf5d4c85dc,7d586d4247e0,18,1685282985147,38713,162287897,460,1589713,86232006
a7bf5d4c85dc,7d586d4247e0,36,1685282985279,38713,162287897,460,1589713,86232006
a7bf5d4c85dc,7d586d4247e0,14,1685282986168,38713,85961370,460,1589713,86232006
a7bf5d4c85dc,7d586d4247e0,14,1685282992423,38713,162290456,460,1589713,86232006
a7bf5d4c85dc,7d586d4247e0,14,1685282993464,38713,85961369,460,1589713,86232006
a7bf5d4c85dc,7d586d4247e0,2,1685283011827,38713,162287897,460,1589713,86232006
a7bf5d4c85dc,7d586d4247e0,18,1685283011831,38713,162287897,460,1589713,86232006
a7bf5d4c85dc,7d586d4247e0,36,1685283011909,38713,162287897,460,1589713,86232006
a7bf5d4c85dc,7d586d4247e0,14,1685283012828,38713,85961370,460,1589713,86232006
a7bf5d4c85dc,7d586d4247e0,14,1685283359175,38713,85955994,460,1589713,86232006
a7bf5d4c85dc,7d586d4247e0,14,1685283359987,38713,85961370,460,1589713,86232006
a7bf5d4c85dc,7d586d4247e0,14,1685283389416,38713,85955994,460,1589713,86232006
a7bf5d4c85dc,7d586d4247e0,14,1685283396677,38713,85961370,460,1589713,86232006
a7bf5d4c85dc,7d586d4247e0,14,1685283471594,38713,85955994,460,1589713,86232006
a7bf5d4c85dc,7d586d4247e0,14,1685283472643,38713,85961369,460,1589713,86232006
a7bf5d4c85dc,7d586d4247e0,14,1685283476236,38713,85955994,460,1589713,86232006
a7bf5d4c85dc,7d586d4247e0,14,1685283482363,38713,162287897,460,1589713,86232006
a7bf5d4c85dc,7d586d4247e0,14,1685284037815,38713,85955994,460,1589713,86232006
a7bf5d4c85dc,7d586d4247e0,14,1685284043216,38713,85961370,460,1589713,86232006
a7bf5d4c85dc,7d586d4247e0,14,1685284634602,38713,162290456,460,1589713,86232006
a7bf5d4c85dc,7d586d4247e0,14,1685284635022,38713,162287897,460,1589713,86232006
a7bf5d4c85dc,7d586d4247e0,14,1685284646604,38713,85955994,460,1589713,86232006
a7bf5d4c85dc,7d586d4247e0,14,1685284647374,38713,85961369,460,1589713,86232006
a7bf5d4c85dc,7d586d4247e0,20,1685284671798,38713,85961369,460,1589713,86232006
a7bf5d4c85dc,7d586d4247e0,4,1685284672133,38713,85961369,460,1589713,86232006
a7bf5d4c85dc,7d586d4247e0,2,1685284673213,38713,85961369,460,1589713,86232006
a7bf5d4c85dc,7d586d4247e0,18,1685284673216,38713,85961369,460,1589713,86232006
a7bf5d4c85dc,7d586d4247e0,36,1685284673283,38713,85961369,460,1589713,86232006
a7bf5d4c85dc,7d586d4247e0,20,1685284689889,38713,85961369,460,1589713,86232006
a7bf5d4c85dc,7d586d4247e0,4,1685284695404,38713,162290456,460,1589713,86232006
a7bf5d4c85dc,7d586d4247e0,2,1685284697582,38713,162290456,460,1589713,86232006
a7bf5d4c85dc,7d586d4247e0,18,1685284697586,38713,162290456,460,1589713,86232006
a7bf5d4c85dc,7d586d4247e0,14,1685284698757,38713,85961369,460,1589713,86232006
a7bf5d4c85dc,7d586d4247e0,20,1685284715889,38713,85961369,460,1589713,86232006
a7bf5d4c85dc,7d586d4247e0,2,1685284784366,38713,162287897,460,1589713,86232006
a7bf5d4c85dc,7d586d4247e0,18,1685284784368,38713,162287897,460,1589713,86232006
a7bf5d4c85dc,7d586d4247e0,36,1685284784503,38713,162287897,460,1589713,86232006
a7bf5d4c85dc,7d586d4247e0,14,1685284785475,38713,85961370,460,1589713,86232006
a7bf5d4c85dc,7d586d4247e0,2,1685285074578,38713,162287897,460,1589713,86232006
a7bf5d4c85dc,7d586d4247e0,18,1685285074580,38713,162287897,460,1589713,86232006
a7bf5d4c85dc,7d586d4247e0,36,1685285074674,38713,162287897,460,1589713,86232006
a7bf5d4c85dc,7d586d4247e0,14,1685285075527,38713,85961370,460,1589713,86232006
a7bf5d4c85dc,7d586d4247e0,20,1685285102854,38713,85961370,460,1589713,86232006
a7bf5d4c85dc,7d586d4247e0,2,1685285119183,38713,162287897,460,1589713,86232006
a7bf5d4c85dc,7d586d4247e0,18,1685285119187,38713,162287897,460,1589713,86232006
a7bf5d4c85dc,7d586d4247e0,36,1685285119538,38713,162287897,460,1589713,86232006
a7bf5d4c85dc,7d586d4247e0,14,1685285120408,38713,85961370,460,1589713,86232006
a7bf5d4c85dc,7d586d4247e0,20,1685285130764,38713,85961370,460,1589713,86232006
a7bf5d4c85dc,7d586d4247e0,2,1685285384168,38713,85961370,460,1589713,86232006
a7bf5d4c85dc,7d586d4247e0,18,1685285384170,38713,85961370,460,1589713,86232006
a7bf5d4c85dc,7d586d4247e0,36,1685285384229,38713,85961370,460,1589713,86232006
a7bf5d4c85dc,7d586d4247e0,20,1685285398757,38713,85961370,460,1589713,86232006
a7bf5d4c85dc,7d586d4247e0,2,1685285534067,38713,162287897,460,1589713,86232006
a7bf5d4c85dc,7d586d4247e0,36,1685285534172,38713,162287897,460,1589713,86232006
a7bf5d4c85dc,7d586d4247e0,20,1685285549003,38713,162287897,460,1589713,86232006
a7bf5d4c85dc,7d586d4247e0,4,1685285594783,38713,162287897,460,1589713,86232006
a7bf5d4c85dc,7d586d4247e0,2,1685285595503,38713,162287897,460,1589713,86232006
a7bf5d4c85dc,7d586d4247e0,18,1685285595507,38713,162287897,460,1589713,86232006
a7bf5d4c85dc,7d586d4247e0,36,1685285595670,38713,162287897,460,1589713,86232006
a7bf5d4c85dc,7d586d4247e0,14,1685285596627,38713,85961370,460,1589713,86232006
a7bf5d4c85dc,7d586d4247e0,20,1685285606850,38713,85961370,460,1589713,86232006
a7bf5d4c85dc,7d586d4247e0,2,1685285652426,38713,85961370,460,1589713,86232006
a7bf5d4c85dc,7d586d4247e0,18,1685285652429,38713,85961370,460,1589713,86232006
a7bf5d4c85dc,7d586d4247e0,36,1685285652510,38713,85961370,460,1589713,86232006
a7bf5d4c85dc,7d586d4247e0,20,1685285664851,38713,85961370,460,1589713,86232006
a7bf5d4c85dc,7d586d4247e0,2,1685285685212,38713,162287897,460,1589713,86232006
a7bf5d4c85dc,7d586d4247e0,18,1685285685215,38713,162287897,460,1589713,86232006
a7bf5d4c85dc,7d586d4247e0,36,1685285685305,38713,162287897,460,1589713,86232006
a7bf5d4c85dc,7d586d4247e0,14,1685285686207,38713,85961370,460,1589713,86232006
a7bf5d4c85dc,7d586d4247e0,20,1685285698761,38713,85961370,460,1589713,86232006
a7bf5d4c85dc,7d586d4247e0,4,1685285746588,38713,162287897,460,1589713,86232006
a7bf5d4c85dc,7d586d4247e0,2,1685285749102,38713,162287897,460,1589713,86232006
a7bf5d4c85dc,7d586d4247e0,18,1685285749106,38713,162287897,460,1589713,86232006
a7bf5d4c85dc,7d586d4247e0,36,1685285749239,38713,162287897,460,1589713,86232006
a7bf5d4c85dc,7d586d4247e0,16,1685285758393,38713,162287897,460,1589713,86232006
a7bf5d4c85dc,7d586d4247e0,15,1685285758397,38713,116639193,460,1589713,86232006
a7bf5d4c85dc,7d586d4247e0,20,1685285760466,38713,162287897,460,1589713,86232006
a7bf5d4c85dc,7d586d4247e0,20,1685285761666,38713,116639193,460,1589713,86232006
a7bf5d4c85dc,7d586d4247e0,18,1685285983876,38713,116639193,460,1589713,86232006
a7bf5d4c85dc,7d586d4247e0,36,1685285983941,38713,116639193,460,1589713,86232006
a7bf5d4c85dc,7d586d4247e0,2,1685286017693,38713,116639193,460,1589713,86232006
a7bf5d4c85dc,7d586d4247e0,18,1685286017695,38713,116639193,460,1589713,86232006
a7bf5d4c85dc,7d586d4247e0,36,1685286017761,38713,116639193,460,1589713,86232006
a7bf5d4c85dc,7d586d4247e0,16,1685286020564,38713,116639193,460,1589713,86232006
a7bf5d4c85dc,7d586d4247e0,15,1685286020569,38713,85961370,460,1589713,86232006
a7bf5d4c85dc,7d586d4247e0,36,1685286020878,38713,85961370,460,1589713,86232006
a7bf5d4c85dc,7d586d4247e0,6,1685286039554,38713,85961370,460,1589713,86232006
