a9b35b95a49b,b911719af76d,4,1685204109008,38841,116714714,460,1870978,35869209
a9b35b95a49b,b911719af76d,2,1685204109951,38841,116714714,460,1870978,35869209
a9b35b95a49b,b911719af76d,4,1685204798437,38841,116714714,460,1870978,35869209
a9b35b95a49b,b911719af76d,2,1685204798596,38841,116714714,460,1870978,35869209
a9b35b95a49b,b911719af76d,36,1685204798641,38841,116714714,460,1870978,35869209
a9b35b95a49b,b911719af76d,39,1685204798666,38841,116714714,460,1870978,35869209
a9b35b95a49b,b911719af76d,20,1685204818515,38841,116714714,460,1870978,35869209
a9b35b95a49b,b911719af76d,2,1685205264578,38841,116714714,460,1870978,35869209
a9b35b95a49b,b911719af76d,18,1685205264582,38841,116714714,460,1870978,35869209
a9b35b95a49b,b911719af76d,4,1685205931100,38841,116714714,460,1870978,35869209
a9b35b95a49b,b911719af76d,2,1685205931396,38841,116714714,460,1870978,35869209
a9b35b95a49b,b911719af76d,36,1685205931448,38841,116714714,460,1870978,35869209
a9b35b95a49b,b911719af76d,20,1685205953297,38841,116714714,460,1870978,35869209
a9b35b95a49b,b911719af76d,4,1685207372101,38841,116714714,460,1870978,35869209
a9b35b95a49b,b911719af76d,39,1685207372761,38841,116714714,460,1870978,35869209
a9b35b95a49b,b911719af76d,4,1685207403921,38841,116714714,460,1870978,35869209
a9b35b95a49b,b911719af76d,2,1685207404676,38841,116714714,460,1870978,35869209
a9b35b95a49b,b911719af76d,18,1685207404680,38841,116714714,460,1870978,35869209
a9b35b95a49b,b911719af76d,36,1685207404721,38841,116714714,460,1870978,35869209
a9b35b95a49b,b911719af76d,39,1685207404746,38841,116714714,460,1870978,35869209
a9b35b95a49b,b911719af76d,20,1685207424576,38841,116714714,460,1870978,35869209
a9b35b95a49b,b911719af76d,18,1685208293580,38841,116714714,460,1870978,35869209
a9b35b95a49b,b911719af76d,39,1685208293646,38841,116714714,460,1870978,35869209
a9b35b95a49b,b911719af76d,2,1685208928592,38841,116714714,460,1870978,35869209
a9b35b95a49b,b911719af76d,18,1685208928596,38841,116714714,460,1870978,35869209
a9b35b95a49b,b911719af76d,36,1685208928641,38841,116714714,460,1870978,35869209
a9b35b95a49b,b911719af76d,39,1685208928666,38841,116714714,460,1870978,35869209
a9b35b95a49b,b911719af76d,20,1685208948508,38841,116714714,460,1870978,35869209
a9b35b95a49b,b911719af76d,2,1685210369155,38841,116714714,460,1870978,35869209
a9b35b95a49b,b911719af76d,18,1685210369158,38841,116714714,460,1870978,35869209
a9b35b95a49b,b911719af76d,39,1685210369233,38841,116714714,460,1870978,35869209
a9b35b95a49b,b911719af76d,20,1685210393111,38841,116714714,460,1870978,35869209
a9b35b95a49b,b911719af76d,2,1685211323575,38841,116714714,460,1870978,35869209
a9b35b95a49b,b911719af76d,36,1685211323621,38841,116714714,460,1870978,35869209
a9b35b95a49b,b911719af76d,39,1685211323645,38841,116714714,460,1870978,35869209
a9b35b95a49b,b911719af76d,20,1685211343526,38841,116714714,460,1870978,35869209
a9b35b95a49b,b911719af76d,2,1685211925660,38841,116714714,460,1870978,35869209
a9b35b95a49b,b911719af76d,18,1685211925665,38841,116714714,460,1870978,35869209
a9b35b95a49b,b911719af76d,36,1685211925716,38841,116714714,460,1870978,35869209
a9b35b95a49b,b911719af76d,39,1685211925740,38841,116714714,460,1870978,35869209
a9b35b95a49b,b911719af76d,20,1685211945550,38841,116714714,460,1870978,35869209
a9b35b95a49b,b911719af76d,2,1685212529790,38841,116714714,460,1870978,35869209
a9b35b95a49b,b911719af76d,18,1685212529793,38841,116714714,460,1870978,35869209
a9b35b95a49b,b911719af76d,36,1685212529840,38841,116714714,460,1870978,35869209
a9b35b95a49b,b911719af76d,39,1685212529865,38841,116714714,460,1870978,35869209
a9b35b95a49b,b911719af76d,20,1685212553678,38841,116714714,460,1870978,35869209
a9b35b95a49b,b911719af76d,2,1685213959795,38841,116714714,460,1870978,35869209
a9b35b95a49b,b911719af76d,18,1685213959798,38841,116714714,460,1870978,35869209
a9b35b95a49b,b911719af76d,36,1685213959845,38841,116714714,460,1870978,35869209
a9b35b95a49b,b911719af76d,20,1685213982695,38841,116714714,460,1870978,35869209
a9b35b95a49b,b911719af76d,2,1685214454580,38841,116714714,460,1870978,35869209
a9b35b95a49b,b911719af76d,18,1685214454583,38841,116714714,460,1870978,35869209
a9b35b95a49b,b911719af76d,39,1685214454672,38841,116714714,460,1870978,35869209
a9b35b95a49b,b911719af76d,2,1685214986605,38841,116714714,460,1870978,35869209
a9b35b95a49b,b911719af76d,18,1685214986610,38841,116714714,460,1870978,35869209
a9b35b95a49b,b911719af76d,36,1685214986655,38841,116714714,460,1870978,35869209
a9b35b95a49b,b911719af76d,39,1685214986685,38841,116714714,460,1870978,35869209
a9b35b95a49b,b911719af76d,20,1685215006533,38841,116714714,460,1870978,35869209
a9b35b95a49b,b911719af76d,4,1685216130826,38841,116714714,460,1870978,35869209
a9b35b95a49b,b911719af76d,2,1685216131715,38841,116714714,460,1870978,35869209
a9b35b95a49b,b911719af76d,18,1685216131718,38841,116714714,460,1870978,35869209
a9b35b95a49b,b911719af76d,36,1685216131760,38841,116714714,460,1870978,35869209
a9b35b95a49b,b911719af76d,39,1685216131807,38841,116714714,460,1870978,35869209
a9b35b95a49b,b911719af76d,20,1685216157643,38841,116714714,460,1870978,35869209
a9b35b95a49b,b911719af76d,2,1685217484604,38841,116714714,460,1870978,35869209
a9b35b95a49b,b911719af76d,18,1685217484607,38841,116714714,460,1870978,35869209
a9b35b95a49b,b911719af76d,36,1685217484655,38841,116714714,460,1870978,35869209
a9b35b95a49b,b911719af76d,20,1685217507559,38841,116714714,460,1870978,35869209
a9b35b95a49b,b911719af76d,2,1685217846914,38841,116714714,460,1870978,35869209
a9b35b95a49b,b911719af76d,39,1685217846984,38841,116714714,460,1870978,35869209
a9b35b95a49b,b911719af76d,20,1685217866807,38841,116714714,460,1870978,35869209
a9b35b95a49b,b911719af76d,18,1685218033616,38841,116714714,460,1870978,35869209
a9b35b95a49b,b911719af76d,36,1685218033655,38841,116714714,460,1870978,35869209
a9b35b95a49b,b911719af76d,39,1685218033680,38841,116714714,460,1870978,35869209
a9b35b95a49b,b911719af76d,20,1685218053549,38841,116714714,460,1870978,35869209
a9b35b95a49b,b911719af76d,4,1685219474142,38841,116714714,460,1870978,35869209
a9b35b95a49b,b911719af76d,2,1685219475074,38841,116714714,460,1870978,35869209
a9b35b95a49b,b911719af76d,36,1685219475119,38841,116714714,460,1870978,35869209
a9b35b95a49b,b911719af76d,39,1685219475149,38841,116714714,460,1870978,35869209
a9b35b95a49b,b911719af76d,20,1685219497021,38841,116714714,460,1870978,35869209
a9b35b95a49b,b911719af76d,4,1685220023831,38841,116714714,460,1870978,35869209
a9b35b95a49b,b911719af76d,18,1685220024198,38841,116714714,460,1870978,35869209
a9b35b95a49b,b911719af76d,36,1685220024239,38841,116714714,460,1870978,35869209
a9b35b95a49b,b911719af76d,39,1685220024264,38841,116714714,460,1870978,35869209
a9b35b95a49b,b911719af76d,20,1685220044156,38841,116714714,460,1870978,35869209
a9b35b95a49b,b911719af76d,18,1685220567616,38841,116714714,460,1870978,35869209
a9b35b95a49b,b911719af76d,39,1685220567689,38841,116714714,460,1870978,35869209
a9b35b95a49b,b911719af76d,20,1685220592565,38841,116714714,460,1870978,35869209
a9b35b95a49b,b911719af76d,2,1685221097584,38841,116714714,460,1870978,35869209
a9b35b95a49b,b911719af76d,18,1685221097585,38841,116714714,460,1870978,35869209
a9b35b95a49b,b911719af76d,36,1685221097629,38841,116714714,460,1870978,35869209
a9b35b95a49b,b911719af76d,39,1685221097654,38841,116714714,460,1870978,35869209
a9b35b95a49b,b911719af76d,20,1685221117545,38841,116714714,460,1870978,35869209
a9b35b95a49b,b911719af76d,2,1685222446373,38841,116714714,460,1870978,35869209
a9b35b95a49b,b911719af76d,18,1685222446376,38841,116714714,460,1870978,35869209
a9b35b95a49b,b911719af76d,39,1685222446448,38841,116714714,460,1870978,35869209
a9b35b95a49b,b911719af76d,20,1685222478328,38841,116714714,460,1870978,35869209
a9b35b95a49b,b911719af76d,4,1685223076563,38841,116714714,460,1870978,35869209
a9b35b95a49b,b911719af76d,2,1685223076993,38841,116714714,460,1870978,35869209
a9b35b95a49b,b911719af76d,18,1685223076997,38841,116714714,460,1870978,35869209
a9b35b95a49b,b911719af76d,36,1685223077043,38841,116714714,460,1870978,35869209
a9b35b95a49b,b911719af76d,39,1685223077073,38841,116714714,460,1870978,35869209
a9b35b95a49b,b911719af76d,20,1685223127892,38841,116714714,460,1870978,35869209
a9b35b95a49b,b911719af76d,4,1685223134616,38841,116714714,460,1870978,35869209
a9b35b95a49b,b911719af76d,2,1685223135873,38841,116714714,460,1870978,35869209
a9b35b95a49b,b911719af76d,18,1685223135876,38841,116714714,460,1870978,35869209
a9b35b95a49b,b911719af76d,36,1685223135918,38841,116714714,460,1870978,35869209
a9b35b95a49b,b911719af76d,39,1685223135943,38841,116714714,460,1870978,35869209
a9b35b95a49b,b911719af76d,2,1685223408723,38841,116714714,460,1870978,35869209
a9b35b95a49b,b911719af76d,18,1685223408726,38841,116714714,460,1870978,35869209
a9b35b95a49b,b911719af76d,36,1685223408791,38841,116714714,460,1870978,35869209
a9b35b95a49b,b911719af76d,39,1685223408803,38841,116714714,460,1870978,35869209
a9b35b95a49b,b911719af76d,20,1685223431676,38841,116714714,460,1870978,35869209
a9b35b95a49b,b911719af76d,2,1685223871603,38841,116714714,460,1870978,35869209
a9b35b95a49b,b911719af76d,36,1685223871648,38841,116714714,460,1870978,35869209
a9b35b95a49b,b911719af76d,39,1685223871673,38841,116714714,460,1870978,35869209
a9b35b95a49b,b911719af76d,4,1685223901794,38841,116714714,460,1870978,35869209
a9b35b95a49b,b911719af76d,2,1685223902593,38841,116714714,460,1870978,35869209
a9b35b95a49b,b911719af76d,18,1685223902596,38841,116714714,460,1870978,35869209
a9b35b95a49b,b911719af76d,36,1685223902638,38841,116714714,460,1870978,35869209
a9b35b95a49b,b911719af76d,39,1685223902668,38841,116714714,460,1870978,35869209
a9b35b95a49b,b911719af76d,20,1685223922565,38841,116714714,460,1870978,35869209
a9b35b95a49b,b911719af76d,2,1685224019723,38841,116714714,460,1870978,35869209
a9b35b95a49b,b911719af76d,18,1685224019725,38841,116714714,460,1870978,35869209
a9b35b95a49b,b911719af76d,36,1685224019773,38841,116714714,460,1870978,35869209
a9b35b95a49b,b911719af76d,39,1685224019797,38841,116714714,460,1870978,35869209
a9b35b95a49b,b911719af76d,20,1685224071666,38841,116714714,460,1870978,35869209
a9b35b95a49b,b911719af76d,2,1685224281627,38841,116714714,460,1870978,35869209
a9b35b95a49b,b911719af76d,18,1685224281629,38841,116714714,460,1870978,35869209
a9b35b95a49b,b911719af76d,36,1685224281678,38841,116714714,460,1870978,35869209
a9b35b95a49b,b911719af76d,39,1685224281707,38841,116714714,460,1870978,35869209
a9b35b95a49b,b911719af76d,18,1685224356206,38841,116714714,460,1870978,35869209
a9b35b95a49b,b911719af76d,36,1685224356266,38841,116714714,460,1870978,35869209
a9b35b95a49b,b911719af76d,2,1685225315732,38841,116714714,460,1870978,35869209
a9b35b95a49b,b911719af76d,36,1685225315777,38841,116714714,460,1870978,35869209
a9b35b95a49b,b911719af76d,20,1685225335658,38841,116714714,460,1870978,35869209
a9b35b95a49b,b911719af76d,2,1685225844752,38841,116714714,460,1870978,35869209
a9b35b95a49b,b911719af76d,36,1685225844802,38841,116714714,460,1870978,35869209
a9b35b95a49b,b911719af76d,39,1685225844827,38841,116714714,460,1870978,35869209
a9b35b95a49b,b911719af76d,2,1685226150492,38841,116714714,460,1870978,35869209
a9b35b95a49b,b911719af76d,18,1685226150496,38841,116714714,460,1870978,35869209
a9b35b95a49b,b911719af76d,36,1685226150537,38841,116714714,460,1870978,35869209
a9b35b95a49b,b911719af76d,39,1685226150562,38841,116714714,460,1870978,35869209
a9b35b95a49b,b911719af76d,20,1685226177401,38841,116714714,460,1870978,35869209
a9b35b95a49b,b911719af76d,4,1685226186391,38841,116714714,460,1870978,35869209
a9b35b95a49b,b911719af76d,18,1685226187396,38841,116714714,460,1870978,35869209
a9b35b95a49b,b911719af76d,39,1685226187457,38841,116714714,460,1870978,35869209
a9b35b95a49b,b911719af76d,20,1685226207322,38841,116714714,460,1870978,35869209
a9b35b95a49b,b911719af76d,18,1685226218616,38841,116714714,460,1870978,35869209
a9b35b95a49b,b911719af76d,36,1685226218657,38841,116714714,460,1870978,35869209
a9b35b95a49b,b911719af76d,39,1685226218682,38841,116714714,460,1870978,35869209
a9b35b95a49b,b911719af76d,20,1685226252562,38841,116714714,460,1870978,35869209
a9b35b95a49b,b911719af76d,4,1685226678542,38841,116714714,460,1870978,35869209
a9b35b95a49b,b911719af76d,18,1685226678661,38841,116714714,460,1870978,35869209
a9b35b95a49b,b911719af76d,36,1685226678717,38841,116714714,460,1870978,35869209
a9b35b95a49b,b911719af76d,39,1685227178726,38841,116714714,460,1870978,35869209
a9b35b95a49b,b911719af76d,20,1685227198566,38841,116714714,460,1870978,35869209
a9b35b95a49b,b911719af76d,2,1685227338631,38841,116714714,460,1870978,35869209
a9b35b95a49b,b911719af76d,36,1685227338677,38841,116714714,460,1870978,35869209
a9b35b95a49b,b911719af76d,39,1685227338701,38841,116714714,460,1870978,35869209
a9b35b95a49b,b911719af76d,20,1685227360578,38841,116714714,460,1870978,35869209
a9b35b95a49b,b911719af76d,2,1685227381931,38841,116714714,460,1870978,35869209
a9b35b95a49b,b911719af76d,18,1685227381934,38841,116714714,460,1870978,35869209
a9b35b95a49b,b911719af76d,36,1685227381988,38841,116714714,460,1870978,35869209
a9b35b95a49b,b911719af76d,39,1685227382001,38841,116714714,460,1870978,35869209
a9b35b95a49b,b911719af76d,2,1685227487561,38841,116714714,460,1870978,35869209
a9b35b95a49b,b911719af76d,18,1685227487566,38841,116714714,460,1870978,35869209
a9b35b95a49b,b911719af76d,36,1685227487611,38841,116714714,460,1870978,35869209
a9b35b95a49b,b911719af76d,39,1685227487636,38841,116714714,460,1870978,35869209
a9b35b95a49b,b911719af76d,20,1685227525490,38841,116714714,460,1870978,35869209
a9b35b95a49b,b911719af76d,2,1685227564671,38841,116714714,460,1870978,35869209
a9b35b95a49b,b911719af76d,18,1685227564676,38841,116714714,460,1870978,35869209
a9b35b95a49b,b911719af76d,36,1685227564716,38841,116714714,460,1870978,35869209
a9b35b95a49b,b911719af76d,20,1685227617621,38841,116714714,460,1870978,35869209
a9b35b95a49b,b911719af76d,18,1685227742333,38841,116714714,460,1870978,35869209
a9b35b95a49b,b911719af76d,36,1685227742381,38841,116714714,460,1870978,35869209
a9b35b95a49b,b911719af76d,39,1685227742406,38841,116714714,460,1870978,35869209
a9b35b95a49b,b911719af76d,20,1685227762225,38841,116714714,460,1870978,35869209
a9b35b95a49b,b911719af76d,2,1685228138611,38841,116714714,460,1870978,35869209
a9b35b95a49b,b911719af76d,36,1685228138656,38841,116714714,460,1870978,35869209
a9b35b95a49b,b911719af76d,20,1685228162501,38841,116714714,460,1870978,35869209
a9b35b95a49b,b911719af76d,2,1685228478621,38841,116714714,460,1870978,35869209
a9b35b95a49b,b911719af76d,18,1685228478623,38841,116714714,460,1870978,35869209
a9b35b95a49b,b911719af76d,20,1685228498567,38841,116714714,460,1870978,35869209
a9b35b95a49b,b911719af76d,2,1685228809080,38841,116714714,460,1870978,35869209
a9b35b95a49b,b911719af76d,18,1685228809084,38841,116714714,460,1870978,35869209
a9b35b95a49b,b911719af76d,36,1685228809125,38841,116714714,460,1870978,35869209
a9b35b95a49b,b911719af76d,20,1685228839979,38841,116714714,460,1870978,35869209
a9b35b95a49b,b911719af76d,2,1685228948350,38841,116714714,460,1870978,35869209
a9b35b95a49b,b911719af76d,18,1685228948353,38841,116714714,460,1870978,35869209
a9b35b95a49b,b911719af76d,36,1685228948400,38841,116714714,460,1870978,35869209
a9b35b95a49b,b911719af76d,39,1685228948425,38841,116714714,460,1870978,35869209
a9b35b95a49b,b911719af76d,20,1685228975246,38841,116714714,460,1870978,35869209
a9b35b95a49b,b911719af76d,2,1685229099732,38841,116714714,460,1870978,35869209
a9b35b95a49b,b911719af76d,36,1685229099812,38841,116714714,460,1870978,35869209
a9b35b95a49b,b911719af76d,39,1685229099825,38841,116714714,460,1870978,35869209
a9b35b95a49b,b911719af76d,20,1685229119678,38841,116714714,460,1870978,35869209
a9b35b95a49b,b911719af76d,39,1685230012755,38841,116714714,460,1870978,35869209
a9b35b95a49b,b911719af76d,20,1685230032571,38841,116714714,460,1870978,35869209
a9b35b95a49b,b911719af76d,36,1685230176680,38841,116714714,460,1870978,35869209
a9b35b95a49b,b911719af76d,39,1685230176705,38841,116714714,460,1870978,35869209
a9b35b95a49b,b911719af76d,2,1685230571680,38841,116714714,460,1870978,35869209
a9b35b95a49b,b911719af76d,18,1685230571682,38841,116714714,460,1870978,35869209
a9b35b95a49b,b911719af76d,36,1685230571730,38841,116714714,460,1870978,35869209
a9b35b95a49b,b911719af76d,39,1685230571755,38841,116714714,460,1870978,35869209
a9b35b95a49b,b911719af76d,18,1685230768614,38841,116714714,460,1870978,35869209
a9b35b95a49b,b911719af76d,36,1685230768660,38841,116714714,460,1870978,35869209
a9b35b95a49b,b911719af76d,20,1685230788501,38841,116714714,460,1870978,35869209
a9b35b95a49b,b911719af76d,2,1685230910670,38841,116714714,460,1870978,35869209
a9b35b95a49b,b911719af76d,18,1685230910673,38841,116714714,460,1870978,35869209
a9b35b95a49b,b911719af76d,39,1685230910750,38841,116714714,460,1870978,35869209
a9b35b95a49b,b911719af76d,20,1685230937579,38841,116714714,460,1870978,35869209
a9b35b95a49b,b911719af76d,4,1685230941220,38841,116714714,460,1870978,35869209
a9b35b95a49b,b911719af76d,2,1685230941370,38841,116714714,460,1870978,35869209
a9b35b95a49b,b911719af76d,18,1685230941375,38841,116714714,460,1870978,35869209
a9b35b95a49b,b911719af76d,36,1685230941420,38841,116714714,460,1870978,35869209
a9b35b95a49b,b911719af76d,39,1685230941450,38841,116714714,460,1870978,35869209
a9b35b95a49b,b911719af76d,20,1685230961278,38841,116714714,460,1870978,35869209
a9b35b95a49b,b911719af76d,2,1685231435049,38841,116714714,460,1870978,35869209
a9b35b95a49b,b911719af76d,36,1685231435095,38841,116714714,460,1870978,35869209
a9b35b95a49b,b911719af76d,39,1685231435135,38841,116714714,460,1870978,35869209
a9b35b95a49b,b911719af76d,20,1685231457996,38841,116714714,460,1870978,35869209
a9b35b95a49b,b911719af76d,2,1685231729305,38841,116714714,460,1870978,35869209
a9b35b95a49b,b911719af76d,18,1685231729307,38841,116714714,460,1870978,35869209
a9b35b95a49b,b911719af76d,36,1685231729355,38841,116714714,460,1870978,35869209
a9b35b95a49b,b911719af76d,20,1685231845252,38841,116714714,460,1870978,35869209
a9b35b95a49b,b911719af76d,18,1685231907918,38841,116714714,460,1870978,35869209
a9b35b95a49b,b911719af76d,39,1685231907990,38841,116714714,460,1870978,35869209
a9b35b95a49b,b911719af76d,20,1685231927847,38841,116714714,460,1870978,35869209
a9b35b95a49b,b911719af76d,2,1685232191869,38841,116714714,460,1870978,35869209
a9b35b95a49b,b911719af76d,36,1685232191920,38841,116714714,460,1870978,35869209
a9b35b95a49b,b911719af76d,39,1685232191944,38841,116714714,460,1870978,35869209
a9b35b95a49b,b911719af76d,20,1685232211829,38841,116714714,460,1870978,35869209
a9b35b95a49b,b911719af76d,4,1685232832562,38841,116714714,460,1870978,35869209
a9b35b95a49b,b911719af76d,2,1685232833150,38841,116714714,460,1870978,35869209
a9b35b95a49b,b911719af76d,18,1685232833153,38841,116714714,460,1870978,35869209
a9b35b95a49b,b911719af76d,36,1685232833200,38841,116714714,460,1870978,35869209
a9b35b95a49b,b911719af76d,39,1685232833225,38841,116714714,460,1870978,35869209
a9b35b95a49b,b911719af76d,20,1685232857073,38841,116714714,460,1870978,35869209
a9b35b95a49b,b911719af76d,18,1685233174657,38841,116714714,460,1870978,35869209
a9b35b95a49b,b911719af76d,39,1685233174729,38841,116714714,460,1870978,35869209
a9b35b95a49b,b911719af76d,20,1685233200567,38841,116714714,460,1870978,35869209
a9b35b95a49b,b911719af76d,4,1685233777839,38841,116714714,460,1870978,35869209
a9b35b95a49b,b911719af76d,18,1685233779072,38841,116714714,460,1870978,35869209
a9b35b95a49b,b911719af76d,36,1685233779114,38841,116714714,460,1870978,35869209
a9b35b95a49b,b911719af76d,39,1685233779139,38841,116714714,460,1870978,35869209
a9b35b95a49b,b911719af76d,18,1685234086653,38841,116714714,460,1870978,35869209
a9b35b95a49b,b911719af76d,36,1685234086694,38841,116714714,460,1870978,35869209
a9b35b95a49b,b911719af76d,39,1685234086719,38841,116714714,460,1870978,35869209
a9b35b95a49b,b911719af76d,20,1685234106530,38841,116714714,460,1870978,35869209
a9b35b95a49b,b911719af76d,2,1685235115539,38841,116714714,460,1870978,35869209
a9b35b95a49b,b911719af76d,18,1685235115542,38841,116714714,460,1870978,35869209
a9b35b95a49b,b911719af76d,39,1685235115619,38841,116714714,460,1870978,35869209
a9b35b95a49b,b911719af76d,2,1685235779649,38841,116714714,460,1870978,35869209
a9b35b95a49b,b911719af76d,36,1685235779694,38841,116714714,460,1870978,35869209
a9b35b95a49b,b911719af76d,20,1685235804549,38841,116714714,460,1870978,35869209
a9b35b95a49b,b911719af76d,2,1685235964029,38841,116714714,460,1870978,35869209
a9b35b95a49b,b911719af76d,39,1685235964099,38841,116714714,460,1870978,35869209
a9b35b95a49b,b911719af76d,20,1685235983916,38841,116714714,460,1870978,35869209
a9b35b95a49b,b911719af76d,2,1685236172699,38841,116714714,460,1870978,35869209
a9b35b95a49b,b911719af76d,36,1685236172749,38841,116714714,460,1870978,35869209
a9b35b95a49b,b911719af76d,2,1685236196039,38841,116714714,460,1870978,35869209
a9b35b95a49b,b911719af76d,36,1685236196089,38841,116714714,460,1870978,35869209
a9b35b95a49b,b911719af76d,2,1685237115619,38841,116714714,460,1870978,35869209
a9b35b95a49b,b911719af76d,36,1685237115664,38841,116714714,460,1870978,35869209
a9b35b95a49b,b911719af76d,20,1685237138513,38841,116714714,460,1870978,35869209
a9b35b95a49b,b911719af76d,2,1685237146749,38841,116714714,460,1870978,35869209
a9b35b95a49b,b911719af76d,36,1685237146809,38841,116714714,460,1870978,35869209
a9b35b95a49b,b911719af76d,39,1685237146819,38841,116714714,460,1870978,35869209
a9b35b95a49b,b911719af76d,20,1685237166644,38841,116714714,460,1870978,35869209
a9b35b95a49b,b911719af76d,2,1685238216844,38841,116714714,460,1870978,35869209
a9b35b95a49b,b911719af76d,18,1685238216848,38841,116714714,460,1870978,35869209
a9b35b95a49b,b911719af76d,36,1685238216894,38841,116714714,460,1870978,35869209
a9b35b95a49b,b911719af76d,20,1685238240752,38841,116714714,460,1870978,35869209
a9b35b95a49b,b911719af76d,18,1685238248831,38841,116714714,460,1870978,35869209
a9b35b95a49b,b911719af76d,36,1685238248874,38841,116714714,460,1870978,35869209
a9b35b95a49b,b911719af76d,39,1685238248899,38841,116714714,460,1870978,35869209
a9b35b95a49b,b911719af76d,39,1685239170798,38841,116714714,460,1870978,35869209
a9b35b95a49b,b911719af76d,2,1685240145609,38841,116714714,460,1870978,35869209
a9b35b95a49b,b911719af76d,18,1685240145613,38841,116714714,460,1870978,35869209
a9b35b95a49b,b911719af76d,36,1685240145654,38841,116714714,460,1870978,35869209
a9b35b95a49b,b911719af76d,39,1685240145679,38841,116714714,460,1870978,35869209
a9b35b95a49b,b911719af76d,18,1685240717946,38841,116714714,460,1870978,35869209
a9b35b95a49b,b911719af76d,39,1685240720003,38841,161598262,460,1870978,35869209
a9b35b95a49b,b911719af76d,2,1685241636513,38841,116714714,460,1870978,35869209
a9b35b95a49b,b911719af76d,18,1685241636517,38841,116714714,460,1870978,35869209
a9b35b95a49b,b911719af76d,36,1685241636563,38841,116714714,460,1870978,35869209
a9b35b95a49b,b911719af76d,39,1685241636593,38841,116714714,460,1870978,35869209
a9b35b95a49b,b911719af76d,14,1685241637632,38841,161598262,460,1870978,35869209
a9b35b95a49b,b911719af76d,39,1685241637646,38841,161598262,460,1870978,35869209
a9b35b95a49b,b911719af76d,39,1685241640725,38841,116714714,460,1870978,35869209
a9b35b95a49b,b911719af76d,2,1685242168638,38841,116714714,460,1870978,35869209
a9b35b95a49b,b911719af76d,18,1685242168640,38841,116714714,460,1870978,35869209
a9b35b95a49b,b911719af76d,39,1685242168718,38841,116714714,460,1870978,35869209
a9b35b95a49b,b911719af76d,2,1685242757218,38841,161979160,460,1870978,35869209
a9b35b95a49b,b911719af76d,20,1685242767141,38841,161979160,460,1870978,35869209
a9b35b95a49b,b911719af76d,18,1685243263637,38841,161979160,460,1870978,35869209
a9b35b95a49b,b911719af76d,36,1685243263683,38841,161979160,460,1870978,35869209
a9b35b95a49b,b911719af76d,18,1685243783551,38841,161979160,460,1870978,35869209
a9b35b95a49b,b911719af76d,36,1685243783674,38841,161979160,460,1870978,35869209
a9b35b95a49b,b911719af76d,39,1685243783718,38841,161979160,460,1870978,35869209
a9b35b95a49b,b911719af76d,4,1685243871813,38841,161979160,460,1870978,35869209
a9b35b95a49b,b911719af76d,2,1685243873158,38841,161979160,460,1870978,35869209
a9b35b95a49b,b911719af76d,36,1685243873204,38841,161979160,460,1870978,35869209
a9b35b95a49b,b911719af76d,39,1685243873228,38841,161979160,460,1870978,35869209
a9b35b95a49b,b911719af76d,20,1685243885050,38841,161979160,460,1870978,35869209
a9b35b95a49b,b911719af76d,39,1685243974893,38841,161979160,460,1870978,35869209
a9b35b95a49b,b911719af76d,2,1685244000933,38841,161979160,460,1870978,35869209
a9b35b95a49b,b911719af76d,18,1685244000937,38841,161979160,460,1870978,35869209
a9b35b95a49b,b911719af76d,39,1685244001003,38841,161979160,460,1870978,35869209
a9b35b95a49b,b911719af76d,20,1685244010880,38841,161979160,460,1870978,35869209
a9b35b95a49b,b911719af76d,2,1685245639198,38841,85064098,460,1870978,35869209
a9b35b95a49b,b911719af76d,18,1685245639202,38841,85064098,460,1870978,35869209
a9b35b95a49b,b911719af76d,20,1685245652101,38841,85064098,460,1870978,35869209
a9b35b95a49b,b911719af76d,4,1685245963215,38841,116714714,460,1870978,35869209
a9b35b95a49b,b911719af76d,2,1685245965922,38841,116714714,460,1870978,35869209
a9b35b95a49b,b911719af76d,18,1685245965926,38841,116714714,460,1870978,35869209
a9b35b95a49b,b911719af76d,39,1685245965997,38841,116714714,460,1870978,35869209
a9b35b95a49b,b911719af76d,14,1685245967621,38841,161598262,460,1870978,35869209
a9b35b95a49b,b911719af76d,39,1685245967631,38841,161598262,460,1870978,35869209
a9b35b95a49b,b911719af76d,39,1685245968797,38841,116714714,460,1870978,35869209
a9b35b95a49b,b911719af76d,14,1685245973020,38841,161598262,460,1870978,35869209
a9b35b95a49b,b911719af76d,39,1685245973034,38841,161598262,460,1870978,35869209
a9b35b95a49b,b911719af76d,14,1685245976797,38841,116714714,460,1870978,35869209
a9b35b95a49b,b911719af76d,39,1685245980788,38841,161598262,460,1870978,35869209
a9b35b95a49b,b911719af76d,2,1685246444637,38841,116714714,460,1870978,35869209
a9b35b95a49b,b911719af76d,18,1685246444640,38841,116714714,460,1870978,35869209
a9b35b95a49b,b911719af76d,39,1685246444723,38841,116714714,460,1870978,35869209
a9b35b95a49b,b911719af76d,20,1685246473534,38841,116714714,460,1870978,35869209
a9b35b95a49b,b911719af76d,2,1685247348827,38841,116714714,460,1870978,35869209
a9b35b95a49b,b911719af76d,18,1685247348829,38841,116714714,460,1870978,35869209
a9b35b95a49b,b911719af76d,36,1685247348877,38841,116714714,460,1870978,35869209
a9b35b95a49b,b911719af76d,39,1685247348901,38841,116714714,460,1870978,35869209
a9b35b95a49b,b911719af76d,20,1685247379757,38841,116714714,460,1870978,35869209
a9b35b95a49b,b911719af76d,2,1685248163641,38841,116714712,460,1870978,35869209
a9b35b95a49b,b911719af76d,36,1685248163697,38841,116714712,460,1870978,35869209
a9b35b95a49b,b911719af76d,20,1685248183545,38841,116714712,460,1870978,35869209
a9b35b95a49b,b911719af76d,20,1685248937315,38710,250749531,460,1870978,35869209
a9b35b95a49b,b911719af76d,2,1685249136606,38710,250749530,460,1870978,35869209
a9b35b95a49b,b911719af76d,5,1685249152146,38842,84999834,460,1870978,35869209
a9b35b95a49b,b911719af76d,20,1685249152229,38842,84999834,460,1870978,35869209
a9b35b95a49b,b911719af76d,20,1685249262268,38841,117402586,460,1870978,35869209
a9b35b95a49b,b911719af76d,20,1685249292219,38709,251533923,460,1870978,35869209
a9b35b95a49b,b911719af76d,20,1685249464548,38842,161574949,460,1870978,35869209
a9b35b95a49b,b911719af76d,5,1685250827706,38841,116656345,460,1870978,35869209
a9b35b95a49b,b911719af76d,20,1685250827784,38841,116656345,460,1870978,35869209
a9b35b95a49b,b911719af76d,4,1685250950416,38841,117402585,460,1870978,35869209
a9b35b95a49b,b911719af76d,2,1685250952830,38841,117402585,460,1870978,35869209
a9b35b95a49b,b911719af76d,18,1685250952835,38841,117402585,460,1870978,35869209
a9b35b95a49b,b911719af76d,36,1685250952876,38841,117402585,460,1870978,35869209
a9b35b95a49b,b911719af76d,39,1685250970726,38841,85029786,460,1870978,35869209
a9b35b95a49b,b911719af76d,14,1685250973486,38841,116656345,460,1870978,35869209
a9b35b95a49b,b911719af76d,39,1685250973494,38841,116656345,460,1870978,35869209
a9b35b95a49b,b911719af76d,14,1685250974606,38841,117402585,460,1870978,35869209
a9b35b95a49b,b911719af76d,39,1685250974614,38841,117402585,460,1870978,35869209
a9b35b95a49b,b911719af76d,14,1685250975147,38841,85029786,460,1870978,35869209
a9b35b95a49b,b911719af76d,14,1685250988797,38841,85029786,460,1870978,35869209
a9b35b95a49b,b911719af76d,39,1685250988807,38841,85029786,460,1870978,35869209
a9b35b95a49b,b911719af76d,14,1685250994350,38841,117397209,460,1870978,35869209
a9b35b95a49b,b911719af76d,39,1685250994358,38841,117397209,460,1870978,35869209
a9b35b95a49b,b911719af76d,14,1685250995767,38841,85029786,460,1870978,35869209
a9b35b95a49b,b911719af76d,39,1685250995777,38841,85029786,460,1870978,35869209
a9b35b95a49b,b911719af76d,5,1685251009426,38841,116656345,460,1870978,35869209
a9b35b95a49b,b911719af76d,20,1685251009509,38841,116656345,460,1870978,35869209
a9b35b95a49b,b911719af76d,36,1685251161646,38841,116656345,460,1870978,35869209
a9b35b95a49b,b911719af76d,39,1685251162305,38841,85029786,460,1870978,35869209
a9b35b95a49b,b911719af76d,14,1685251168505,38841,117402585,460,1870978,35869209
a9b35b95a49b,b911719af76d,14,1685251170545,38841,117402585,460,1870978,35869209
a9b35b95a49b,b911719af76d,39,1685251173308,38841,85029786,460,1870978,35869209
a9b35b95a49b,b911719af76d,14,1685251174545,38841,117402585,460,1870978,35869209
a9b35b95a49b,b911719af76d,39,1685251174554,38841,117402585,460,1870978,35869209
a9b35b95a49b,b911719af76d,39,1685251176327,38841,85029786,460,1870978,35869209
a9b35b95a49b,b911719af76d,14,1685251177735,38841,117402585,460,1870978,35869209
a9b35b95a49b,b911719af76d,39,1685251177745,38841,117402585,460,1870978,35869209
a9b35b95a49b,b911719af76d,14,1685251182916,38841,116656345,460,1870978,35869209
a9b35b95a49b,b911719af76d,14,1685251184027,38841,85029786,460,1870978,35869209
a9b35b95a49b,b911719af76d,39,1685251184039,38841,85029786,460,1870978,35869209
a9b35b95a49b,b911719af76d,14,1685251192517,38841,85029786,460,1870978,35869209
a9b35b95a49b,b911719af76d,39,1685251192528,38841,85029786,460,1870978,35869209
a9b35b95a49b,b911719af76d,39,1685251193684,38841,117402585,460,1870978,35869209
a9b35b95a49b,b911719af76d,5,1685251358826,38842,251559256,460,1870978,35869209
a9b35b95a49b,b911719af76d,5,1685251453546,38841,116656345,460,1870978,35869209
a9b35b95a49b,b911719af76d,5,1685251483066,38842,251559256,460,1870978,35869209
a9b35b95a49b,b911719af76d,20,1685251483139,38842,251559256,460,1870978,35869209
a9b35b95a49b,b911719af76d,39,1685251484031,38842,251559256,460,1870978,35869209
a9b35b95a49b,b911719af76d,14,1685251484506,38841,251472474,460,1870978,35869209
a9b35b95a49b,b911719af76d,39,1685251484514,38841,251472474,460,1870978,35869209
a9b35b95a49b,b911719af76d,14,1685251485077,38842,161574949,460,1870978,35869209
a9b35b95a49b,b911719af76d,39,1685251485088,38842,161574949,460,1870978,35869209
a9b35b95a49b,b911719af76d,14,1685251485615,38842,251559256,460,1870978,35869209
a9b35b95a49b,b911719af76d,39,1685251485625,38842,251559256,460,1870978,35869209
a9b35b95a49b,b911719af76d,39,1685251487089,38842,161574949,460,1870978,35869209
a9b35b95a49b,b911719af76d,14,1685251490386,38841,117402585,460,1870978,35869209
a9b35b95a49b,b911719af76d,39,1685251490396,38841,117402585,460,1870978,35869209
a9b35b95a49b,b911719af76d,5,1685251490410,38841,117402585,460,1870978,35869209
a9b35b95a49b,b911719af76d,5,1685251500418,38842,161574949,460,1870978,35869209
a9b35b95a49b,b911719af76d,14,1685251517859,38842,161574949,460,1870978,35869209
a9b35b95a49b,b911719af76d,39,1685251517870,38842,161574949,460,1870978,35869209
a9b35b95a49b,b911719af76d,14,1685251531106,38842,251559256,460,1870978,35869209
a9b35b95a49b,b911719af76d,39,1685251531114,38842,251559256,460,1870978,35869209
a9b35b95a49b,b911719af76d,39,1685251544509,38842,161574949,460,1870978,35869209
a9b35b95a49b,b911719af76d,14,1685251549516,38842,251559256,460,1870978,35869209
a9b35b95a49b,b911719af76d,39,1685251549527,38842,251559256,460,1870978,35869209
a9b35b95a49b,b911719af76d,14,1685251556666,38842,161574949,460,1870978,35869209
a9b35b95a49b,b911719af76d,39,1685251556679,38842,161574949,460,1870978,35869209
a9b35b95a49b,b911719af76d,14,1685251576936,38841,251472474,460,1870978,35869209
a9b35b95a49b,b911719af76d,39,1685251576947,38841,251472474,460,1870978,35869209
a9b35b95a49b,b911719af76d,5,1685251577011,38841,251472474,460,1870978,35869209
a9b35b95a49b,b911719af76d,14,1685251585336,38841,251472474,460,1870978,35869209
a9b35b95a49b,b911719af76d,5,1685251585406,38841,251472474,460,1870978,35869209
a9b35b95a49b,b911719af76d,14,1685251586096,38842,251559256,460,1870978,35869209
a9b35b95a49b,b911719af76d,39,1685251586104,38842,251559256,460,1870978,35869209
a9b35b95a49b,b911719af76d,5,1685251586155,38842,251559256,460,1870978,35869209
a9b35b95a49b,b911719af76d,14,1685251600105,38841,117402585,460,1870978,35869209
a9b35b95a49b,b911719af76d,39,1685251600115,38841,117402585,460,1870978,35869209
a9b35b95a49b,b911719af76d,5,1685251600146,38841,117402585,460,1870978,35869209
a9b35b95a49b,b911719af76d,14,1685251605276,38842,161574949,460,1870978,35869209
a9b35b95a49b,b911719af76d,39,1685251605289,38842,161574949,460,1870978,35869209
a9b35b95a49b,b911719af76d,5,1685251605318,38842,161574949,460,1870978,35869209
a9b35b95a49b,b911719af76d,14,1685251666195,38842,251559256,460,1870978,35869209
a9b35b95a49b,b911719af76d,39,1685251666203,38842,251559256,460,1870978,35869209
a9b35b95a49b,b911719af76d,14,1685251671576,38842,161574949,460,1870978,35869209
a9b35b95a49b,b911719af76d,39,1685251671588,38842,161574949,460,1870978,35869209
a9b35b95a49b,b911719af76d,39,1685251685133,38842,251559256,460,1870978,35869209
a9b35b95a49b,b911719af76d,14,1685251692506,38842,161574949,460,1870978,35869209
a9b35b95a49b,b911719af76d,39,1685251692520,38842,161574949,460,1870978,35869209
a9b35b95a49b,b911719af76d,14,1685251710756,38842,251559256,460,1870978,35869209
a9b35b95a49b,b911719af76d,14,1685251717396,38842,161574949,460,1870978,35869209
a9b35b95a49b,b911719af76d,39,1685251717409,38842,161574949,460,1870978,35869209
a9b35b95a49b,b911719af76d,39,1685251724424,38842,251559256,460,1870978,35869209
a9b35b95a49b,b911719af76d,39,1685251733065,38841,117402585,460,1870978,35869209
a9b35b95a49b,b911719af76d,14,1685251736486,38842,251559256,460,1870978,35869209
a9b35b95a49b,b911719af76d,5,1685251736511,38842,251559256,460,1870978,35869209
a9b35b95a49b,b911719af76d,14,1685251742555,38841,116656345,460,1870978,35869209
a9b35b95a49b,b911719af76d,39,1685251742565,38841,116656345,460,1870978,35869209
a9b35b95a49b,b911719af76d,5,1685251742601,38841,116656345,460,1870978,35869209
a9b35b95a49b,b911719af76d,14,1685251743185,38842,251559256,460,1870978,35869209
a9b35b95a49b,b911719af76d,5,1685251743221,38842,251559256,460,1870978,35869209
a9b35b95a49b,b911719af76d,14,1685251750846,38842,251559256,460,1870978,35869209
a9b35b95a49b,b911719af76d,39,1685251750856,38842,251559256,460,1870978,35869209
a9b35b95a49b,b911719af76d,14,1685251762745,38841,116656345,460,1870978,35869209
a9b35b95a49b,b911719af76d,5,1685251762800,38841,116656345,460,1870978,35869209
a9b35b95a49b,b911719af76d,14,1685251764236,38842,161574939,460,1870978,35869209
a9b35b95a49b,b911719af76d,5,1685251764278,38842,161574939,460,1870978,35869209
a9b35b95a49b,b911719af76d,14,1685251815105,38842,250742621,460,1870978,35869209
a9b35b95a49b,b911719af76d,39,1685251815115,38842,250742621,460,1870978,35869209
a9b35b95a49b,b911719af76d,5,1685251815201,38842,250742621,460,1870978,35869209
a9b35b95a49b,b911719af76d,14,1685251815506,38841,251472474,460,1870978,35869209
a9b35b95a49b,b911719af76d,5,1685251815531,38841,251472474,460,1870978,35869209
a9b35b95a49b,b911719af76d,39,1685251817873,38842,251559256,460,1870978,35869209
a9b35b95a49b,b911719af76d,20,1685251838793,38842,251559256,460,1870978,35869209
a9b35b95a49b,b911719af76d,2,1685251873196,38842,251559256,460,1870978,35869209
a9b35b95a49b,b911719af76d,18,1685251873198,38842,251559256,460,1870978,35869209
a9b35b95a49b,b911719af76d,36,1685251873241,38842,251559256,460,1870978,35869209
a9b35b95a49b,b911719af76d,39,1685251873265,38842,251559256,460,1870978,35869209
a9b35b95a49b,b911719af76d,14,1685251877228,38842,161574949,460,1870978,35869209
a9b35b95a49b,b911719af76d,14,1685251882245,38842,251559256,460,1870978,35869209
a9b35b95a49b,b911719af76d,39,1685251882253,38842,251559256,460,1870978,35869209
a9b35b95a49b,b911719af76d,14,1685251887707,38842,161574949,460,1870978,35869209
a9b35b95a49b,b911719af76d,39,1685251887719,38842,161574949,460,1870978,35869209
a9b35b95a49b,b911719af76d,39,1685251889145,38842,251559256,460,1870978,35869209
a9b35b95a49b,b911719af76d,39,1685251891270,38842,161574949,460,1870978,35869209
a9b35b95a49b,b911719af76d,39,1685251892195,38842,251559256,460,1870978,35869209
a9b35b95a49b,b911719af76d,14,1685251901735,38841,116656345,460,1870978,35869209
a9b35b95a49b,b911719af76d,39,1685251901745,38841,116656345,460,1870978,35869209
a9b35b95a49b,b911719af76d,14,1685251906465,38841,117402585,460,1870978,35869209
a9b35b95a49b,b911719af76d,39,1685251906477,38841,117402585,460,1870978,35869209
a9b35b95a49b,b911719af76d,5,1685251910698,38842,161574939,460,1870978,35869209
a9b35b95a49b,b911719af76d,20,1685251920613,38842,161574939,460,1870978,35869209
a9b35b95a49b,b911719af76d,5,1685251923426,38841,116656345,460,1870978,35869209
a9b35b95a49b,b911719af76d,2,1685252013455,38841,116656345,460,1870978,35869209
a9b35b95a49b,b911719af76d,18,1685252013458,38841,116656345,460,1870978,35869209
a9b35b95a49b,b911719af76d,39,1685252013520,38841,116656345,460,1870978,35869209
a9b35b95a49b,b911719af76d,20,1685252046419,38841,116656345,460,1870978,35869209
a9b35b95a49b,b911719af76d,2,1685252632620,38841,116656345,460,1870978,35869209
a9b35b95a49b,b911719af76d,18,1685252632624,38841,116656345,460,1870978,35869209
a9b35b95a49b,b911719af76d,39,1685252632690,38841,116656345,460,1870978,35869209
a9b35b95a49b,b911719af76d,39,1685252650375,38841,116656345,460,1870978,35869209
a9b35b95a49b,b911719af76d,2,1685252732625,38841,116656345,460,1870978,35869209
a9b35b95a49b,b911719af76d,39,1685252732695,38841,116656345,460,1870978,35869209
a9b35b95a49b,b911719af76d,2,1685253918095,38841,116656345,460,1870978,35869209
a9b35b95a49b,b911719af76d,18,1685253918098,38841,116656345,460,1870978,35869209
a9b35b95a49b,b911719af76d,36,1685253918145,38841,116656345,460,1870978,35869209
a9b35b95a49b,b911719af76d,39,1685253918170,38841,116656345,460,1870978,35869209
a9b35b95a49b,b911719af76d,4,1685253918203,38841,116656345,460,1870978,35869209
a9b35b95a49b,b911719af76d,4,1685253970595,38841,116656345,460,1870978,35869209
a9b35b95a49b,b911719af76d,2,1685253971095,38841,116656345,460,1870978,35869209
a9b35b95a49b,b911719af76d,18,1685253971098,38841,116656345,460,1870978,35869209
a9b35b95a49b,b911719af76d,36,1685253971140,38841,116656345,460,1870978,35869209
a9b35b95a49b,b911719af76d,39,1685253971170,38841,116656345,460,1870978,35869209
a9b35b95a49b,b911719af76d,20,1685253992981,38841,116656345,460,1870978,35869209
a9b35b95a49b,b911719af76d,2,1685254078655,38841,116656345,460,1870978,35869209
a9b35b95a49b,b911719af76d,14,1685254103245,38841,117402585,460,1870978,35869209
a9b35b95a49b,b911719af76d,14,1685254105345,38841,116656345,460,1870978,35869209
a9b35b95a49b,b911719af76d,36,1685255271125,38841,116656345,460,1870978,35869209
a9b35b95a49b,b911719af76d,39,1685255271150,38841,116656345,460,1870978,35869209
a9b35b95a49b,b911719af76d,39,1685255271665,38841,117402586,460,1870978,35869209
a9b35b95a49b,b911719af76d,14,1685255272035,38841,116656345,460,1870978,35869209
a9b35b95a49b,b911719af76d,20,1685255297983,38841,116656345,460,1870978,35869209
a9b35b95a49b,b911719af76d,2,1685255764644,38841,116656345,460,1870978,35869209
a9b35b95a49b,b911719af76d,18,1685255764647,38841,116656345,460,1870978,35869209
a9b35b95a49b,b911719af76d,20,1685255906962,38842,251559256,460,1870978,35869209
a9b35b95a49b,b911719af76d,5,1685255907330,38841,251472474,460,1870978,35869209
a9b35b95a49b,b911719af76d,20,1685256289462,38842,251559259,460,1870978,35869209
a9b35b95a49b,b911719af76d,5,1685256542864,38841,116656345,460,1870978,35869209
a9b35b95a49b,b911719af76d,20,1685256542958,38841,116656345,460,1870978,35869209
a9b35b95a49b,b911719af76d,20,1685256567232,38841,116656345,460,1870978,35869209
a9b35b95a49b,b911719af76d,5,1685256569774,38842,250742618,460,1870978,35869209
a9b35b95a49b,b911719af76d,20,1685256569858,38842,250742618,460,1870978,35869209
a9b35b95a49b,b911719af76d,2,1685256801284,38842,251559259,460,1870978,35869209
a9b35b95a49b,b911719af76d,20,1685256814193,38842,251559259,460,1870978,35869209
a9b35b95a49b,b911719af76d,4,1685256831466,38842,251559259,460,1870978,35869209
a9b35b95a49b,b911719af76d,18,1685256831898,38842,251559259,460,1870978,35869209
a9b35b95a49b,b911719af76d,36,1685256831939,38842,251559259,460,1870978,35869209
a9b35b95a49b,b911719af76d,2,1685257031124,38842,251559259,460,1870978,35869209
a9b35b95a49b,b911719af76d,18,1685257031126,38842,251559259,460,1870978,35869209
a9b35b95a49b,b911719af76d,39,1685257031199,38842,251559259,460,1870978,35869209
a9b35b95a49b,b911719af76d,20,1685257047012,38842,251559259,460,1870978,35869209
a9b35b95a49b,b911719af76d,2,1685257053174,38842,251559259,460,1870978,35869209
a9b35b95a49b,b911719af76d,2,1685257074814,38842,251559259,460,1870978,35869209
a9b35b95a49b,b911719af76d,39,1685257074889,38842,251559259,460,1870978,35869209
a9b35b95a49b,b911719af76d,20,1685257093774,38842,251559259,460,1870978,35869209
a9b35b95a49b,b911719af76d,2,1685257095284,38842,251559259,460,1870978,35869209
a9b35b95a49b,b911719af76d,18,1685257095288,38842,251559259,460,1870978,35869209
a9b35b95a49b,b911719af76d,36,1685257095329,38842,251559259,460,1870978,35869209
a9b35b95a49b,b911719af76d,18,1685257110808,38842,251559259,460,1870978,35869209
a9b35b95a49b,b911719af76d,39,1685257110880,38842,251559259,460,1870978,35869209
a9b35b95a49b,b911719af76d,20,1685257123768,38842,251559259,460,1870978,35869209
a9b35b95a49b,b911719af76d,2,1685257127584,38842,251559259,460,1870978,35869209
a9b35b95a49b,b911719af76d,18,1685257127589,38842,251559259,460,1870978,35869209
a9b35b95a49b,b911719af76d,14,1685257158304,38709,251533933,460,1870978,35869209
a9b35b95a49b,b911719af76d,39,1685257158316,38709,251533933,460,1870978,35869209
a9b35b95a49b,b911719af76d,14,1685257158704,38842,251559259,460,1870978,35869209
a9b35b95a49b,b911719af76d,5,1685257158729,38842,251559259,460,1870978,35869209
a9b35b95a49b,b911719af76d,14,1685257251604,38842,251559259,460,1870978,35869209
a9b35b95a49b,b911719af76d,5,1685257251649,38842,251559259,460,1870978,35869209
a9b35b95a49b,b911719af76d,14,1685257253404,38709,251533933,460,1870978,35869209
a9b35b95a49b,b911719af76d,39,1685257253415,38709,251533933,460,1870978,35869209
a9b35b95a49b,b911719af76d,14,1685257254924,38842,251559259,460,1870978,35869209
a9b35b95a49b,b911719af76d,18,1685257267446,38842,251559259,460,1870978,35869209
a9b35b95a49b,b911719af76d,14,1685257295444,38842,161574939,460,1870978,35869209
a9b35b95a49b,b911719af76d,20,1685257305388,38842,161574939,460,1870978,35869209
a9b35b95a49b,b911719af76d,4,1685257337694,38842,251559256,460,1870978,35869209
a9b35b95a49b,b911719af76d,2,1685257340064,38842,251559256,460,1870978,35869209
a9b35b95a49b,b911719af76d,18,1685257340067,38842,251559256,460,1870978,35869209
a9b35b95a49b,b911719af76d,14,1685257346498,38841,117402585,460,1870978,35869209
a9b35b95a49b,b911719af76d,39,1685257346519,38841,117402585,460,1870978,35869209
a9b35b95a49b,b911719af76d,5,1685257349699,38842,251559256,460,1870978,35869209
a9b35b95a49b,b911719af76d,14,1685257355134,38842,250742628,460,1870978,35869209
a9b35b95a49b,b911719af76d,14,1685257362534,38842,161574939,460,1870978,35869209
a9b35b95a49b,b911719af76d,36,1685257479113,38842,161574939,460,1870978,35869209
a9b35b95a49b,b911719af76d,39,1685257479151,38842,161574939,460,1870978,35869209
a9b35b95a49b,b911719af76d,4,1685257503856,38842,85711768,460,1870978,35869209
a9b35b95a49b,b911719af76d,14,1685257505635,38841,85015449,460,1870978,35869209
a9b35b95a49b,b911719af76d,39,1685257505648,38841,85015449,460,1870978,35869209
a9b35b95a49b,b911719af76d,39,1685257508289,38842,161574939,460,1870978,35869209
a9b35b95a49b,b911719af76d,5,1685257508324,38842,161574939,460,1870978,35869209
a9b35b95a49b,b911719af76d,5,1685257520774,38841,85015449,460,1870978,35869209
a9b35b95a49b,b911719af76d,5,1685257523309,38842,251559256,460,1870978,35869209
a9b35b95a49b,b911719af76d,20,1685257523388,38842,251559256,460,1870978,35869209
a9b35b95a49b,b911719af76d,36,1685258542639,38841,116656345,460,1870978,35869209
a9b35b95a49b,b911719af76d,14,1685258543495,38841,117402585,460,1870978,35869209
a9b35b95a49b,b911719af76d,39,1685258543501,38841,117402585,460,1870978,35869209
a9b35b95a49b,b911719af76d,14,1685258544764,38841,116656345,460,1870978,35869209
a9b35b95a49b,b911719af76d,39,1685258544772,38841,116656345,460,1870978,35869209
a9b35b95a49b,b911719af76d,39,1685258549932,38841,117402585,460,1870978,35869209
a9b35b95a49b,b911719af76d,14,1685258555354,38842,161574939,460,1870978,35869209
a9b35b95a49b,b911719af76d,39,1685258555368,38842,161574939,460,1870978,35869209
a9b35b95a49b,b911719af76d,5,1685258555394,38842,161574939,460,1870978,35869209
a9b35b95a49b,b911719af76d,14,1685258564204,38841,116656345,460,1870978,35869209
a9b35b95a49b,b911719af76d,39,1685258564210,38841,116656345,460,1870978,35869209
a9b35b95a49b,b911719af76d,20,1685258584098,38841,116656345,460,1870978,35869209
a9b35b95a49b,b911719af76d,5,1685258599784,38842,251559259,460,1870978,35869209
a9b35b95a49b,b911719af76d,20,1685258599867,38842,251559259,460,1870978,35869209
a9b35b95a49b,b911719af76d,5,1685258735474,38841,117402585,460,1870978,35869209
a9b35b95a49b,b911719af76d,20,1685258735562,38841,117402585,460,1870978,35869209
a9b35b95a49b,b911719af76d,5,1685258860894,38841,117402585,460,1870978,35869209
a9b35b95a49b,b911719af76d,20,1685258860955,38841,117402585,460,1870978,35869209
a9b35b95a49b,b911719af76d,5,1685258863523,38842,161574939,460,1870978,35869209
a9b35b95a49b,b911719af76d,5,1685258872464,38841,116656345,460,1870978,35869209
a9b35b95a49b,b911719af76d,5,1685258881344,38841,116656345,460,1870978,35869209
a9b35b95a49b,b911719af76d,5,1685258883984,38842,161574939,460,1870978,35869209
a9b35b95a49b,b911719af76d,20,1685258884073,38842,161574939,460,1870978,35869209
a9b35b95a49b,b911719af76d,5,1685258886513,38841,117402585,460,1870978,35869209
a9b35b95a49b,b911719af76d,20,1685258889157,38842,161574939,460,1870978,35869209
a9b35b95a49b,b911719af76d,20,1685258891691,38841,116656345,460,1870978,35869209
a9b35b95a49b,b911719af76d,5,1685258894227,38842,161574939,460,1870978,35869209
a9b35b95a49b,b911719af76d,20,1685258894312,38842,161574939,460,1870978,35869209
a9b35b95a49b,b911719af76d,5,1685258896754,38841,116656345,460,1870978,35869209
a9b35b95a49b,b911719af76d,20,1685258896841,38841,116656345,460,1870978,35869209
a9b35b95a49b,b911719af76d,5,1685258935183,38842,161574939,460,1870978,35869209
a9b35b95a49b,b911719af76d,20,1685258935264,38842,161574939,460,1870978,35869209
a9b35b95a49b,b911719af76d,2,1685258959624,38842,251559259,460,1870978,35869209
a9b35b95a49b,b911719af76d,36,1685258959669,38842,251559259,460,1870978,35869209
a9b35b95a49b,b911719af76d,20,1685258982793,38842,161574939,460,1870978,35869209
a9b35b95a49b,b911719af76d,5,1685258985094,38841,116656345,460,1870978,35869209
a9b35b95a49b,b911719af76d,5,1685259027314,38841,116656345,460,1870978,35869209
a9b35b95a49b,b911719af76d,5,1685259031183,38842,161574939,460,1870978,35869209
a9b35b95a49b,b911719af76d,20,1685259033842,38841,116656345,460,1870978,35869209
a9b35b95a49b,b911719af76d,5,1685259036307,38842,161574939,460,1870978,35869209
a9b35b95a49b,b911719af76d,20,1685259151687,38841,85015449,460,1870978,35869209
a9b35b95a49b,b911719af76d,5,1685259152034,38842,85701528,460,1870978,35869209
a9b35b95a49b,b911719af76d,20,1685259152122,38842,85701528,460,1870978,35869209
a9b35b95a49b,b911719af76d,5,1685259157939,38841,85015449,460,1870978,35869209
a9b35b95a49b,b911719af76d,5,1685259158319,38842,85701528,460,1870978,35869209
a9b35b95a49b,b911719af76d,20,1685259158401,38842,85701528,460,1870978,35869209
a9b35b95a49b,b911719af76d,20,1685259158886,38841,85015449,460,1870978,35869209
a9b35b95a49b,b911719af76d,20,1685259159252,38842,85701528,460,1870978,35869209
a9b35b95a49b,b911719af76d,20,1685259163092,38842,251559259,460,1870978,35869209
a9b35b95a49b,b911719af76d,20,1685259204020,38841,116656345,460,1870978,35869209
a9b35b95a49b,b911719af76d,5,1685259215485,38842,161574939,460,1870978,35869209
a9b35b95a49b,b911719af76d,20,1685259215546,38842,161574939,460,1870978,35869209
a9b35b95a49b,b911719af76d,2,1685259348394,38842,161574939,460,1870978,35869209
a9b35b95a49b,b911719af76d,18,1685259348397,38842,161574939,460,1870978,35869209
a9b35b95a49b,b911719af76d,39,1685259348464,38842,161574939,460,1870978,35869209
a9b35b95a49b,b911719af76d,2,1685259367424,38842,251559256,460,1870978,35869209
a9b35b95a49b,b911719af76d,18,1685259367426,38842,251559256,460,1870978,35869209
a9b35b95a49b,b911719af76d,36,1685259367469,38842,251559256,460,1870978,35869209
a9b35b95a49b,b911719af76d,39,1685259367499,38842,251559256,460,1870978,35869209
a9b35b95a49b,b911719af76d,14,1685259369234,38709,251533923,460,1870978,35869209
a9b35b95a49b,b911719af76d,39,1685259369248,38709,251533923,460,1870978,35869209
a9b35b95a49b,b911719af76d,5,1685259369269,38709,251533923,460,1870978,35869209
a9b35b95a49b,b911719af76d,14,1685259371904,38842,251559256,460,1870978,35869209
a9b35b95a49b,b911719af76d,5,1685259371928,38842,251559256,460,1870978,35869209
a9b35b95a49b,b911719af76d,14,1685259389034,38842,251559256,460,1870978,35869209
a9b35b95a49b,b911719af76d,14,1685259393054,38709,251533923,460,1870978,35869209
a9b35b95a49b,b911719af76d,5,1685259393104,38709,251533923,460,1870978,35869209
a9b35b95a49b,b911719af76d,14,1685259400364,38842,251559256,460,1870978,35869209
a9b35b95a49b,b911719af76d,5,1685259400389,38842,251559256,460,1870978,35869209
a9b35b95a49b,b911719af76d,39,1685259404059,38842,161574949,460,1870978,35869209
a9b35b95a49b,b911719af76d,14,1685259410264,38842,251559256,460,1870978,35869209
a9b35b95a49b,b911719af76d,14,1685259420524,38709,251533923,460,1870978,35869209
a9b35b95a49b,b911719af76d,39,1685259420534,38709,251533923,460,1870978,35869209
a9b35b95a49b,b911719af76d,5,1685259420574,38709,251533923,460,1870978,35869209
a9b35b95a49b,b911719af76d,39,1685259425633,38842,251559256,460,1870978,35869209
a9b35b95a49b,b911719af76d,5,1685259432579,38709,251533923,460,1870978,35869209
a9b35b95a49b,b911719af76d,14,1685259434368,38842,161574939,460,1870978,35869209
a9b35b95a49b,b911719af76d,39,1685259434383,38842,161574939,460,1870978,35869209
a9b35b95a49b,b911719af76d,5,1685259434412,38842,161574939,460,1870978,35869209
a9b35b95a49b,b911719af76d,2,1685259448084,38842,85701528,460,1870978,35869209
a9b35b95a49b,b911719af76d,36,1685259448150,38842,85701528,460,1870978,35869209
a9b35b95a49b,b911719af76d,39,1685259448174,38842,85701528,460,1870978,35869209
a9b35b95a49b,b911719af76d,14,1685259450024,38842,251559256,460,1870978,35869209
a9b35b95a49b,b911719af76d,39,1685259450034,38842,251559256,460,1870978,35869209
a9b35b95a49b,b911719af76d,39,1685259450546,38709,251533923,460,1870978,35869209
a9b35b95a49b,b911719af76d,39,1685259451465,38842,251559256,460,1870978,35869209
a9b35b95a49b,b911719af76d,39,1685259453932,38709,251533923,460,1870978,35869209
a9b35b95a49b,b911719af76d,14,1685259461394,38842,251559256,460,1870978,35869209
a9b35b95a49b,b911719af76d,39,1685259461402,38842,251559256,460,1870978,35869209
a9b35b95a49b,b911719af76d,20,1685259471726,38709,251533923,460,1870978,35869209
a9b35b95a49b,b911719af76d,20,1685259476641,38842,251559256,460,1870978,35869209
a9b35b95a49b,b911719af76d,36,1685259484709,38842,251559256,460,1870978,35869209
a9b35b95a49b,b911719af76d,39,1685259484739,38842,251559256,460,1870978,35869209
a9b35b95a49b,b911719af76d,39,1685259496014,38842,251559259,460,1870978,35869209
a9b35b95a49b,b911719af76d,20,1685259520826,38842,251559259,460,1870978,35869209
a9b35b95a49b,b911719af76d,2,1685259525614,38842,251559259,460,1870978,35869209
a9b35b95a49b,b911719af76d,4,1685259548586,38842,251559259,460,1870978,35869209
a9b35b95a49b,b911719af76d,2,1685259549349,38842,251559259,460,1870978,35869209
a9b35b95a49b,b911719af76d,18,1685259549351,38842,251559259,460,1870978,35869209
a9b35b95a49b,b911719af76d,36,1685259549399,38842,251559259,460,1870978,35869209
a9b35b95a49b,b911719af76d,39,1685259549433,38842,251559259,460,1870978,35869209
a9b35b95a49b,b911719af76d,14,1685259549944,38841,251472484,460,1870978,35869209
a9b35b95a49b,b911719af76d,39,1685259549953,38841,251472484,460,1870978,35869209
a9b35b95a49b,b911719af76d,5,1685259549979,38841,251472484,460,1870978,35869209
a9b35b95a49b,b911719af76d,39,1685259553451,38842,251559259,460,1870978,35869209
a9b35b95a49b,b911719af76d,5,1685259553493,38842,251559259,460,1870978,35869209
a9b35b95a49b,b911719af76d,39,1685259556352,38841,251472484,460,1870978,35869209
a9b35b95a49b,b911719af76d,5,1685259556389,38841,251472484,460,1870978,35869209
a9b35b95a49b,b911719af76d,14,1685259557424,38842,251559259,460,1870978,35869209
a9b35b95a49b,b911719af76d,39,1685259557432,38842,251559259,460,1870978,35869209
a9b35b95a49b,b911719af76d,5,1685259557489,38842,251559259,460,1870978,35869209
a9b35b95a49b,b911719af76d,14,1685259562373,38841,117402585,460,1870978,35869209
a9b35b95a49b,b911719af76d,39,1685259562386,38841,117402585,460,1870978,35869209
a9b35b95a49b,b911719af76d,5,1685259562419,38841,117402585,460,1870978,35869209
a9b35b95a49b,b911719af76d,14,1685259563894,38842,251559256,460,1870978,35869209
a9b35b95a49b,b911719af76d,39,1685259563902,38842,251559256,460,1870978,35869209
a9b35b95a49b,b911719af76d,39,1685259565180,38841,117402585,460,1870978,35869209
a9b35b95a49b,b911719af76d,5,1685259565204,38841,117402585,460,1870978,35869209
a9b35b95a49b,b911719af76d,14,1685259567463,38841,116656345,460,1870978,35869209
a9b35b95a49b,b911719af76d,39,1685259567474,38841,116656345,460,1870978,35869209
a9b35b95a49b,b911719af76d,14,1685259568523,38841,117402585,460,1870978,35869209
a9b35b95a49b,b911719af76d,14,1685259574178,38842,161574939,460,1870978,35869209
a9b35b95a49b,b911719af76d,39,1685259574193,38842,161574939,460,1870978,35869209
a9b35b95a49b,b911719af76d,5,1685259574221,38842,161574939,460,1870978,35869209
a9b35b95a49b,b911719af76d,20,1685259594126,38842,161574939,460,1870978,35869209
a9b35b95a49b,b911719af76d,20,1685259650796,38841,117402585,460,1870978,35869209
a9b35b95a49b,b911719af76d,5,1685259675014,38842,250742621,460,1870978,35869209
a9b35b95a49b,b911719af76d,20,1685259675092,38842,250742621,460,1870978,35869209
a9b35b95a49b,b911719af76d,20,1685259678871,38841,116656345,460,1870978,35869209
a9b35b95a49b,b911719af76d,5,1685259714669,38842,85701528,460,1870978,35869209
a9b35b95a49b,b911719af76d,20,1685259714751,38842,85701528,460,1870978,35869209
a9b35b95a49b,b911719af76d,5,1685259809444,38842,251559259,460,1870978,35869209
a9b35b95a49b,b911719af76d,20,1685259809471,38842,251559259,460,1870978,35869209
a9b35b95a49b,b911719af76d,36,1685259860989,38842,250742628,460,1870978,35869209
a9b35b95a49b,b911719af76d,39,1685259861034,38842,250742628,460,1870978,35869209
a9b35b95a49b,b911719af76d,39,1685259879345,38842,161559328,460,1870978,35869209
a9b35b95a49b,b911719af76d,20,1685259889273,38842,161559328,460,1870978,35869209
a9b35b95a49b,b911719af76d,2,1685260025093,38842,251559256,460,1870978,35869209
a9b35b95a49b,b911719af76d,39,1685260025164,38842,251559256,460,1870978,35869209
a9b35b95a49b,b911719af76d,14,1685260035243,38842,251559256,460,1870978,35869209
a9b35b95a49b,b911719af76d,39,1685260035253,38842,251559256,460,1870978,35869209
a9b35b95a49b,b911719af76d,5,1685260035283,38842,251559256,460,1870978,35869209
a9b35b95a49b,b911719af76d,14,1685260035863,38841,116656345,460,1870978,35869209
a9b35b95a49b,b911719af76d,39,1685260035875,38841,116656345,460,1870978,35869209
a9b35b95a49b,b911719af76d,5,1685260035894,38841,116656345,460,1870978,35869209
a9b35b95a49b,b911719af76d,5,1685260041114,38842,161574939,460,1870978,35869209
a9b35b95a49b,b911719af76d,20,1685260051022,38842,161574939,460,1870978,35869209
a9b35b95a49b,b911719af76d,2,1685260212693,38841,116656345,460,1870978,35869209
a9b35b95a49b,b911719af76d,36,1685260212738,38841,116656345,460,1870978,35869209
a9b35b95a49b,b911719af76d,39,1685260212768,38841,116656345,460,1870978,35869209
a9b35b95a49b,b911719af76d,14,1685260213973,38842,251559256,460,1870978,35869209
a9b35b95a49b,b911719af76d,39,1685260213984,38842,251559256,460,1870978,35869209
a9b35b95a49b,b911719af76d,5,1685260214013,38842,251559256,460,1870978,35869209
a9b35b95a49b,b911719af76d,14,1685260214473,38841,251472474,460,1870978,35869209
a9b35b95a49b,b911719af76d,14,1685260217165,38842,161574949,460,1870978,35869209
a9b35b95a49b,b911719af76d,39,1685260217177,38842,161574949,460,1870978,35869209
a9b35b95a49b,b911719af76d,14,1685260217783,38842,251559256,460,1870978,35869209
a9b35b95a49b,b911719af76d,39,1685260217794,38842,251559256,460,1870978,35869209
a9b35b95a49b,b911719af76d,5,1685260218507,38841,116656345,460,1870978,35869209
a9b35b95a49b,b911719af76d,14,1685260222663,38841,117402585,460,1870978,35869209
a9b35b95a49b,b911719af76d,39,1685260222673,38841,117402585,460,1870978,35869209
a9b35b95a49b,b911719af76d,20,1685260572441,38841,116656345,460,1870978,35869209
a9b35b95a49b,b911719af76d,14,1685261991563,38841,117402585,460,1870978,35869209
a9b35b95a49b,b911719af76d,39,1685261991571,38841,117402585,460,1870978,35869209
a9b35b95a49b,b911719af76d,14,1685261994463,38841,116656345,460,1870978,35869209
a9b35b95a49b,b911719af76d,39,1685261994471,38841,116656345,460,1870978,35869209
a9b35b95a49b,b911719af76d,14,1685262006477,38842,161574939,460,1870978,35869209
a9b35b95a49b,b911719af76d,39,1685262006489,38842,161574939,460,1870978,35869209
a9b35b95a49b,b911719af76d,5,1685262011698,38841,116656345,460,1870978,35869209
a9b35b95a49b,b911719af76d,39,1685262023351,38841,117402585,460,1870978,35869209
a9b35b95a49b,b911719af76d,14,1685262025373,38841,116656345,460,1870978,35869209
a9b35b95a49b,b911719af76d,39,1685262025383,38841,116656345,460,1870978,35869209
a9b35b95a49b,b911719af76d,14,1685262038083,38841,117402585,460,1870978,35869209
a9b35b95a49b,b911719af76d,39,1685262038094,38841,117402585,460,1870978,35869209
a9b35b95a49b,b911719af76d,14,1685262039133,38841,116656345,460,1870978,35869209
a9b35b95a49b,b911719af76d,20,1685262059038,38841,116656345,460,1870978,35869209
a9b35b95a49b,b911719af76d,20,1685262934176,38842,161559321,460,1870978,35869209
a9b35b95a49b,b911719af76d,2,1685263028652,38841,116656345,460,1870978,35869209
a9b35b95a49b,b911719af76d,18,1685263028655,38841,116656345,460,1870978,35869209
a9b35b95a49b,b911719af76d,36,1685263028693,38841,116656345,460,1870978,35869209
a9b35b95a49b,b911719af76d,39,1685263028722,38841,116656345,460,1870978,35869209
a9b35b95a49b,b911719af76d,5,1685263270625,38842,161574939,460,1870978,35869209
a9b35b95a49b,b911719af76d,20,1685263270705,38842,161574939,460,1870978,35869209
a9b35b95a49b,b911719af76d,5,1685263273142,38841,116656345,460,1870978,35869209
a9b35b95a49b,b911719af76d,20,1685263273210,38841,116656345,460,1870978,35869209
a9b35b95a49b,b911719af76d,5,1685263276905,38842,161574939,460,1870978,35869209
a9b35b95a49b,b911719af76d,20,1685263276978,38842,161574939,460,1870978,35869209
a9b35b95a49b,b911719af76d,5,1685263351172,38841,116656345,460,1870978,35869209
a9b35b95a49b,b911719af76d,20,1685263351256,38841,116656345,460,1870978,35869209
a9b35b95a49b,b911719af76d,2,1685264088872,38841,117402585,460,1870978,35869209
a9b35b95a49b,b911719af76d,14,1685264108542,38841,116656345,460,1870978,35869209
a9b35b95a49b,b911719af76d,39,1685264108552,38841,116656345,460,1870978,35869209
a9b35b95a49b,b911719af76d,14,1685264117432,38841,117402585,460,1870978,35869209
a9b35b95a49b,b911719af76d,39,1685264117442,38841,117402585,460,1870978,35869209
a9b35b95a49b,b911719af76d,14,1685264120433,38841,85029786,460,1870978,35869209
a9b35b95a49b,b911719af76d,39,1685264120444,38841,85029786,460,1870978,35869209
a9b35b95a49b,b911719af76d,39,1685264121162,38841,116656345,460,1870978,35869209
a9b35b95a49b,b911719af76d,39,1685264127779,38841,117402585,460,1870978,35869209
a9b35b95a49b,b911719af76d,39,1685264131114,38841,116656345,460,1870978,35869209
a9b35b95a49b,b911719af76d,14,1685264135392,38841,116656345,460,1870978,35869209
a9b35b95a49b,b911719af76d,39,1685264135401,38841,116656345,460,1870978,35869209
a9b35b95a49b,b911719af76d,39,1685264146451,38842,161574939,460,1870978,35869209
a9b35b95a49b,b911719af76d,5,1685264146496,38842,161574939,460,1870978,35869209
a9b35b95a49b,b911719af76d,20,1685264158930,38841,117402585,460,1870978,35869209
a9b35b95a49b,b911719af76d,5,1685264289402,38841,116656345,460,1870978,35869209
a9b35b95a49b,b911719af76d,5,1685264686187,38709,251533933,460,1870978,35869209
a9b35b95a49b,b911719af76d,20,1685264686284,38709,251533933,460,1870978,35869209
a9b35b95a49b,b911719af76d,36,1685264694677,38709,251533933,460,1870978,35869209
a9b35b95a49b,b911719af76d,39,1685264694707,38709,251533933,460,1870978,35869209
a9b35b95a49b,b911719af76d,20,1685264715527,38709,251533933,460,1870978,35869209
a9b35b95a49b,b911719af76d,2,1685264733692,38709,251533933,460,1870978,35869209
a9b35b95a49b,b911719af76d,18,1685264733696,38709,251533933,460,1870978,35869209
a9b35b95a49b,b911719af76d,36,1685264733767,38709,251533933,460,1870978,35869209
a9b35b95a49b,b911719af76d,39,1685264733792,38709,251533933,460,1870978,35869209
a9b35b95a49b,b911719af76d,14,1685264734111,38842,251559259,460,1870978,35869209
a9b35b95a49b,b911719af76d,39,1685264734120,38842,251559259,460,1870978,35869209
a9b35b95a49b,b911719af76d,5,1685264734186,38842,251559259,460,1870978,35869209
a9b35b95a49b,b911719af76d,39,1685264736071,38842,161574939,460,1870978,35869209
a9b35b95a49b,b911719af76d,4,1685264755240,38842,161574939,460,1870978,35869209
a9b35b95a49b,b911719af76d,2,1685264756399,38842,161574939,460,1870978,35869209
a9b35b95a49b,b911719af76d,18,1685264756403,38842,161574939,460,1870978,35869209
a9b35b95a49b,b911719af76d,36,1685264756432,38842,161574939,460,1870978,35869209
a9b35b95a49b,b911719af76d,20,1685264775383,38842,161574939,460,1870978,35869209
a9b35b95a49b,b911719af76d,5,1685264777101,38841,116656345,460,1870978,35869209
a9b35b95a49b,b911719af76d,20,1685264777176,38841,116656345,460,1870978,35869209
a9b35b95a49b,b911719af76d,2,1685264853306,38842,251559256,460,1870978,35869209
a9b35b95a49b,b911719af76d,18,1685264853309,38842,251559256,460,1870978,35869209
a9b35b95a49b,b911719af76d,5,1685264994601,38841,116656345,460,1870978,35869209
a9b35b95a49b,b911719af76d,20,1685264994690,38841,116656345,460,1870978,35869209
a9b35b95a49b,b911719af76d,5,1685265519520,38842,161574939,460,1870978,35869209
a9b35b95a49b,b911719af76d,5,1685269240396,38841,116656345,460,1870978,35869209
a9b35b95a49b,b911719af76d,20,1685269240490,38841,116656345,460,1870978,35869209
a9b35b95a49b,b911719af76d,20,1685269333970,38842,85701528,460,1870978,35869209
a9b35b95a49b,b911719af76d,20,1685269359578,38841,116656345,460,1870978,35869209
a9b35b95a49b,b911719af76d,5,1685269388940,38842,161574939,460,1870978,35869209
a9b35b95a49b,b911719af76d,20,1685269389004,38842,161574939,460,1870978,35869209
a9b35b95a49b,b911719af76d,5,1685269432427,38842,161574939,460,1870978,35869209
a9b35b95a49b,b911719af76d,20,1685269432517,38842,161574939,460,1870978,35869209
a9b35b95a49b,b911719af76d,5,1685269495466,38841,85029787,460,1870978,35869209
a9b35b95a49b,b911719af76d,5,1685269495836,38709,251533923,460,1870978,35869209
a9b35b95a49b,b911719af76d,5,1685269554031,38841,116656345,460,1870978,35869209
a9b35b95a49b,b911719af76d,5,1685270328321,38709,251533923,460,1870978,35869209
a9b35b95a49b,b911719af76d,20,1685270328414,38709,251533923,460,1870978,35869209
a9b35b95a49b,b911719af76d,5,1685270339835,38841,117402585,460,1870978,35869209
a9b35b95a49b,b911719af76d,5,1685270377076,38842,84999834,460,1870978,35869209
a9b35b95a49b,b911719af76d,20,1685270728111,38709,161514520,460,1870978,35869209
a9b35b95a49b,b911719af76d,5,1685270730365,38841,85210520,460,1870978,35869209
a9b35b95a49b,b911719af76d,20,1685270730438,38841,85210520,460,1870978,35869209
a9b35b95a49b,b911719af76d,20,1685270738134,38709,116499674,460,1870978,35869209
a9b35b95a49b,b911719af76d,5,1685270745760,38841,85210520,460,1870978,35869209
a9b35b95a49b,b911719af76d,5,1685270748301,38709,116499675,460,1870978,35869209
a9b35b95a49b,b911719af76d,20,1685270748404,38709,116499675,460,1870978,35869209
a9b35b95a49b,b911719af76d,5,1685270755945,38841,251493208,460,1870978,35869209
a9b35b95a49b,b911719af76d,20,1685270756023,38841,251493208,460,1870978,35869209
a9b35b95a49b,b911719af76d,4,1685270807538,38841,251493209,460,1870978,35869209
a9b35b95a49b,b911719af76d,2,1685270808160,38841,251493209,460,1870978,35869209
a9b35b95a49b,b911719af76d,18,1685270808164,38841,251493209,460,1870978,35869209
a9b35b95a49b,b911719af76d,36,1685270808206,38841,251493209,460,1870978,35869209
a9b35b95a49b,b911719af76d,14,1685270815074,38841,161598262,460,1870978,35869209
a9b35b95a49b,b911719af76d,2,1685271034769,38841,161598262,460,1870978,35869209
a9b35b95a49b,b911719af76d,39,1685271034873,38841,161598262,460,1870978,35869209
a9b35b95a49b,b911719af76d,20,1685271044703,38841,161598262,460,1870978,35869209
a9b35b95a49b,b911719af76d,2,1685271045239,38841,161598262,460,1870978,35869209
a9b35b95a49b,b911719af76d,18,1685271045241,38841,161598262,460,1870978,35869209
a9b35b95a49b,b911719af76d,36,1685271045318,38841,161598262,460,1870978,35869209
a9b35b95a49b,b911719af76d,39,1685271045394,38841,161598262,460,1870978,35869209
a9b35b95a49b,b911719af76d,39,1685271426675,38841,116714714,460,1870978,35869209
a9b35b95a49b,b911719af76d,20,1685271462512,38841,116714714,460,1870978,35869209
a9b35b95a49b,b911719af76d,2,1685271897255,38841,116714714,460,1870978,35869209
a9b35b95a49b,b911719af76d,36,1685271897305,38841,116714714,460,1870978,35869209
a9b35b95a49b,b911719af76d,39,1685271897330,38841,116714714,460,1870978,35869209
a9b35b95a49b,b911719af76d,5,1685271899095,38839,116869080,460,1870978,35869209
a9b35b95a49b,b911719af76d,20,1685271923887,38841,116714714,460,1870978,35869209
a9b35b95a49b,b911719af76d,2,1685272625790,38841,116714714,460,1870978,35869209
a9b35b95a49b,b911719af76d,18,1685272625794,38841,116714714,460,1870978,35869209
a9b35b95a49b,b911719af76d,36,1685272625835,38841,116714714,460,1870978,35869209
a9b35b95a49b,b911719af76d,39,1685272625870,38841,116714714,460,1870978,35869209
a9b35b95a49b,b911719af76d,20,1685272652749,38841,116714714,460,1870978,35869209
a9b35b95a49b,b911719af76d,2,1685272931930,38841,116714714,460,1870978,35869209
a9b35b95a49b,b911719af76d,18,1685272931934,38841,116714714,460,1870978,35869209
a9b35b95a49b,b911719af76d,39,1685272932005,38841,116714714,460,1870978,35869209
a9b35b95a49b,b911719af76d,2,1685273104500,38841,116714714,460,1870978,35869209
a9b35b95a49b,b911719af76d,36,1685273104545,38841,116714714,460,1870978,35869209
a9b35b95a49b,b911719af76d,14,1685273284800,38841,116714714,460,1870978,35869209
a9b35b95a49b,b911719af76d,39,1685273284807,38841,116714714,460,1870978,35869209
a9b35b95a49b,b911719af76d,14,1685273288163,38841,161598262,460,1870978,35869209
a9b35b95a49b,b911719af76d,18,1685273531622,38841,161598262,460,1870978,35869209
a9b35b95a49b,b911719af76d,39,1685273537655,38841,116714714,460,1870978,35869209
a9b35b95a49b,b911719af76d,14,1685273542234,38841,161598262,460,1870978,35869209
a9b35b95a49b,b911719af76d,39,1685273542246,38841,161598262,460,1870978,35869209
a9b35b95a49b,b911719af76d,20,1685273552100,38841,161598262,460,1870978,35869209
a9b35b95a49b,b911719af76d,39,1685274368079,38841,116714714,460,1870978,35869209
a9b35b95a49b,b911719af76d,4,1685274398630,38841,116714714,460,1870978,35869209
a9b35b95a49b,b911719af76d,2,1685274399859,38841,116714714,460,1870978,35869209
a9b35b95a49b,b911719af76d,36,1685274399909,38841,116714714,460,1870978,35869209
a9b35b95a49b,b911719af76d,39,1685274399934,38841,116714714,460,1870978,35869209
a9b35b95a49b,b911719af76d,20,1685274419795,38841,116714714,460,1870978,35869209
a9b35b95a49b,b911719af76d,18,1685274726547,38841,116714714,460,1870978,35869209
a9b35b95a49b,b911719af76d,36,1685274726594,38841,116714714,460,1870978,35869209
a9b35b95a49b,b911719af76d,39,1685274726618,38841,116714714,460,1870978,35869209
a9b35b95a49b,b911719af76d,20,1685274746461,38841,116714714,460,1870978,35869209
a9b35b95a49b,b911719af76d,2,1685275109588,38841,116714714,460,1870978,35869209
a9b35b95a49b,b911719af76d,18,1685275109592,38841,116714714,460,1870978,35869209
a9b35b95a49b,b911719af76d,36,1685275109633,38841,116714714,460,1870978,35869209
a9b35b95a49b,b911719af76d,39,1685275109659,38841,116714714,460,1870978,35869209
a9b35b95a49b,b911719af76d,14,1685275109991,38841,161598262,460,1870978,35869209
a9b35b95a49b,b911719af76d,39,1685275110008,38841,161598262,460,1870978,35869209
a9b35b95a49b,b911719af76d,14,1685275123178,38841,116714714,460,1870978,35869209
a9b35b95a49b,b911719af76d,39,1685275123190,38841,116714714,460,1870978,35869209
a9b35b95a49b,b911719af76d,20,1685275143024,38841,116714714,460,1870978,35869209
a9b35b95a49b,b911719af76d,2,1685276110559,38841,116714714,460,1870978,35869209
a9b35b95a49b,b911719af76d,18,1685276110564,38841,116714714,460,1870978,35869209
a9b35b95a49b,b911719af76d,41,1685276113885,38841,116714714,460,1870978,35869209
a9b35b95a49b,b911719af76d,34,1685276113885,38841,116714714,460,1870978,35869209
a9b35b95a49b,b911719af76d,20,1685276149460,38841,116714714,460,1870978,35869209
a9b35b95a49b,b911719af76d,2,1685277115778,38841,116714714,460,1870978,35869209
a9b35b95a49b,b911719af76d,18,1685277115781,38841,116714714,460,1870978,35869209
a9b35b95a49b,b911719af76d,36,1685277115828,38841,116714714,460,1870978,35869209
a9b35b95a49b,b911719af76d,39,1685277115853,38841,116714714,460,1870978,35869209
a9b35b95a49b,b911719af76d,2,1685277755548,38841,116714714,460,1870978,35869209
a9b35b95a49b,b911719af76d,18,1685277755550,38841,116714714,460,1870978,35869209
a9b35b95a49b,b911719af76d,20,1685277775523,38841,116714714,460,1870978,35869209
a9b35b95a49b,b911719af76d,2,1685277965848,38841,116714714,460,1870978,35869209
a9b35b95a49b,b911719af76d,18,1685277965852,38841,116714714,460,1870978,35869209
a9b35b95a49b,b911719af76d,36,1685277965893,38841,116714714,460,1870978,35869209
a9b35b95a49b,b911719af76d,39,1685277965918,38841,116714714,460,1870978,35869209
a9b35b95a49b,b911719af76d,4,1685277996255,38841,116714714,460,1870978,35869209
a9b35b95a49b,b911719af76d,2,1685277996718,38841,116714714,460,1870978,35869209
a9b35b95a49b,b911719af76d,18,1685277996720,38841,116714714,460,1870978,35869209
a9b35b95a49b,b911719af76d,39,1685277996793,38841,116714714,460,1870978,35869209
a9b35b95a49b,b911719af76d,20,1685278039669,38841,116714714,460,1870978,35869209
a9b35b95a49b,b911719af76d,2,1685278049468,38841,116714714,460,1870978,35869209
a9b35b95a49b,b911719af76d,18,1685278049471,38841,116714714,460,1870978,35869209
a9b35b95a49b,b911719af76d,36,1685278049513,38841,116714714,460,1870978,35869209
a9b35b95a49b,b911719af76d,39,1685278049538,38841,116714714,460,1870978,35869209
a9b35b95a49b,b911719af76d,20,1685278069413,38841,116714714,460,1870978,35869209
a9b35b95a49b,b911719af76d,18,1685278145703,38841,116714714,460,1870978,35869209
a9b35b95a49b,b911719af76d,39,1685278145783,38841,116714714,460,1870978,35869209
a9b35b95a49b,b911719af76d,20,1685278207609,38841,116714714,460,1870978,35869209
a9b35b95a49b,b911719af76d,36,1685278232543,38841,116714714,460,1870978,35869209
a9b35b95a49b,b911719af76d,20,1685278258444,38841,116714714,460,1870978,35869209
a9b35b95a49b,b911719af76d,2,1685278263088,38841,116714714,460,1870978,35869209
a9b35b95a49b,b911719af76d,18,1685278263092,38841,116714714,460,1870978,35869209
a9b35b95a49b,b911719af76d,4,1685278336590,38841,116714714,460,1870978,35869209
a9b35b95a49b,b911719af76d,2,1685278337138,38841,116714714,460,1870978,35869209
a9b35b95a49b,b911719af76d,18,1685278337140,38841,116714714,460,1870978,35869209
a9b35b95a49b,b911719af76d,36,1685278337183,38841,116714714,460,1870978,35869209
a9b35b95a49b,b911719af76d,39,1685278337212,38841,116714714,460,1870978,35869209
a9b35b95a49b,b911719af76d,20,1685278415092,38841,116714714,460,1870978,35869209
a9b35b95a49b,b911719af76d,2,1685278417252,38841,116714714,460,1870978,35869209
a9b35b95a49b,b911719af76d,18,1685278417256,38841,116714714,460,1870978,35869209
a9b35b95a49b,b911719af76d,36,1685278417303,38841,116714714,460,1870978,35869209
a9b35b95a49b,b911719af76d,39,1685278417332,38841,116714714,460,1870978,35869209
a9b35b95a49b,b911719af76d,20,1685278441223,38841,116714714,460,1870978,35869209
a9b35b95a49b,b911719af76d,2,1685278456352,38841,116714714,460,1870978,35869209
a9b35b95a49b,b911719af76d,20,1685278480251,38841,116714714,460,1870978,35869209
a9b35b95a49b,b911719af76d,18,1685278482052,38841,116714714,460,1870978,35869209
a9b35b95a49b,b911719af76d,39,1685278482122,38841,116714714,460,1870978,35869209
a9b35b95a49b,b911719af76d,20,1685278595026,38841,116714714,460,1870978,35869209
a9b35b95a49b,b911719af76d,18,1685278614521,38841,116714714,460,1870978,35869209
a9b35b95a49b,b911719af76d,36,1685278614568,38841,116714714,460,1870978,35869209
a9b35b95a49b,b911719af76d,39,1685278614597,38841,116714714,460,1870978,35869209
a9b35b95a49b,b911719af76d,20,1685278642476,38841,116714714,460,1870978,35869209
a9b35b95a49b,b911719af76d,2,1685278660203,38841,116714714,460,1870978,35869209
a9b35b95a49b,b911719af76d,18,1685278660207,38841,116714714,460,1870978,35869209
a9b35b95a49b,b911719af76d,36,1685278660258,38841,116714714,460,1870978,35869209
a9b35b95a49b,b911719af76d,2,1685278692087,38841,116714714,460,1870978,35869209
a9b35b95a49b,b911719af76d,18,1685278692090,38841,116714714,460,1870978,35869209
a9b35b95a49b,b911719af76d,39,1685278692162,38841,116714714,460,1870978,35869209
a9b35b95a49b,b911719af76d,20,1685278806018,38841,116714714,460,1870978,35869209
a9b35b95a49b,b911719af76d,2,1685278814427,38841,116714714,460,1870978,35869209
a9b35b95a49b,b911719af76d,18,1685278814432,38841,116714714,460,1870978,35869209
a9b35b95a49b,b911719af76d,36,1685278814478,38841,116714714,460,1870978,35869209
a9b35b95a49b,b911719af76d,39,1685278814519,38841,116714714,460,1870978,35869209
a9b35b95a49b,b911719af76d,36,1685278835823,38841,116714714,460,1870978,35869209
a9b35b95a49b,b911719af76d,20,1685278861699,38841,116714714,460,1870978,35869209
a9b35b95a49b,b911719af76d,2,1685278876187,38841,116714714,460,1870978,35869209
a9b35b95a49b,b911719af76d,18,1685278876192,38841,116714714,460,1870978,35869209
a9b35b95a49b,b911719af76d,36,1685278876233,38841,116714714,460,1870978,35869209
a9b35b95a49b,b911719af76d,20,1685278988082,38841,116714714,460,1870978,35869209
a9b35b95a49b,b911719af76d,18,1685279051400,38841,116714714,460,1870978,35869209
a9b35b95a49b,b911719af76d,36,1685279051448,38841,116714714,460,1870978,35869209
a9b35b95a49b,b911719af76d,18,1685279142832,38841,116714714,460,1870978,35869209
a9b35b95a49b,b911719af76d,36,1685279142878,38841,116714714,460,1870978,35869209
a9b35b95a49b,b911719af76d,20,1685279162805,38841,116714714,460,1870978,35869209
a9b35b95a49b,b911719af76d,2,1685279167117,38841,116714714,460,1870978,35869209
a9b35b95a49b,b911719af76d,18,1685279167121,38841,116714714,460,1870978,35869209
a9b35b95a49b,b911719af76d,36,1685279167163,38841,116714714,460,1870978,35869209
a9b35b95a49b,b911719af76d,39,1685279167204,38841,116714714,460,1870978,35869209
a9b35b95a49b,b911719af76d,20,1685279201073,38841,116714714,460,1870978,35869209
a9b35b95a49b,b911719af76d,2,1685279228947,38841,116714714,460,1870978,35869209
a9b35b95a49b,b911719af76d,36,1685279228993,38841,116714714,460,1870978,35869209
a9b35b95a49b,b911719af76d,39,1685279229017,38841,116714714,460,1870978,35869209
a9b35b95a49b,b911719af76d,20,1685279261925,38841,116714714,460,1870978,35869209
a9b35b95a49b,b911719af76d,2,1685279281807,38841,116714714,460,1870978,35869209
a9b35b95a49b,b911719af76d,18,1685279281809,38841,116714714,460,1870978,35869209
a9b35b95a49b,b911719af76d,36,1685279281852,38841,116714714,460,1870978,35869209
a9b35b95a49b,b911719af76d,2,1685279343237,38841,116714714,460,1870978,35869209
a9b35b95a49b,b911719af76d,18,1685279343241,38841,116714714,460,1870978,35869209
a9b35b95a49b,b911719af76d,36,1685279343283,38841,116714714,460,1870978,35869209
a9b35b95a49b,b911719af76d,39,1685279343308,38841,116714714,460,1870978,35869209
a9b35b95a49b,b911719af76d,2,1685279446007,38841,116714714,460,1870978,35869209
a9b35b95a49b,b911719af76d,18,1685279446011,38841,116714714,460,1870978,35869209
a9b35b95a49b,b911719af76d,36,1685279446072,38841,116714714,460,1870978,35869209
a9b35b95a49b,b911719af76d,39,1685279446112,38841,116714714,460,1870978,35869209
a9b35b95a49b,b911719af76d,20,1685279469957,38841,116714714,460,1870978,35869209
a9b35b95a49b,b911719af76d,2,1685279495337,38841,116714714,460,1870978,35869209
a9b35b95a49b,b911719af76d,36,1685279495382,38841,116714714,460,1870978,35869209
a9b35b95a49b,b911719af76d,20,1685279530277,38841,116714714,460,1870978,35869209
a9b35b95a49b,b911719af76d,2,1685279834902,38841,116714714,460,1870978,35869209
a9b35b95a49b,b911719af76d,36,1685279834973,38841,116714714,460,1870978,35869209
a9b35b95a49b,b911719af76d,39,1685279834982,38841,116714714,460,1870978,35869209
a9b35b95a49b,b911719af76d,20,1685279977877,38841,116714714,460,1870978,35869209
a9b35b95a49b,b911719af76d,18,1685279984556,38841,116714714,460,1870978,35869209
a9b35b95a49b,b911719af76d,36,1685279984603,38841,116714714,460,1870978,35869209
a9b35b95a49b,b911719af76d,8,1685280014207,38841,116714714,460,1870978,35869209
a9b35b95a49b,b911719af76d,11,1685280014215,38841,116714714,460,1870978,35869209
a9b35b95a49b,b911719af76d,6,1685280014367,38841,116714714,460,1870978,35869209
a9b35b95a49b,b911719af76d,20,1685280014398,38841,116714714,460,1870978,35869209
a9b35b95a49b,b911719af76d,31,1685280044035,38841,116714714,460,1870978,35869209
a9b35b95a49b,b911719af76d,18,1685280044191,38841,116714714,460,1870978,35869209
a9b35b95a49b,b911719af76d,41,1685280044191,38841,116714714,460,1870978,35869209
a9b35b95a49b,b911719af76d,36,1685280044233,38841,116714714,460,1870978,35869209
a9b35b95a49b,b911719af76d,39,1685280044258,38841,116714714,460,1870978,35869209
a9b35b95a49b,b911719af76d,67,1685280044280,38841,116714714,460,1870978,35869209
a9b35b95a49b,b911719af76d,7,1685280045017,38841,116714714,460,1870978,35869209
a9b35b95a49b,b911719af76d,34,1685280045113,38841,116714714,460,1870978,35869209
a9b35b95a49b,b911719af76d,41,1685280045113,38841,116714714,460,1870978,35869209
