bd740fc2ef96,ac3d4da2e0d6,2,1685204148497,38710,85155227,460,1510931,86188505
bd740fc2ef96,ac3d4da2e0d6,36,1685204148523,38710,85155227,460,1510931,86188505
bd740fc2ef96,ac3d4da2e0d6,20,1685204158434,38710,85155227,460,1510931,86188505
bd740fc2ef96,ac3d4da2e0d6,36,1685205498693,38710,85155227,460,1510931,86188505
bd740fc2ef96,ac3d4da2e0d6,39,1685205498746,38710,85155227,460,1510931,86188505
bd740fc2ef96,ac3d4da2e0d6,18,1685207149081,38710,85155227,460,1510931,86188505
bd740fc2ef96,ac3d4da2e0d6,36,1685207149106,38710,85155227,460,1510931,86188505
bd740fc2ef96,ac3d4da2e0d6,39,1685207149142,38710,85155227,460,1510931,86188505
bd740fc2ef96,ac3d4da2e0d6,36,1685208661406,38710,251144536,460,1510931,86188505
bd740fc2ef96,ac3d4da2e0d6,39,1685208661446,38710,251144536,460,1510931,86188505
bd740fc2ef96,ac3d4da2e0d6,20,1685208671328,38710,251144536,460,1510931,86188505
bd740fc2ef96,ac3d4da2e0d6,18,1685210149875,38710,251144536,460,1510931,86188505
bd740fc2ef96,ac3d4da2e0d6,36,1685210149911,38710,251144536,460,1510931,86188505
bd740fc2ef96,ac3d4da2e0d6,39,1685210149951,38710,251144536,460,1510931,86188505
bd740fc2ef96,ac3d4da2e0d6,20,1685210159775,38710,251144536,460,1510931,86188505
bd740fc2ef96,ac3d4da2e0d6,5,1685210704491,38841,161597216,460,1510931,86188505
bd740fc2ef96,ac3d4da2e0d6,20,1685210704513,38841,161597216,460,1510931,86188505
bd740fc2ef96,ac3d4da2e0d6,2,1685211824226,38710,251144536,460,1510931,86188505
bd740fc2ef96,ac3d4da2e0d6,36,1685211824261,38710,251144536,460,1510931,86188505
bd740fc2ef96,ac3d4da2e0d6,39,1685211824301,38710,251144536,460,1510931,86188505
bd740fc2ef96,ac3d4da2e0d6,2,1685213150650,38710,251144536,460,1510931,86188505
bd740fc2ef96,ac3d4da2e0d6,18,1685213150654,38710,251144536,460,1510931,86188505
bd740fc2ef96,ac3d4da2e0d6,36,1685213150681,38710,251144536,460,1510931,86188505
bd740fc2ef96,ac3d4da2e0d6,39,1685213150720,38710,251144536,460,1510931,86188505
bd740fc2ef96,ac3d4da2e0d6,20,1685213160565,38710,251144536,460,1510931,86188505
bd740fc2ef96,ac3d4da2e0d6,4,1685214167445,38710,251144536,460,1510931,86188505
bd740fc2ef96,ac3d4da2e0d6,2,1685214168250,38710,251144536,460,1510931,86188505
bd740fc2ef96,ac3d4da2e0d6,18,1685214168253,38710,251144536,460,1510931,86188505
bd740fc2ef96,ac3d4da2e0d6,39,1685214168325,38710,251144536,460,1510931,86188505
bd740fc2ef96,ac3d4da2e0d6,5,1685214168590,38710,251144536,460,1510931,86188505
bd740fc2ef96,ac3d4da2e0d6,20,1685214168592,38710,251144536,460,1510931,86188505
bd740fc2ef96,ac3d4da2e0d6,18,1685214986844,38710,251144536,460,1510931,86188505
bd740fc2ef96,ac3d4da2e0d6,36,1685214986875,38710,251144536,460,1510931,86188505
bd740fc2ef96,ac3d4da2e0d6,39,1685214986920,38710,251144536,460,1510931,86188505
bd740fc2ef96,ac3d4da2e0d6,2,1685216151310,38710,251144536,460,1510931,86188505
bd740fc2ef96,ac3d4da2e0d6,18,1685216151313,38710,251144536,460,1510931,86188505
bd740fc2ef96,ac3d4da2e0d6,39,1685216151380,38710,251144536,460,1510931,86188505
bd740fc2ef96,ac3d4da2e0d6,2,1685218149540,38710,251144536,460,1510931,86188505
bd740fc2ef96,ac3d4da2e0d6,18,1685218149542,38710,251144536,460,1510931,86188505
bd740fc2ef96,ac3d4da2e0d6,36,1685218149575,38710,251144536,460,1510931,86188505
bd740fc2ef96,ac3d4da2e0d6,39,1685218149615,38710,251144536,460,1510931,86188505
bd740fc2ef96,ac3d4da2e0d6,20,1685218159471,38710,251144536,460,1510931,86188505
bd740fc2ef96,ac3d4da2e0d6,2,1685219152179,38710,251144536,460,1510931,86188505
bd740fc2ef96,ac3d4da2e0d6,18,1685219152183,38710,251144536,460,1510931,86188505
bd740fc2ef96,ac3d4da2e0d6,36,1685219152210,38710,251144536,460,1510931,86188505
bd740fc2ef96,ac3d4da2e0d6,2,1685221312119,38710,251144536,460,1510931,86188505
bd740fc2ef96,ac3d4da2e0d6,18,1685221312121,38710,251144536,460,1510931,86188505
bd740fc2ef96,ac3d4da2e0d6,36,1685221312149,38710,251144536,460,1510931,86188505
bd740fc2ef96,ac3d4da2e0d6,39,1685221312229,38710,251144536,460,1510931,86188505
bd740fc2ef96,ac3d4da2e0d6,2,1685222152899,38710,251144536,460,1510931,86188505
bd740fc2ef96,ac3d4da2e0d6,36,1685222152933,38710,251144536,460,1510931,86188505
bd740fc2ef96,ac3d4da2e0d6,39,1685222152979,38710,251144536,460,1510931,86188505
bd740fc2ef96,ac3d4da2e0d6,20,1685222162829,38710,251144536,460,1510931,86188505
bd740fc2ef96,ac3d4da2e0d6,2,1685224474547,38710,251144536,460,1510931,86188505
bd740fc2ef96,ac3d4da2e0d6,18,1685224474550,38710,251144536,460,1510931,86188505
bd740fc2ef96,ac3d4da2e0d6,36,1685224474583,38710,251144536,460,1510931,86188505
bd740fc2ef96,ac3d4da2e0d6,2,1685225153897,38710,251144536,460,1510931,86188505
bd740fc2ef96,ac3d4da2e0d6,18,1685225153900,38710,251144536,460,1510931,86188505
bd740fc2ef96,ac3d4da2e0d6,36,1685225153928,38710,251144536,460,1510931,86188505
bd740fc2ef96,ac3d4da2e0d6,39,1685225153978,38710,251144536,460,1510931,86188505
bd740fc2ef96,ac3d4da2e0d6,20,1685225163803,38710,251144536,460,1510931,86188505
bd740fc2ef96,ac3d4da2e0d6,4,1685227594025,38710,251144536,460,1510931,86188505
bd740fc2ef96,ac3d4da2e0d6,18,1685227595451,38710,251144536,460,1510931,86188505
bd740fc2ef96,ac3d4da2e0d6,36,1685227595481,38710,251144536,460,1510931,86188505
bd740fc2ef96,ac3d4da2e0d6,39,1685227595526,38710,251144536,460,1510931,86188505
bd740fc2ef96,ac3d4da2e0d6,5,1685227595786,38710,251144536,460,1510931,86188505
bd740fc2ef96,ac3d4da2e0d6,20,1685227595815,38710,251144536,460,1510931,86188505
bd740fc2ef96,ac3d4da2e0d6,2,1685227637306,38710,251144536,460,1510931,86188505
bd740fc2ef96,ac3d4da2e0d6,18,1685227637310,38710,251144536,460,1510931,86188505
bd740fc2ef96,ac3d4da2e0d6,36,1685227637361,38710,251144536,460,1510931,86188505
bd740fc2ef96,ac3d4da2e0d6,39,1685227637406,38710,251144536,460,1510931,86188505
bd740fc2ef96,ac3d4da2e0d6,20,1685227647229,38710,251144536,460,1510931,86188505
bd740fc2ef96,ac3d4da2e0d6,2,1685228154566,38710,251144536,460,1510931,86188505
bd740fc2ef96,ac3d4da2e0d6,36,1685228154601,38710,251144536,460,1510931,86188505
bd740fc2ef96,ac3d4da2e0d6,39,1685228154646,38710,251144536,460,1510931,86188505
bd740fc2ef96,ac3d4da2e0d6,36,1685230800250,38710,251144536,460,1510931,86188505
bd740fc2ef96,ac3d4da2e0d6,39,1685230800300,38710,251144536,460,1510931,86188505
bd740fc2ef96,ac3d4da2e0d6,2,1685231155425,38710,251144536,460,1510931,86188505
bd740fc2ef96,ac3d4da2e0d6,18,1685231155429,38710,251144536,460,1510931,86188505
bd740fc2ef96,ac3d4da2e0d6,36,1685231155460,38710,251144536,460,1510931,86188505
bd740fc2ef96,ac3d4da2e0d6,39,1685231155540,38710,251144536,460,1510931,86188505
bd740fc2ef96,ac3d4da2e0d6,20,1685231165345,38710,251144536,460,1510931,86188505
bd740fc2ef96,ac3d4da2e0d6,2,1685233962724,38710,251144536,460,1510931,86188505
bd740fc2ef96,ac3d4da2e0d6,36,1685233962760,38710,251144536,460,1510931,86188505
bd740fc2ef96,ac3d4da2e0d6,2,1685234156334,38710,251144536,460,1510931,86188505
bd740fc2ef96,ac3d4da2e0d6,18,1685234156338,38710,251144536,460,1510931,86188505
bd740fc2ef96,ac3d4da2e0d6,36,1685234156370,38710,251144536,460,1510931,86188505
bd740fc2ef96,ac3d4da2e0d6,39,1685234156424,38710,251144536,460,1510931,86188505
bd740fc2ef96,ac3d4da2e0d6,18,1685237125518,38710,251144536,460,1510931,86188505
bd740fc2ef96,ac3d4da2e0d6,36,1685237125549,38710,251144536,460,1510931,86188505
bd740fc2ef96,ac3d4da2e0d6,39,1685237125589,38710,251144536,460,1510931,86188505
bd740fc2ef96,ac3d4da2e0d6,20,1685237135481,38710,251144536,460,1510931,86188505
bd740fc2ef96,ac3d4da2e0d6,18,1685237157097,38710,251144536,460,1510931,86188505
bd740fc2ef96,ac3d4da2e0d6,36,1685237157124,38710,251144536,460,1510931,86188505
bd740fc2ef96,ac3d4da2e0d6,39,1685237157164,38710,251144536,460,1510931,86188505
bd740fc2ef96,ac3d4da2e0d6,5,1685237165779,38710,251144536,460,1510931,86188505
bd740fc2ef96,ac3d4da2e0d6,20,1685237165803,38710,251144536,460,1510931,86188505
bd740fc2ef96,ac3d4da2e0d6,4,1685239144310,38710,85155227,460,1510931,86188505
bd740fc2ef96,ac3d4da2e0d6,2,1685239144898,38710,85155227,460,1510931,86188505
bd740fc2ef96,ac3d4da2e0d6,18,1685239144902,38710,85155227,460,1510931,86188505
bd740fc2ef96,ac3d4da2e0d6,36,1685239144928,38710,85155227,460,1510931,86188505
bd740fc2ef96,ac3d4da2e0d6,5,1685239145227,38710,85155227,460,1510931,86188505
bd740fc2ef96,ac3d4da2e0d6,20,1685239145231,38710,85155227,460,1510931,86188505
bd740fc2ef96,ac3d4da2e0d6,20,1685239145253,38710,85155227,460,1510931,86188505
bd740fc2ef96,ac3d4da2e0d6,36,1685240158004,38710,251144536,460,1510931,86188505
bd740fc2ef96,ac3d4da2e0d6,20,1685240167873,38710,251144536,460,1510931,86188505
bd740fc2ef96,ac3d4da2e0d6,18,1685240288141,38710,251144536,460,1510931,86188505
bd740fc2ef96,ac3d4da2e0d6,36,1685240288174,38710,251144536,460,1510931,86188505
bd740fc2ef96,ac3d4da2e0d6,39,1685240288228,38710,251144536,460,1510931,86188505
bd740fc2ef96,ac3d4da2e0d6,20,1685240298010,38710,251144536,460,1510931,86188505
bd740fc2ef96,ac3d4da2e0d6,2,1685243158863,38710,251144536,460,1510931,86188505
bd740fc2ef96,ac3d4da2e0d6,18,1685243158867,38710,251144536,460,1510931,86188505
bd740fc2ef96,ac3d4da2e0d6,39,1685243158948,38710,251144536,460,1510931,86188505
bd740fc2ef96,ac3d4da2e0d6,20,1685243168776,38710,251144536,460,1510931,86188505
bd740fc2ef96,ac3d4da2e0d6,2,1685243450803,38710,251144536,460,1510931,86188505
bd740fc2ef96,ac3d4da2e0d6,18,1685246159485,38710,251144536,460,1510931,86188505
bd740fc2ef96,ac3d4da2e0d6,36,1685246159517,38710,251144536,460,1510931,86188505
bd740fc2ef96,ac3d4da2e0d6,39,1685246159562,38710,251144536,460,1510931,86188505
bd740fc2ef96,ac3d4da2e0d6,20,1685246169369,38710,251144536,460,1510931,86188505
bd740fc2ef96,ac3d4da2e0d6,18,1685246613275,38710,251144536,460,1510931,86188505
bd740fc2ef96,ac3d4da2e0d6,39,1685246613347,38710,251144536,460,1510931,86188505
bd740fc2ef96,ac3d4da2e0d6,18,1685249160076,38710,85155227,460,1510931,86188505
bd740fc2ef96,ac3d4da2e0d6,36,1685249160114,38710,85155227,460,1510931,86188505
bd740fc2ef96,ac3d4da2e0d6,39,1685249160153,38710,85155227,460,1510931,86188505
bd740fc2ef96,ac3d4da2e0d6,20,1685249170042,38710,85155227,460,1510931,86188505
bd740fc2ef96,ac3d4da2e0d6,2,1685249775671,38710,161568024,460,1510931,86188505
bd740fc2ef96,ac3d4da2e0d6,39,1685249775761,38710,161568024,460,1510931,86188505
bd740fc2ef96,ac3d4da2e0d6,20,1685249785611,38710,161568024,460,1510931,86188505
bd740fc2ef96,ac3d4da2e0d6,2,1685252938131,38710,85155227,460,1510931,86188505
bd740fc2ef96,ac3d4da2e0d6,39,1685252938216,38710,85155227,460,1510931,86188505
bd740fc2ef96,ac3d4da2e0d6,20,1685252948113,38710,85155227,460,1510931,86188505
bd740fc2ef96,ac3d4da2e0d6,4,1685253511563,38710,161568024,460,1510931,86188505
bd740fc2ef96,ac3d4da2e0d6,2,1685253512876,38710,161568024,460,1510931,86188505
bd740fc2ef96,ac3d4da2e0d6,36,1685253512911,38710,161568024,460,1510931,86188505
bd740fc2ef96,ac3d4da2e0d6,5,1685253513241,38710,161568024,460,1510931,86188505
bd740fc2ef96,ac3d4da2e0d6,20,1685253513245,38710,161568024,460,1510931,86188505
bd740fc2ef96,ac3d4da2e0d6,2,1685255161372,38710,85155227,460,1510931,86188505
bd740fc2ef96,ac3d4da2e0d6,20,1685255171346,38710,85155227,460,1510931,86188505
bd740fc2ef96,ac3d4da2e0d6,2,1685256100615,38710,85155227,460,1510931,86188505
bd740fc2ef96,ac3d4da2e0d6,39,1685256100679,38710,85155227,460,1510931,86188505
bd740fc2ef96,ac3d4da2e0d6,20,1685256110591,38710,85155227,460,1510931,86188505
bd740fc2ef96,ac3d4da2e0d6,2,1685258162003,38710,85155227,460,1510931,86188505
bd740fc2ef96,ac3d4da2e0d6,20,1685258171976,38710,85155227,460,1510931,86188505
bd740fc2ef96,ac3d4da2e0d6,2,1685261162628,38710,85155227,460,1510931,86188505
bd740fc2ef96,ac3d4da2e0d6,18,1685261162631,38710,85155227,460,1510931,86188505
bd740fc2ef96,ac3d4da2e0d6,36,1685261162654,38710,85155227,460,1510931,86188505
bd740fc2ef96,ac3d4da2e0d6,20,1685261172606,38710,85155227,460,1510931,86188505
bd740fc2ef96,ac3d4da2e0d6,2,1685262425368,38710,85155227,460,1510931,86188505
bd740fc2ef96,ac3d4da2e0d6,36,1685262425398,38710,85155227,460,1510931,86188505
bd740fc2ef96,ac3d4da2e0d6,39,1685262425442,38710,85155227,460,1510931,86188505
bd740fc2ef96,ac3d4da2e0d6,20,1685262435345,38710,85155227,460,1510931,86188505
bd740fc2ef96,ac3d4da2e0d6,2,1685263579238,38710,85155227,460,1510931,86188505
bd740fc2ef96,ac3d4da2e0d6,36,1685263579271,38710,85155227,460,1510931,86188505
bd740fc2ef96,ac3d4da2e0d6,20,1685263589219,38710,85155227,460,1510931,86188505
bd740fc2ef96,ac3d4da2e0d6,36,1685264163290,38710,85155227,460,1510931,86188505
bd740fc2ef96,ac3d4da2e0d6,4,1685264416429,38710,161568024,460,1510931,86188505
bd740fc2ef96,ac3d4da2e0d6,18,1685264417276,38710,161568024,460,1510931,86188505
bd740fc2ef96,ac3d4da2e0d6,36,1685264417308,38710,161568024,460,1510931,86188505
bd740fc2ef96,ac3d4da2e0d6,39,1685264417347,38710,161568024,460,1510931,86188505
bd740fc2ef96,ac3d4da2e0d6,20,1685264417634,38710,161568024,460,1510931,86188505
bd740fc2ef96,ac3d4da2e0d6,2,1685265587894,38710,85155227,460,1510931,86188505
bd740fc2ef96,ac3d4da2e0d6,18,1685265587897,38710,85155227,460,1510931,86188505
bd740fc2ef96,ac3d4da2e0d6,2,1685267163854,38710,85155227,460,1510931,86188505
bd740fc2ef96,ac3d4da2e0d6,18,1685267163857,38710,85155227,460,1510931,86188505
bd740fc2ef96,ac3d4da2e0d6,36,1685267163880,38710,85155227,460,1510931,86188505
bd740fc2ef96,ac3d4da2e0d6,20,1685267173822,38710,85155227,460,1510931,86188505
bd740fc2ef96,ac3d4da2e0d6,2,1685267532607,38710,85155227,460,1510931,86188505
bd740fc2ef96,ac3d4da2e0d6,39,1685267532673,38710,85155227,460,1510931,86188505
bd740fc2ef96,ac3d4da2e0d6,7,1685267532674,38710,85155227,460,1510931,86188505
bd740fc2ef96,ac3d4da2e0d6,20,1685267542588,38710,85155227,460,1510931,86188505
bd740fc2ef96,ac3d4da2e0d6,2,1685268750236,38710,162107161,460,1510931,86188505
bd740fc2ef96,ac3d4da2e0d6,18,1685268750239,38710,162107161,460,1510931,86188505
bd740fc2ef96,ac3d4da2e0d6,36,1685268750276,38710,162107161,460,1510931,86188505
bd740fc2ef96,ac3d4da2e0d6,5,1685268750891,38710,162107161,460,1510931,86188505
bd740fc2ef96,ac3d4da2e0d6,20,1685268750896,38710,162107161,460,1510931,86188505
bd740fc2ef96,ac3d4da2e0d6,20,1685268750919,38710,162107161,460,1510931,86188505
bd740fc2ef96,ac3d4da2e0d6,2,1685268752539,38710,162107161,460,1510931,86188505
bd740fc2ef96,ac3d4da2e0d6,18,1685268752542,38710,162107161,460,1510931,86188505
bd740fc2ef96,ac3d4da2e0d6,39,1685268752626,38710,162107161,460,1510931,86188505
bd740fc2ef96,ac3d4da2e0d6,5,1685268752921,38710,162107161,460,1510931,86188505
bd740fc2ef96,ac3d4da2e0d6,20,1685268752924,38710,162107161,460,1510931,86188505
bd740fc2ef96,ac3d4da2e0d6,18,1685270164720,38710,85155227,460,1510931,86188505
bd740fc2ef96,ac3d4da2e0d6,36,1685270164746,38710,85155227,460,1510931,86188505
bd740fc2ef96,ac3d4da2e0d6,39,1685270164782,38710,85155227,460,1510931,86188505
bd740fc2ef96,ac3d4da2e0d6,5,1685270266724,38841,161541786,460,1510931,86188505
bd740fc2ef96,ac3d4da2e0d6,20,1685270266747,38841,161541786,460,1510931,86188505
bd740fc2ef96,ac3d4da2e0d6,5,1685271905100,38709,251549017,460,1510931,86188505
bd740fc2ef96,ac3d4da2e0d6,5,1685271913380,38709,251549017,460,1510931,86188505
bd740fc2ef96,ac3d4da2e0d6,20,1685271913384,38709,251549017,460,1510931,86188505
bd740fc2ef96,ac3d4da2e0d6,20,1685271913408,38709,251549017,460,1510931,86188505
bd740fc2ef96,ac3d4da2e0d6,2,1685273165325,38709,161593117,460,1510931,86188505
bd740fc2ef96,ac3d4da2e0d6,18,1685273165329,38709,161593117,460,1510931,86188505
bd740fc2ef96,ac3d4da2e0d6,36,1685273165357,38709,161593117,460,1510931,86188505
bd740fc2ef96,ac3d4da2e0d6,39,1685273165378,38709,161593117,460,1510931,86188505
bd740fc2ef96,ac3d4da2e0d6,20,1685273166115,38709,161593117,460,1510931,86188505
bd740fc2ef96,ac3d4da2e0d6,2,1685275075263,38706,250745944,460,1510931,86188505
bd740fc2ef96,ac3d4da2e0d6,18,1685275075267,38706,250745944,460,1510931,86188505
bd740fc2ef96,ac3d4da2e0d6,36,1685275075299,38706,250745944,460,1510931,86188505
bd740fc2ef96,ac3d4da2e0d6,39,1685275075339,38706,250745944,460,1510931,86188505
bd740fc2ef96,ac3d4da2e0d6,20,1685275075892,38706,250745944,460,1510931,86188505
bd740fc2ef96,ac3d4da2e0d6,20,1685275075916,38706,250745944,460,1510931,86188505
bd740fc2ef96,ac3d4da2e0d6,5,1685275082075,38709,116429533,460,1510931,86188505
bd740fc2ef96,ac3d4da2e0d6,2,1685276166053,38709,116434905,460,1510931,86188505
bd740fc2ef96,ac3d4da2e0d6,18,1685276166058,38709,116434905,460,1510931,86188505
bd740fc2ef96,ac3d4da2e0d6,36,1685276166088,38709,116434905,460,1510931,86188505
bd740fc2ef96,ac3d4da2e0d6,39,1685276166124,38709,116434905,460,1510931,86188505
bd740fc2ef96,ac3d4da2e0d6,5,1685276166678,38709,116434905,460,1510931,86188505
bd740fc2ef96,ac3d4da2e0d6,20,1685276166710,38709,116434905,460,1510931,86188505
bd740fc2ef96,ac3d4da2e0d6,5,1685276406874,38706,250745691,460,1510931,86188505
bd740fc2ef96,ac3d4da2e0d6,20,1685276406902,38706,250745691,460,1510931,86188505
bd740fc2ef96,ac3d4da2e0d6,18,1685278237876,38706,250745689,460,1510931,86188505
bd740fc2ef96,ac3d4da2e0d6,36,1685278237902,38706,250745689,460,1510931,86188505
bd740fc2ef96,ac3d4da2e0d6,4,1685278377946,38706,250745944,460,1510931,86188505
bd740fc2ef96,ac3d4da2e0d6,2,1685278378148,38706,250745944,460,1510931,86188505
bd740fc2ef96,ac3d4da2e0d6,18,1685278378151,38706,250745944,460,1510931,86188505
bd740fc2ef96,ac3d4da2e0d6,39,1685278378238,38706,250745944,460,1510931,86188505
bd740fc2ef96,ac3d4da2e0d6,5,1685278378488,38706,250745944,460,1510931,86188505
bd740fc2ef96,ac3d4da2e0d6,20,1685278378491,38706,250745944,460,1510931,86188505
bd740fc2ef96,ac3d4da2e0d6,20,1685278378517,38706,250745944,460,1510931,86188505
bd740fc2ef96,ac3d4da2e0d6,5,1685278384387,38709,116429533,460,1510931,86188505
bd740fc2ef96,ac3d4da2e0d6,2,1685279166633,38709,116434905,460,1510931,86188505
bd740fc2ef96,ac3d4da2e0d6,18,1685279166637,38709,116434905,460,1510931,86188505
bd740fc2ef96,ac3d4da2e0d6,36,1685279166668,38709,116434905,460,1510931,86188505
bd740fc2ef96,ac3d4da2e0d6,5,1685279167568,38709,116434905,460,1510931,86188505
bd740fc2ef96,ac3d4da2e0d6,20,1685279167571,38709,116434905,460,1510931,86188505
bd740fc2ef96,ac3d4da2e0d6,20,1685279167600,38709,116434905,460,1510931,86188505
bd740fc2ef96,ac3d4da2e0d6,4,1685279168750,38709,116434905,460,1510931,86188505
bd740fc2ef96,ac3d4da2e0d6,2,1685279169178,38709,116434905,460,1510931,86188505
bd740fc2ef96,ac3d4da2e0d6,36,1685279169218,38709,116434905,460,1510931,86188505
bd740fc2ef96,ac3d4da2e0d6,39,1685279169248,38709,116434905,460,1510931,86188505
bd740fc2ef96,ac3d4da2e0d6,5,1685279169548,38709,116434905,460,1510931,86188505
bd740fc2ef96,ac3d4da2e0d6,5,1685280541432,38842,85709208,460,1510931,86188505
bd740fc2ef96,ac3d4da2e0d6,20,1685280541489,38842,85709208,460,1510931,86188505
bd740fc2ef96,ac3d4da2e0d6,5,1685280543840,38709,85260962,460,1510931,86188505
bd740fc2ef96,ac3d4da2e0d6,5,1685280555322,38842,251535704,460,1510931,86188505
bd740fc2ef96,ac3d4da2e0d6,5,1685280570677,38709,251533923,460,1510931,86188505
bd740fc2ef96,ac3d4da2e0d6,20,1685280570765,38709,251533923,460,1510931,86188505
bd740fc2ef96,ac3d4da2e0d6,5,1685280664140,38841,161632798,460,1510931,86188505
bd740fc2ef96,ac3d4da2e0d6,20,1685280795129,38842,161559328,460,1510931,86188505
bd740fc2ef96,ac3d4da2e0d6,5,1685280806217,38839,116869082,460,1510931,86188505
bd740fc2ef96,ac3d4da2e0d6,20,1685280806291,38839,116869082,460,1510931,86188505
bd740fc2ef96,ac3d4da2e0d6,2,1685281400298,38710,85155227,460,1510931,86188505
bd740fc2ef96,ac3d4da2e0d6,39,1685281400366,38710,85155227,460,1510931,86188505
bd740fc2ef96,ac3d4da2e0d6,20,1685281410278,38710,85155227,460,1510931,86188505
bd740fc2ef96,ac3d4da2e0d6,2,1685282167538,38710,85155227,460,1510931,86188505
bd740fc2ef96,ac3d4da2e0d6,18,1685282167541,38710,85155227,460,1510931,86188505
bd740fc2ef96,ac3d4da2e0d6,36,1685282167569,38710,85155227,460,1510931,86188505
bd740fc2ef96,ac3d4da2e0d6,39,1685282167616,38710,85155227,460,1510931,86188505
bd740fc2ef96,ac3d4da2e0d6,20,1685282177518,38710,85155227,460,1510931,86188505
bd740fc2ef96,ac3d4da2e0d6,2,1685283926779,38710,85155227,460,1510931,86188505
bd740fc2ef96,ac3d4da2e0d6,18,1685283926783,38710,85155227,460,1510931,86188505
bd740fc2ef96,ac3d4da2e0d6,36,1685283926809,38710,85155227,460,1510931,86188505
bd740fc2ef96,ac3d4da2e0d6,39,1685283926842,38710,85155227,460,1510931,86188505
bd740fc2ef96,ac3d4da2e0d6,8,1685283926843,38710,85155227,460,1510931,86188505
bd740fc2ef96,ac3d4da2e0d6,21,1685283926878,38710,85155227,460,1510931,86188505
bd740fc2ef96,ac3d4da2e0d6,11,1685283926878,38710,85155227,460,1510931,86188505
bd740fc2ef96,ac3d4da2e0d6,20,1685283936758,38710,85155227,460,1510931,86188505
bd740fc2ef96,ac3d4da2e0d6,2,1685284562781,38710,85155227,460,1510931,86188505
bd740fc2ef96,ac3d4da2e0d6,18,1685284562784,38710,85155227,460,1510931,86188505
bd740fc2ef96,ac3d4da2e0d6,36,1685284562811,38710,85155227,460,1510931,86188505
bd740fc2ef96,ac3d4da2e0d6,39,1685284562846,38710,85155227,460,1510931,86188505
bd740fc2ef96,ac3d4da2e0d6,20,1685284572762,38710,85155227,460,1510931,86188505
bd740fc2ef96,ac3d4da2e0d6,2,1685285168227,38710,161568024,460,1510931,86188505
bd740fc2ef96,ac3d4da2e0d6,18,1685285168229,38710,161568024,460,1510931,86188505
bd740fc2ef96,ac3d4da2e0d6,36,1685285168262,38710,161568024,460,1510931,86188505
bd740fc2ef96,ac3d4da2e0d6,39,1685285168302,38710,161568024,460,1510931,86188505
bd740fc2ef96,ac3d4da2e0d6,20,1685285178178,38710,161568024,460,1510931,86188505
bd740fc2ef96,ac3d4da2e0d6,2,1685287725167,38710,85155227,460,1510931,86188505
bd740fc2ef96,ac3d4da2e0d6,18,1685287725170,38710,85155227,460,1510931,86188505
bd740fc2ef96,ac3d4da2e0d6,20,1685287735148,38710,85155227,460,1510931,86188505
bd740fc2ef96,ac3d4da2e0d6,2,1685287909197,38710,85155227,460,1510931,86188505
bd740fc2ef96,ac3d4da2e0d6,18,1685287909201,38710,85155227,460,1510931,86188505
bd740fc2ef96,ac3d4da2e0d6,36,1685287909226,38710,85155227,460,1510931,86188505
bd740fc2ef96,ac3d4da2e0d6,39,1685287909261,38710,85155227,460,1510931,86188505
bd740fc2ef96,ac3d4da2e0d6,7,1685287909264,38710,85155227,460,1510931,86188505
bd740fc2ef96,ac3d4da2e0d6,41,1685287909300,38710,85155227,460,1510931,86188505
bd740fc2ef96,ac3d4da2e0d6,34,1685287909300,38710,85155227,460,1510931,86188505
bd740fc2ef96,ac3d4da2e0d6,20,1685287919177,38710,85155227,460,1510931,86188505
bd740fc2ef96,ac3d4da2e0d6,18,1685288168917,38710,85155227,460,1510931,86188505
bd740fc2ef96,ac3d4da2e0d6,36,1685288168943,38710,85155227,460,1510931,86188505
bd740fc2ef96,ac3d4da2e0d6,39,1685288168983,38710,85155227,460,1510931,86188505
bd740fc2ef96,ac3d4da2e0d6,20,1685288178890,38710,85155227,460,1510931,86188505
bd740fc2ef96,ac3d4da2e0d6,2,1685289346472,38710,85155227,460,1510931,86188505
bd740fc2ef96,ac3d4da2e0d6,18,1685289346474,38710,85155227,460,1510931,86188505
bd740fc2ef96,ac3d4da2e0d6,36,1685289346502,38710,85155227,460,1510931,86188505
bd740fc2ef96,ac3d4da2e0d6,39,1685289346544,38710,85155227,460,1510931,86188505
bd740fc2ef96,ac3d4da2e0d6,5,1685289346807,38710,85155227,460,1510931,86188505
bd740fc2ef96,ac3d4da2e0d6,20,1685289346810,38710,85155227,460,1510931,86188505
bd740fc2ef96,ac3d4da2e0d6,20,1685289346834,38710,85155227,460,1510931,86188505
