be50b7eddec2,fcf0cc4cdb49,36,1685204299559,38713,85280154,460,1839702,86746403
be50b7eddec2,fcf0cc4cdb49,20,1685204311822,38713,85280154,460,1839702,86746403
be50b7eddec2,fcf0cc4cdb49,20,1685204325150,38713,85280154,460,1839702,86746403
be50b7eddec2,fcf0cc4cdb49,2,1685205665871,38713,85280154,460,1839702,86746403
be50b7eddec2,fcf0cc4cdb49,36,1685205665941,38713,85280154,460,1839702,86746403
be50b7eddec2,fcf0cc4cdb49,2,1685205679198,38713,85280154,460,1839702,86746403
be50b7eddec2,fcf0cc4cdb49,36,1685205679269,38713,85280154,460,1839702,86746403
be50b7eddec2,fcf0cc4cdb49,20,1685205679805,38713,85280154,460,1839702,86746403
be50b7eddec2,fcf0cc4cdb49,20,1685205693133,38713,85280154,460,1839702,86746403
be50b7eddec2,fcf0cc4cdb49,4,1685207001467,38713,85280154,460,1839702,86746403
be50b7eddec2,fcf0cc4cdb49,36,1685207015560,38713,85280154,460,1839702,86746403
be50b7eddec2,fcf0cc4cdb49,2,1685207299815,38713,85280154,460,1839702,86746403
be50b7eddec2,fcf0cc4cdb49,36,1685207299878,38713,85280154,460,1839702,86746403
be50b7eddec2,fcf0cc4cdb49,36,1685207313203,38713,85280154,460,1839702,86746403
be50b7eddec2,fcf0cc4cdb49,20,1685207313802,38713,85280154,460,1839702,86746403
be50b7eddec2,fcf0cc4cdb49,2,1685208827494,38713,85280154,460,1839702,86746403
be50b7eddec2,fcf0cc4cdb49,36,1685208827559,38713,85280154,460,1839702,86746403
be50b7eddec2,fcf0cc4cdb49,2,1685208840816,38713,85280154,460,1839702,86746403
be50b7eddec2,fcf0cc4cdb49,36,1685208840880,38713,85280154,460,1839702,86746403
be50b7eddec2,fcf0cc4cdb49,20,1685208853122,38713,85280154,460,1839702,86746403
be50b7eddec2,fcf0cc4cdb49,2,1685210300779,38713,85280154,460,1839702,86746403
be50b7eddec2,fcf0cc4cdb49,36,1685210300844,38713,85280154,460,1839702,86746403
be50b7eddec2,fcf0cc4cdb49,20,1685210313801,38713,85280154,460,1839702,86746403
be50b7eddec2,fcf0cc4cdb49,2,1685210314099,38713,85280154,460,1839702,86746403
be50b7eddec2,fcf0cc4cdb49,36,1685210314165,38713,85280154,460,1839702,86746403
be50b7eddec2,fcf0cc4cdb49,20,1685210327121,38713,85280154,460,1839702,86746403
be50b7eddec2,fcf0cc4cdb49,2,1685211988451,38713,85280154,460,1839702,86746403
be50b7eddec2,fcf0cc4cdb49,36,1685211988515,38713,85280154,460,1839702,86746403
be50b7eddec2,fcf0cc4cdb49,2,1685212001770,38713,85280154,460,1839702,86746403
be50b7eddec2,fcf0cc4cdb49,20,1685212001804,38713,85280154,460,1839702,86746403
be50b7eddec2,fcf0cc4cdb49,36,1685212001834,38713,85280154,460,1839702,86746403
be50b7eddec2,fcf0cc4cdb49,20,1685212015124,38713,85280154,460,1839702,86746403
be50b7eddec2,fcf0cc4cdb49,2,1685213301729,38713,85280154,460,1839702,86746403
be50b7eddec2,fcf0cc4cdb49,2,1685213315049,38713,85280154,460,1839702,86746403
be50b7eddec2,fcf0cc4cdb49,36,1685213315115,38713,85280154,460,1839702,86746403
be50b7eddec2,fcf0cc4cdb49,2,1685215149451,38713,85280154,460,1839702,86746403
be50b7eddec2,fcf0cc4cdb49,36,1685215149493,38713,85280154,460,1839702,86746403
be50b7eddec2,fcf0cc4cdb49,20,1685215175119,38713,85280154,460,1839702,86746403
be50b7eddec2,fcf0cc4cdb49,2,1685216302688,38713,85280154,460,1839702,86746403
be50b7eddec2,fcf0cc4cdb49,20,1685216315805,38713,85280154,460,1839702,86746403
be50b7eddec2,fcf0cc4cdb49,2,1685216316010,38713,85280154,460,1839702,86746403
be50b7eddec2,fcf0cc4cdb49,36,1685216316076,38713,85280154,460,1839702,86746403
be50b7eddec2,fcf0cc4cdb49,20,1685216329127,38713,85280154,460,1839702,86746403
be50b7eddec2,fcf0cc4cdb49,2,1685218310353,38713,85280154,460,1839702,86746403
be50b7eddec2,fcf0cc4cdb49,36,1685218323743,38713,85280154,460,1839702,86746403
be50b7eddec2,fcf0cc4cdb49,20,1685218323803,38713,85280154,460,1839702,86746403
be50b7eddec2,fcf0cc4cdb49,4,1685219145493,38713,85280154,460,1839702,86746403
be50b7eddec2,fcf0cc4cdb49,2,1685219146213,38713,85280154,460,1839702,86746403
be50b7eddec2,fcf0cc4cdb49,36,1685219146277,38713,85280154,460,1839702,86746403
be50b7eddec2,fcf0cc4cdb49,4,1685219158819,38713,85280154,460,1839702,86746403
be50b7eddec2,fcf0cc4cdb49,20,1685219173130,38713,85280154,460,1839702,86746403
be50b7eddec2,fcf0cc4cdb49,2,1685219303673,38713,85280154,460,1839702,86746403
be50b7eddec2,fcf0cc4cdb49,36,1685219303739,38713,85280154,460,1839702,86746403
be50b7eddec2,fcf0cc4cdb49,36,1685219317065,38713,85280154,460,1839702,86746403
be50b7eddec2,fcf0cc4cdb49,20,1685219317796,38713,85280154,460,1839702,86746403
be50b7eddec2,fcf0cc4cdb49,20,1685219331122,38713,85280154,460,1839702,86746403
be50b7eddec2,fcf0cc4cdb49,20,1685221483797,38713,85280154,460,1839702,86746403
be50b7eddec2,fcf0cc4cdb49,2,1685221484644,38713,85280154,460,1839702,86746403
be50b7eddec2,fcf0cc4cdb49,36,1685221484707,38713,85280154,460,1839702,86746403
be50b7eddec2,fcf0cc4cdb49,20,1685221497128,38713,85280154,460,1839702,86746403
be50b7eddec2,fcf0cc4cdb49,36,1685222304668,38713,85280154,460,1839702,86746403
be50b7eddec2,fcf0cc4cdb49,20,1685222317797,38713,85280154,460,1839702,86746403
be50b7eddec2,fcf0cc4cdb49,2,1685222317939,38713,85280154,460,1839702,86746403
be50b7eddec2,fcf0cc4cdb49,36,1685222318000,38713,85280154,460,1839702,86746403
be50b7eddec2,fcf0cc4cdb49,20,1685222331130,38713,85280154,460,1839702,86746403
be50b7eddec2,fcf0cc4cdb49,2,1685224632271,38713,85280154,460,1839702,86746403
be50b7eddec2,fcf0cc4cdb49,20,1685224659138,38713,85280154,460,1839702,86746403
be50b7eddec2,fcf0cc4cdb49,2,1685225305547,38713,85280154,460,1839702,86746403
be50b7eddec2,fcf0cc4cdb49,36,1685225305610,38713,85280154,460,1839702,86746403
be50b7eddec2,fcf0cc4cdb49,20,1685225317798,38713,85280154,460,1839702,86746403
be50b7eddec2,fcf0cc4cdb49,2,1685225318885,38713,85280154,460,1839702,86746403
be50b7eddec2,fcf0cc4cdb49,36,1685225318948,38713,85280154,460,1839702,86746403
be50b7eddec2,fcf0cc4cdb49,20,1685225331137,38713,85280154,460,1839702,86746403
be50b7eddec2,fcf0cc4cdb49,2,1685226616765,38713,85280154,460,1839702,86746403
be50b7eddec2,fcf0cc4cdb49,7,1685226616851,38713,85280154,460,1839702,86746403
be50b7eddec2,fcf0cc4cdb49,41,1685226616991,38713,85280154,460,1839702,86746403
be50b7eddec2,fcf0cc4cdb49,2,1685226630106,38713,85280154,460,1839702,86746403
be50b7eddec2,fcf0cc4cdb49,36,1685226630167,38713,85280154,460,1839702,86746403
be50b7eddec2,fcf0cc4cdb49,7,1685226630192,38713,85280154,460,1839702,86746403
be50b7eddec2,fcf0cc4cdb49,34,1685226630332,38713,85280154,460,1839702,86746403
be50b7eddec2,fcf0cc4cdb49,20,1685226643796,38713,85280154,460,1839702,86746403
be50b7eddec2,fcf0cc4cdb49,20,1685226657137,38713,85280154,460,1839702,86746403
be50b7eddec2,fcf0cc4cdb49,36,1685227303286,38713,85280154,460,1839702,86746403
be50b7eddec2,fcf0cc4cdb49,36,1685227316628,38713,85280154,460,1839702,86746403
be50b7eddec2,fcf0cc4cdb49,20,1685227805792,38713,85280154,460,1839702,86746403
be50b7eddec2,fcf0cc4cdb49,2,1685227806552,38713,85280154,460,1839702,86746403
be50b7eddec2,fcf0cc4cdb49,20,1685227819135,38713,85280154,460,1839702,86746403
be50b7eddec2,fcf0cc4cdb49,36,1685227873930,38713,85280154,460,1839702,86746403
be50b7eddec2,fcf0cc4cdb49,2,1685227887207,38713,85280154,460,1839702,86746403
be50b7eddec2,fcf0cc4cdb49,36,1685227887272,38713,85280154,460,1839702,86746403
be50b7eddec2,fcf0cc4cdb49,20,1685227895793,38713,85280154,460,1839702,86746403
be50b7eddec2,fcf0cc4cdb49,4,1685227906266,38713,85280154,460,1839702,86746403
be50b7eddec2,fcf0cc4cdb49,2,1685227906505,38713,85280154,460,1839702,86746403
be50b7eddec2,fcf0cc4cdb49,4,1685227919608,38713,85280154,460,1839702,86746403
be50b7eddec2,fcf0cc4cdb49,2,1685227919847,38713,85280154,460,1839702,86746403
be50b7eddec2,fcf0cc4cdb49,36,1685227919909,38713,85280154,460,1839702,86746403
be50b7eddec2,fcf0cc4cdb49,20,1685227925794,38713,85280154,460,1839702,86746403
be50b7eddec2,fcf0cc4cdb49,20,1685227939136,38713,85280154,460,1839702,86746403
be50b7eddec2,fcf0cc4cdb49,2,1685228010885,38713,85280154,460,1839702,86746403
be50b7eddec2,fcf0cc4cdb49,36,1685228010946,38713,85280154,460,1839702,86746403
be50b7eddec2,fcf0cc4cdb49,36,1685228024288,38713,85280154,460,1839702,86746403
be50b7eddec2,fcf0cc4cdb49,20,1685228039152,38713,85280154,460,1839702,86746403
be50b7eddec2,fcf0cc4cdb49,36,1685228306846,38713,85280154,460,1839702,86746403
be50b7eddec2,fcf0cc4cdb49,2,1685228320128,38713,85280154,460,1839702,86746403
be50b7eddec2,fcf0cc4cdb49,36,1685228320189,38713,85280154,460,1839702,86746403
be50b7eddec2,fcf0cc4cdb49,20,1685228333143,38713,85280154,460,1839702,86746403
be50b7eddec2,fcf0cc4cdb49,2,1685228634265,38713,85280154,460,1839702,86746403
be50b7eddec2,fcf0cc4cdb49,36,1685228634326,38713,85280154,460,1839702,86746403
be50b7eddec2,fcf0cc4cdb49,2,1685228647608,38713,85280154,460,1839702,86746403
be50b7eddec2,fcf0cc4cdb49,36,1685228647670,38713,85280154,460,1839702,86746403
be50b7eddec2,fcf0cc4cdb49,20,1685228647794,38713,85280154,460,1839702,86746403
be50b7eddec2,fcf0cc4cdb49,20,1685228661137,38713,85280154,460,1839702,86746403
be50b7eddec2,fcf0cc4cdb49,2,1685228936905,38713,85280154,460,1839702,86746403
be50b7eddec2,fcf0cc4cdb49,36,1685228936967,38713,85280154,460,1839702,86746403
be50b7eddec2,fcf0cc4cdb49,20,1685228949798,38713,85280154,460,1839702,86746403
be50b7eddec2,fcf0cc4cdb49,2,1685228950249,38713,85280154,460,1839702,86746403
be50b7eddec2,fcf0cc4cdb49,36,1685228950312,38713,85280154,460,1839702,86746403
be50b7eddec2,fcf0cc4cdb49,20,1685228963142,38713,85280154,460,1839702,86746403
be50b7eddec2,fcf0cc4cdb49,2,1685229262988,38713,85280154,460,1839702,86746403
be50b7eddec2,fcf0cc4cdb49,36,1685229263049,38713,85280154,460,1839702,86746403
be50b7eddec2,fcf0cc4cdb49,20,1685229263802,38713,85280154,460,1839702,86746403
be50b7eddec2,fcf0cc4cdb49,2,1685229570484,38713,85280154,460,1839702,86746403
be50b7eddec2,fcf0cc4cdb49,36,1685229570544,38713,85280154,460,1839702,86746403
be50b7eddec2,fcf0cc4cdb49,20,1685229583796,38713,85280154,460,1839702,86746403
be50b7eddec2,fcf0cc4cdb49,2,1685229583828,38713,85280154,460,1839702,86746403
be50b7eddec2,fcf0cc4cdb49,36,1685229583889,38713,85280154,460,1839702,86746403
be50b7eddec2,fcf0cc4cdb49,20,1685229597140,38713,85280154,460,1839702,86746403
be50b7eddec2,fcf0cc4cdb49,2,1685230132304,38713,85280154,460,1839702,86746403
be50b7eddec2,fcf0cc4cdb49,36,1685230132365,38713,85280154,460,1839702,86746403
be50b7eddec2,fcf0cc4cdb49,2,1685230145649,38713,85280154,460,1839702,86746403
be50b7eddec2,fcf0cc4cdb49,36,1685230145710,38713,85280154,460,1839702,86746403
be50b7eddec2,fcf0cc4cdb49,20,1685230145794,38713,85280154,460,1839702,86746403
be50b7eddec2,fcf0cc4cdb49,20,1685230159139,38713,85280154,460,1839702,86746403
be50b7eddec2,fcf0cc4cdb49,2,1685230438343,38713,85280154,460,1839702,86746403
be50b7eddec2,fcf0cc4cdb49,36,1685230438414,38713,85280154,460,1839702,86746403
be50b7eddec2,fcf0cc4cdb49,36,1685230451759,38713,85280154,460,1839702,86746403
be50b7eddec2,fcf0cc4cdb49,20,1685230451798,38713,85280154,460,1839702,86746403
be50b7eddec2,fcf0cc4cdb49,20,1685230465144,38713,85280154,460,1839702,86746403
be50b7eddec2,fcf0cc4cdb49,18,1685230743625,38713,85280154,460,1839702,86746403
be50b7eddec2,fcf0cc4cdb49,36,1685230743690,38713,85280154,460,1839702,86746403
be50b7eddec2,fcf0cc4cdb49,2,1685230756968,38713,85280154,460,1839702,86746403
be50b7eddec2,fcf0cc4cdb49,18,1685230756970,38713,85280154,460,1839702,86746403
be50b7eddec2,fcf0cc4cdb49,36,1685230757035,38713,85280154,460,1839702,86746403
be50b7eddec2,fcf0cc4cdb49,20,1685230757792,38713,85280154,460,1839702,86746403
be50b7eddec2,fcf0cc4cdb49,20,1685230771137,38713,85280154,460,1839702,86746403
be50b7eddec2,fcf0cc4cdb49,4,1685230826588,38713,85280154,460,1839702,86746403
be50b7eddec2,fcf0cc4cdb49,2,1685230826824,38713,85280154,460,1839702,86746403
be50b7eddec2,fcf0cc4cdb49,36,1685230826884,38713,85280154,460,1839702,86746403
be50b7eddec2,fcf0cc4cdb49,4,1685230839933,38713,85280154,460,1839702,86746403
be50b7eddec2,fcf0cc4cdb49,2,1685230840169,38713,85280154,460,1839702,86746403
be50b7eddec2,fcf0cc4cdb49,36,1685230840229,38713,85280154,460,1839702,86746403
be50b7eddec2,fcf0cc4cdb49,36,1685230954263,38713,85280154,460,1839702,86746403
be50b7eddec2,fcf0cc4cdb49,36,1685230967609,38713,85280154,460,1839702,86746403
be50b7eddec2,fcf0cc4cdb49,20,1685230967795,38713,85280154,460,1839702,86746403
be50b7eddec2,fcf0cc4cdb49,2,1685231053369,38713,85280154,460,1839702,86746403
be50b7eddec2,fcf0cc4cdb49,20,1685231065796,38713,85280154,460,1839702,86746403
be50b7eddec2,fcf0cc4cdb49,2,1685231066714,38713,85280154,460,1839702,86746403
be50b7eddec2,fcf0cc4cdb49,36,1685231066777,38713,85280154,460,1839702,86746403
be50b7eddec2,fcf0cc4cdb49,20,1685231079142,38713,85280154,460,1839702,86746403
be50b7eddec2,fcf0cc4cdb49,2,1685231308144,38713,85280154,460,1839702,86746403
be50b7eddec2,fcf0cc4cdb49,2,1685231321489,38713,85280154,460,1839702,86746403
be50b7eddec2,fcf0cc4cdb49,36,1685231321553,38713,85280154,460,1839702,86746403
be50b7eddec2,fcf0cc4cdb49,20,1685231321800,38713,85280154,460,1839702,86746403
be50b7eddec2,fcf0cc4cdb49,20,1685231335146,38713,85280154,460,1839702,86746403
be50b7eddec2,fcf0cc4cdb49,2,1685232422023,38713,85280154,460,1839702,86746403
be50b7eddec2,fcf0cc4cdb49,36,1685232435429,38713,85280154,460,1839702,86746403
be50b7eddec2,fcf0cc4cdb49,20,1685232435795,38713,85280154,460,1839702,86746403
be50b7eddec2,fcf0cc4cdb49,20,1685232449140,38713,85280154,460,1839702,86746403
be50b7eddec2,fcf0cc4cdb49,2,1685233020143,38713,85280154,460,1839702,86746403
be50b7eddec2,fcf0cc4cdb49,36,1685233020204,38713,85280154,460,1839702,86746403
be50b7eddec2,fcf0cc4cdb49,20,1685233033794,38713,85280154,460,1839702,86746403
be50b7eddec2,fcf0cc4cdb49,20,1685233047138,38713,85280154,460,1839702,86746403
be50b7eddec2,fcf0cc4cdb49,36,1685233335168,38713,85280154,460,1839702,86746403
be50b7eddec2,fcf0cc4cdb49,2,1685233348448,38713,85280154,460,1839702,86746403
be50b7eddec2,fcf0cc4cdb49,36,1685233348513,38713,85280154,460,1839702,86746403
be50b7eddec2,fcf0cc4cdb49,20,1685233361143,38713,85280154,460,1839702,86746403
be50b7eddec2,fcf0cc4cdb49,2,1685233650163,38713,85280154,460,1839702,86746403
be50b7eddec2,fcf0cc4cdb49,2,1685233663507,38713,85280154,460,1839702,86746403
be50b7eddec2,fcf0cc4cdb49,2,1685234129027,38713,85280154,460,1839702,86746403
be50b7eddec2,fcf0cc4cdb49,36,1685234129103,38713,85280154,460,1839702,86746403
be50b7eddec2,fcf0cc4cdb49,36,1685234321447,38713,85280154,460,1839702,86746403
be50b7eddec2,fcf0cc4cdb49,20,1685234321791,38713,85280154,460,1839702,86746403
be50b7eddec2,fcf0cc4cdb49,20,1685234335135,38713,85280154,460,1839702,86746403
be50b7eddec2,fcf0cc4cdb49,2,1685234418323,38713,85280154,460,1839702,86746403
be50b7eddec2,fcf0cc4cdb49,36,1685234418383,38713,85280154,460,1839702,86746403
be50b7eddec2,fcf0cc4cdb49,2,1685234431667,38713,85280154,460,1839702,86746403
be50b7eddec2,fcf0cc4cdb49,36,1685234431727,38713,85280154,460,1839702,86746403
be50b7eddec2,fcf0cc4cdb49,36,1685234720959,38713,85280154,460,1839702,86746403
be50b7eddec2,fcf0cc4cdb49,2,1685234734226,38713,85280154,460,1839702,86746403
be50b7eddec2,fcf0cc4cdb49,36,1685234734302,38713,85280154,460,1839702,86746403
be50b7eddec2,fcf0cc4cdb49,20,1685234747142,38713,85280154,460,1839702,86746403
be50b7eddec2,fcf0cc4cdb49,2,1685235021063,38713,85280154,460,1839702,86746403
be50b7eddec2,fcf0cc4cdb49,36,1685235021128,38713,85280154,460,1839702,86746403
be50b7eddec2,fcf0cc4cdb49,20,1685235033791,38713,85280154,460,1839702,86746403
be50b7eddec2,fcf0cc4cdb49,36,1685235034472,38713,85280154,460,1839702,86746403
be50b7eddec2,fcf0cc4cdb49,20,1685235047135,38713,85280154,460,1839702,86746403
be50b7eddec2,fcf0cc4cdb49,36,1685237291424,38713,85280154,460,1839702,86746403
be50b7eddec2,fcf0cc4cdb49,20,1685237291793,38713,85280154,460,1839702,86746403
be50b7eddec2,fcf0cc4cdb49,20,1685237305133,38713,85280154,460,1839702,86746403
be50b7eddec2,fcf0cc4cdb49,20,1685237321793,38713,85280154,460,1839702,86746403
be50b7eddec2,fcf0cc4cdb49,36,1685237322149,38713,85280154,460,1839702,86746403
be50b7eddec2,fcf0cc4cdb49,20,1685237335134,38713,85280154,460,1839702,86746403
be50b7eddec2,fcf0cc4cdb49,2,1685237599123,38713,85280154,460,1839702,86746403
be50b7eddec2,fcf0cc4cdb49,2,1685237612463,38713,85280154,460,1839702,86746403
be50b7eddec2,fcf0cc4cdb49,36,1685237612524,38713,85280154,460,1839702,86746403
be50b7eddec2,fcf0cc4cdb49,20,1685237625137,38713,85280154,460,1839702,86746403
be50b7eddec2,fcf0cc4cdb49,2,1685237931323,38713,85280154,460,1839702,86746403
be50b7eddec2,fcf0cc4cdb49,36,1685237931383,38713,85280154,460,1839702,86746403
be50b7eddec2,fcf0cc4cdb49,36,1685237944723,38713,85280154,460,1839702,86746403
be50b7eddec2,fcf0cc4cdb49,36,1685238322543,38713,85280154,460,1839702,86746403
be50b7eddec2,fcf0cc4cdb49,2,1685238335821,38713,85280154,460,1839702,86746403
be50b7eddec2,fcf0cc4cdb49,36,1685238335882,38713,85280154,460,1839702,86746403
be50b7eddec2,fcf0cc4cdb49,2,1685238669863,38713,85280154,460,1839702,86746403
be50b7eddec2,fcf0cc4cdb49,2,1685238683202,38713,85280154,460,1839702,86746403
be50b7eddec2,fcf0cc4cdb49,36,1685238683267,38713,85280154,460,1839702,86746403
be50b7eddec2,fcf0cc4cdb49,20,1685238683792,38713,85280154,460,1839702,86746403
be50b7eddec2,fcf0cc4cdb49,20,1685238697130,38713,85280154,460,1839702,86746403
be50b7eddec2,fcf0cc4cdb49,20,1685239021796,38713,85280154,460,1839702,86746403
be50b7eddec2,fcf0cc4cdb49,36,1685239022602,38713,85280154,460,1839702,86746403
be50b7eddec2,fcf0cc4cdb49,20,1685239035135,38713,85280154,460,1839702,86746403
be50b7eddec2,fcf0cc4cdb49,20,1685240337129,38713,85280154,460,1839702,86746403
be50b7eddec2,fcf0cc4cdb49,2,1685240439642,38713,85280154,460,1839702,86746403
be50b7eddec2,fcf0cc4cdb49,36,1685240439706,38713,85280154,460,1839702,86746403
be50b7eddec2,fcf0cc4cdb49,2,1685242816641,38713,85280154,460,1839702,86746403
be50b7eddec2,fcf0cc4cdb49,36,1685242816703,38713,85280154,460,1839702,86746403
be50b7eddec2,fcf0cc4cdb49,20,1685242829799,38713,85280154,460,1839702,86746403
be50b7eddec2,fcf0cc4cdb49,2,1685242829972,38713,85280154,460,1839702,86746403
be50b7eddec2,fcf0cc4cdb49,36,1685242830034,38713,85280154,460,1839702,86746403
be50b7eddec2,fcf0cc4cdb49,20,1685242843130,38713,85280154,460,1839702,86746403
be50b7eddec2,fcf0cc4cdb49,36,1685243310418,38713,85280154,460,1839702,86746403
be50b7eddec2,fcf0cc4cdb49,18,1685243375040,38713,85280154,460,1839702,86746403
be50b7eddec2,fcf0cc4cdb49,36,1685243375107,38713,85280154,460,1839702,86746403
be50b7eddec2,fcf0cc4cdb49,2,1685243388372,38713,85280154,460,1839702,86746403
be50b7eddec2,fcf0cc4cdb49,36,1685243388436,38713,85280154,460,1839702,86746403
be50b7eddec2,fcf0cc4cdb49,36,1685243615271,38713,85280154,460,1839702,86746403
be50b7eddec2,fcf0cc4cdb49,20,1685243629118,38713,85280154,460,1839702,86746403
be50b7eddec2,fcf0cc4cdb49,36,1685244345608,38713,85280154,460,1839702,86746403
be50b7eddec2,fcf0cc4cdb49,20,1685244357789,38713,85280154,460,1839702,86746403
be50b7eddec2,fcf0cc4cdb49,20,1685244371118,38713,85280154,460,1839702,86746403
be50b7eddec2,fcf0cc4cdb49,2,1685244817461,38713,85280154,460,1839702,86746403
be50b7eddec2,fcf0cc4cdb49,36,1685244817521,38713,85280154,460,1839702,86746403
be50b7eddec2,fcf0cc4cdb49,20,1685244829796,38713,85280154,460,1839702,86746403
be50b7eddec2,fcf0cc4cdb49,2,1685244830789,38713,85280154,460,1839702,86746403
be50b7eddec2,fcf0cc4cdb49,36,1685244830850,38713,85280154,460,1839702,86746403
be50b7eddec2,fcf0cc4cdb49,36,1685245381681,38713,85280154,460,1839702,86746403
be50b7eddec2,fcf0cc4cdb49,20,1685245395793,38713,85280154,460,1839702,86746403
be50b7eddec2,fcf0cc4cdb49,20,1685245409121,38713,85280154,460,1839702,86746403
be50b7eddec2,fcf0cc4cdb49,2,1685246323708,38713,85280154,460,1839702,86746403
be50b7eddec2,fcf0cc4cdb49,36,1685246323784,38713,85280154,460,1839702,86746403
be50b7eddec2,fcf0cc4cdb49,20,1685246323796,38713,85280154,460,1839702,86746403
be50b7eddec2,fcf0cc4cdb49,20,1685246337123,38713,85280154,460,1839702,86746403
be50b7eddec2,fcf0cc4cdb49,18,1685246764097,38713,85280154,460,1839702,86746403
be50b7eddec2,fcf0cc4cdb49,2,1685246764100,38713,85280154,460,1839702,86746403
be50b7eddec2,fcf0cc4cdb49,18,1685247221998,38713,85280154,460,1839702,86746403
be50b7eddec2,fcf0cc4cdb49,2,1685247222000,38713,85280154,460,1839702,86746403
be50b7eddec2,fcf0cc4cdb49,20,1685247235788,38713,85280154,460,1839702,86746403
be50b7eddec2,fcf0cc4cdb49,20,1685247249115,38713,85280154,460,1839702,86746403
be50b7eddec2,fcf0cc4cdb49,2,1685247701202,38713,85280154,460,1839702,86746403
be50b7eddec2,fcf0cc4cdb49,2,1685247714529,38713,85280154,460,1839702,86746403
be50b7eddec2,fcf0cc4cdb49,36,1685247714588,38713,85280154,460,1839702,86746403
be50b7eddec2,fcf0cc4cdb49,2,1685248042225,38713,85280154,460,1839702,86746403
be50b7eddec2,fcf0cc4cdb49,36,1685248042287,38713,85280154,460,1839702,86746403
be50b7eddec2,fcf0cc4cdb49,36,1685248055614,38713,85280154,460,1839702,86746403
be50b7eddec2,fcf0cc4cdb49,20,1685248055789,38713,85280154,460,1839702,86746403
be50b7eddec2,fcf0cc4cdb49,20,1685248069116,38713,85280154,460,1839702,86746403
be50b7eddec2,fcf0cc4cdb49,2,1685248361440,38713,85280154,460,1839702,86746403
be50b7eddec2,fcf0cc4cdb49,20,1685248373794,38713,85280154,460,1839702,86746403
be50b7eddec2,fcf0cc4cdb49,20,1685248387121,38713,85280154,460,1839702,86746403
be50b7eddec2,fcf0cc4cdb49,18,1685248732121,38713,85280154,460,1839702,86746403
be50b7eddec2,fcf0cc4cdb49,2,1685248745452,38713,85280154,460,1839702,86746403
be50b7eddec2,fcf0cc4cdb49,20,1685248745789,38713,85280154,460,1839702,86746403
be50b7eddec2,fcf0cc4cdb49,18,1685248747075,38713,85280154,460,1839702,86746403
be50b7eddec2,fcf0cc4cdb49,2,1685248747080,38713,85280154,460,1839702,86746403
be50b7eddec2,fcf0cc4cdb49,20,1685248759116,38713,85280154,460,1839702,86746403
be50b7eddec2,fcf0cc4cdb49,2,1685248760406,38713,85280154,460,1839702,86746403
be50b7eddec2,fcf0cc4cdb49,36,1685248760467,38713,85280154,460,1839702,86746403
be50b7eddec2,fcf0cc4cdb49,14,1685248784587,38713,85280154,460,1839702,86746403
be50b7eddec2,fcf0cc4cdb49,18,1685248799956,38713,85280154,460,1839702,86746403
be50b7eddec2,fcf0cc4cdb49,2,1685248799960,38713,85280154,460,1839702,86746403
be50b7eddec2,fcf0cc4cdb49,36,1685248800020,38713,85280154,460,1839702,86746403
be50b7eddec2,fcf0cc4cdb49,4,1685248812997,38713,85280154,460,1839702,86746403
be50b7eddec2,fcf0cc4cdb49,2,1685248813287,38713,85280154,460,1839702,86746403
be50b7eddec2,fcf0cc4cdb49,36,1685248813347,38713,85280154,460,1839702,86746403
be50b7eddec2,fcf0cc4cdb49,8,1685248890345,38713,85280154,460,1839702,86746403
be50b7eddec2,fcf0cc4cdb49,21,1685248890372,38713,85280154,460,1839702,86746403
be50b7eddec2,fcf0cc4cdb49,21,1685248903699,38713,85280154,460,1839702,86746403
be50b7eddec2,fcf0cc4cdb49,20,1685248903965,38713,162528540,460,1839702,86746403
be50b7eddec2,fcf0cc4cdb49,14,1685248910230,38713,162528540,460,1839702,86746403
be50b7eddec2,fcf0cc4cdb49,18,1685249310019,38713,162528540,460,1839702,86746403
be50b7eddec2,fcf0cc4cdb49,2,1685249323334,38713,162528540,460,1839702,86746403
be50b7eddec2,fcf0cc4cdb49,36,1685249323415,38713,162528540,460,1839702,86746403
be50b7eddec2,fcf0cc4cdb49,20,1685249336665,38713,162528540,460,1839702,86746403
be50b7eddec2,fcf0cc4cdb49,36,1685249925557,38713,85280154,460,1839702,86746403
be50b7eddec2,fcf0cc4cdb49,20,1685249937795,38713,85280154,460,1839702,86746403
be50b7eddec2,fcf0cc4cdb49,2,1685249938808,38713,85280154,460,1839702,86746403
be50b7eddec2,fcf0cc4cdb49,36,1685252311058,38713,85280154,460,1839702,86746403
be50b7eddec2,fcf0cc4cdb49,2,1685252324329,38713,85280154,460,1839702,86746403
be50b7eddec2,fcf0cc4cdb49,36,1685252324387,38713,85280154,460,1839702,86746403
be50b7eddec2,fcf0cc4cdb49,2,1685253086663,38713,85280154,460,1839702,86746403
be50b7eddec2,fcf0cc4cdb49,20,1685253099789,38713,85280154,460,1839702,86746403
be50b7eddec2,fcf0cc4cdb49,2,1685253099994,38713,85280154,460,1839702,86746403
be50b7eddec2,fcf0cc4cdb49,20,1685253113119,38713,85280154,460,1839702,86746403
be50b7eddec2,fcf0cc4cdb49,4,1685253207665,38713,85280154,460,1839702,86746403
be50b7eddec2,fcf0cc4cdb49,34,1685253208686,38713,85280154,460,1839702,86746403
be50b7eddec2,fcf0cc4cdb49,2,1685253221569,38713,85280154,460,1839702,86746403
be50b7eddec2,fcf0cc4cdb49,36,1685253221630,38713,85280154,460,1839702,86746403
be50b7eddec2,fcf0cc4cdb49,34,1685253222017,38713,85280154,460,1839702,86746403
be50b7eddec2,fcf0cc4cdb49,11,1685253247406,38713,85280154,460,1839702,86746403
be50b7eddec2,fcf0cc4cdb49,21,1685253247406,38713,85280154,460,1839702,86746403
be50b7eddec2,fcf0cc4cdb49,11,1685253260736,38713,85280154,460,1839702,86746403
be50b7eddec2,fcf0cc4cdb49,21,1685253260736,38713,85280154,460,1839702,86746403
be50b7eddec2,fcf0cc4cdb49,20,1685253273790,38713,85280154,460,1839702,86746403
be50b7eddec2,fcf0cc4cdb49,2,1685253278039,38713,85280154,460,1839702,86746403
be50b7eddec2,fcf0cc4cdb49,20,1685253287121,38713,85280154,460,1839702,86746403
be50b7eddec2,fcf0cc4cdb49,2,1685253291370,38713,85280154,460,1839702,86746403
be50b7eddec2,fcf0cc4cdb49,36,1685253291429,38713,85280154,460,1839702,86746403
be50b7eddec2,fcf0cc4cdb49,20,1685253325791,38713,85280154,460,1839702,86746403
be50b7eddec2,fcf0cc4cdb49,20,1685253339122,38713,85280154,460,1839702,86746403
be50b7eddec2,fcf0cc4cdb49,36,1685253415679,38713,85280154,460,1839702,86746403
be50b7eddec2,fcf0cc4cdb49,7,1685253415703,38713,85280154,460,1839702,86746403
be50b7eddec2,fcf0cc4cdb49,34,1685253415861,38713,85280154,460,1839702,86746403
be50b7eddec2,fcf0cc4cdb49,2,1685253428951,38713,85280154,460,1839702,86746403
be50b7eddec2,fcf0cc4cdb49,36,1685253429010,38713,85280154,460,1839702,86746403
be50b7eddec2,fcf0cc4cdb49,7,1685253429034,38713,85280154,460,1839702,86746403
be50b7eddec2,fcf0cc4cdb49,34,1685253429192,38713,85280154,460,1839702,86746403
be50b7eddec2,fcf0cc4cdb49,41,1685253429192,38713,85280154,460,1839702,86746403
be50b7eddec2,fcf0cc4cdb49,14,1685253458272,38713,162417689,460,1839702,86746403
be50b7eddec2,fcf0cc4cdb49,14,1685253471603,38713,162417689,460,1839702,86746403
be50b7eddec2,fcf0cc4cdb49,20,1685253475044,38713,162417689,460,1839702,86746403
be50b7eddec2,fcf0cc4cdb49,4,1685253481590,38713,85280154,460,1839702,86746403
be50b7eddec2,fcf0cc4cdb49,2,1685253484079,38713,85280154,460,1839702,86746403
be50b7eddec2,fcf0cc4cdb49,4,1685253494921,38713,85280154,460,1839702,86746403
be50b7eddec2,fcf0cc4cdb49,2,1685253497410,38713,85280154,460,1839702,86746403
be50b7eddec2,fcf0cc4cdb49,36,1685253497476,38713,85280154,460,1839702,86746403
be50b7eddec2,fcf0cc4cdb49,4,1685253503142,38713,85280154,460,1839702,86746403
be50b7eddec2,fcf0cc4cdb49,2,1685253503318,38713,85280154,460,1839702,86746403
be50b7eddec2,fcf0cc4cdb49,36,1685253503379,38713,85280154,460,1839702,86746403
be50b7eddec2,fcf0cc4cdb49,20,1685253511125,38713,85280154,460,1839702,86746403
be50b7eddec2,fcf0cc4cdb49,2,1685253516649,38713,85280154,460,1839702,86746403
be50b7eddec2,fcf0cc4cdb49,36,1685253516710,38713,85280154,460,1839702,86746403
be50b7eddec2,fcf0cc4cdb49,4,1685253524454,38713,85280154,460,1839702,86746403
be50b7eddec2,fcf0cc4cdb49,4,1685253537785,38713,85280154,460,1839702,86746403
be50b7eddec2,fcf0cc4cdb49,36,1685253544334,38713,85280154,460,1839702,86746403
be50b7eddec2,fcf0cc4cdb49,20,1685253551126,38713,85280154,460,1839702,86746403
be50b7eddec2,fcf0cc4cdb49,4,1685253556826,38713,85280154,460,1839702,86746403
be50b7eddec2,fcf0cc4cdb49,2,1685253557590,38713,85280154,460,1839702,86746403
be50b7eddec2,fcf0cc4cdb49,20,1685253557795,38713,85280154,460,1839702,86746403
be50b7eddec2,fcf0cc4cdb49,2,1685253566039,38713,85280154,460,1839702,86746403
be50b7eddec2,fcf0cc4cdb49,20,1685253571126,38713,85280154,460,1839702,86746403
be50b7eddec2,fcf0cc4cdb49,4,1685253578790,38713,85280154,460,1839702,86746403
be50b7eddec2,fcf0cc4cdb49,20,1685253579795,38713,85280154,460,1839702,86746403
be50b7eddec2,fcf0cc4cdb49,4,1685253586263,38713,85280154,460,1839702,86746403
be50b7eddec2,fcf0cc4cdb49,2,1685253586499,38713,85280154,460,1839702,86746403
be50b7eddec2,fcf0cc4cdb49,36,1685253586560,38713,85280154,460,1839702,86746403
be50b7eddec2,fcf0cc4cdb49,4,1685253599595,38713,85280154,460,1839702,86746403
be50b7eddec2,fcf0cc4cdb49,20,1685253599795,38713,85280154,460,1839702,86746403
be50b7eddec2,fcf0cc4cdb49,18,1685253600138,38713,85280154,460,1839702,86746403
be50b7eddec2,fcf0cc4cdb49,2,1685253600143,38713,85280154,460,1839702,86746403
be50b7eddec2,fcf0cc4cdb49,36,1685253600204,38713,85280154,460,1839702,86746403
be50b7eddec2,fcf0cc4cdb49,2,1685253613475,38713,85280154,460,1839702,86746403
be50b7eddec2,fcf0cc4cdb49,20,1685253613795,38713,85280154,460,1839702,86746403
be50b7eddec2,fcf0cc4cdb49,18,1685253621036,38713,85280154,460,1839702,86746403
be50b7eddec2,fcf0cc4cdb49,2,1685253621039,38713,85280154,460,1839702,86746403
be50b7eddec2,fcf0cc4cdb49,4,1685253633737,38713,85280154,460,1839702,86746403
be50b7eddec2,fcf0cc4cdb49,2,1685253634371,38713,85280154,460,1839702,86746403
be50b7eddec2,fcf0cc4cdb49,18,1685253634497,38713,85280154,460,1839702,86746403
be50b7eddec2,fcf0cc4cdb49,20,1685253647127,38713,85280154,460,1839702,86746403
be50b7eddec2,fcf0cc4cdb49,36,1685253647901,38713,85280154,460,1839702,86746403
be50b7eddec2,fcf0cc4cdb49,20,1685253653796,38713,85280154,460,1839702,86746403
be50b7eddec2,fcf0cc4cdb49,4,1685253674761,38713,85280154,460,1839702,86746403
be50b7eddec2,fcf0cc4cdb49,2,1685253675390,38713,85280154,460,1839702,86746403
be50b7eddec2,fcf0cc4cdb49,36,1685253675450,38713,85280154,460,1839702,86746403
be50b7eddec2,fcf0cc4cdb49,14,1685253693301,38713,162417689,460,1839702,86746403
be50b7eddec2,fcf0cc4cdb49,14,1685253696538,38713,85280154,460,1839702,86746403
be50b7eddec2,fcf0cc4cdb49,14,1685253706633,38713,162417689,460,1839702,86746403
be50b7eddec2,fcf0cc4cdb49,14,1685253709870,38713,85280154,460,1839702,86746403
be50b7eddec2,fcf0cc4cdb49,18,1685253906660,38713,85280154,460,1839702,86746403
be50b7eddec2,fcf0cc4cdb49,2,1685253906664,38713,85280154,460,1839702,86746403
be50b7eddec2,fcf0cc4cdb49,20,1685253919789,38713,85280154,460,1839702,86746403
be50b7eddec2,fcf0cc4cdb49,2,1685253919996,38713,85280154,460,1839702,86746403
be50b7eddec2,fcf0cc4cdb49,36,1685253920056,38713,85280154,460,1839702,86746403
be50b7eddec2,fcf0cc4cdb49,2,1685253975439,38713,85280154,460,1839702,86746403
be50b7eddec2,fcf0cc4cdb49,36,1685253975504,38713,85280154,460,1839702,86746403
be50b7eddec2,fcf0cc4cdb49,36,1685253988836,38713,85280154,460,1839702,86746403
be50b7eddec2,fcf0cc4cdb49,4,1685253995670,38713,85280154,460,1839702,86746403
be50b7eddec2,fcf0cc4cdb49,36,1685254009471,38713,85280154,460,1839702,86746403
be50b7eddec2,fcf0cc4cdb49,20,1685254009791,38713,85280154,460,1839702,86746403
be50b7eddec2,fcf0cc4cdb49,20,1685254069791,38713,85280154,460,1839702,86746403
be50b7eddec2,fcf0cc4cdb49,18,1685254070215,38713,85280154,460,1839702,86746403
be50b7eddec2,fcf0cc4cdb49,20,1685254083124,38713,85280154,460,1839702,86746403
be50b7eddec2,fcf0cc4cdb49,36,1685254083617,38713,85280154,460,1839702,86746403
be50b7eddec2,fcf0cc4cdb49,18,1685254117094,38713,85280154,460,1839702,86746403
be50b7eddec2,fcf0cc4cdb49,2,1685254117098,38713,85280154,460,1839702,86746403
be50b7eddec2,fcf0cc4cdb49,2,1685254130431,38713,85280154,460,1839702,86746403
be50b7eddec2,fcf0cc4cdb49,36,1685254130493,38713,85280154,460,1839702,86746403
be50b7eddec2,fcf0cc4cdb49,20,1685254143125,38713,85280154,460,1839702,86746403
be50b7eddec2,fcf0cc4cdb49,2,1685254214999,38713,85280154,460,1839702,86746403
be50b7eddec2,fcf0cc4cdb49,36,1685254215059,38713,85280154,460,1839702,86746403
be50b7eddec2,fcf0cc4cdb49,20,1685254227795,38713,85280154,460,1839702,86746403
be50b7eddec2,fcf0cc4cdb49,36,1685254228392,38713,85280154,460,1839702,86746403
be50b7eddec2,fcf0cc4cdb49,36,1685254275464,38713,85280154,460,1839702,86746403
be50b7eddec2,fcf0cc4cdb49,36,1685254288797,38713,85280154,460,1839702,86746403
be50b7eddec2,fcf0cc4cdb49,20,1685254291795,38713,85280154,460,1839702,86746403
be50b7eddec2,fcf0cc4cdb49,18,1685254292255,38713,85280154,460,1839702,86746403
be50b7eddec2,fcf0cc4cdb49,20,1685254305128,38713,85280154,460,1839702,86746403
be50b7eddec2,fcf0cc4cdb49,36,1685254305652,38713,85280154,460,1839702,86746403
be50b7eddec2,fcf0cc4cdb49,20,1685254319128,38713,85280154,460,1839702,86746403
be50b7eddec2,fcf0cc4cdb49,18,1685254515402,38713,162417689,460,1839702,86746403
be50b7eddec2,fcf0cc4cdb49,2,1685254528723,38713,162417689,460,1839702,86746403
be50b7eddec2,fcf0cc4cdb49,18,1685254528736,38713,162417689,460,1839702,86746403
be50b7eddec2,fcf0cc4cdb49,36,1685254528793,38713,162417689,460,1839702,86746403
be50b7eddec2,fcf0cc4cdb49,14,1685254529172,38713,85280153,460,1839702,86746403
be50b7eddec2,fcf0cc4cdb49,2,1685254537551,38713,162417689,460,1839702,86746403
be50b7eddec2,fcf0cc4cdb49,36,1685254537614,38713,162417689,460,1839702,86746403
be50b7eddec2,fcf0cc4cdb49,14,1685254542559,38713,85280153,460,1839702,86746403
be50b7eddec2,fcf0cc4cdb49,2,1685254550884,38713,162417689,460,1839702,86746403
be50b7eddec2,fcf0cc4cdb49,18,1685254550896,38713,162417689,460,1839702,86746403
be50b7eddec2,fcf0cc4cdb49,20,1685254583752,38713,85280153,460,1839702,86746403
be50b7eddec2,fcf0cc4cdb49,4,1685254591297,38713,85280153,460,1839702,86746403
be50b7eddec2,fcf0cc4cdb49,20,1685254592418,38713,85280153,460,1839702,86746403
be50b7eddec2,fcf0cc4cdb49,4,1685254598722,38713,162417694,460,1839702,86746403
be50b7eddec2,fcf0cc4cdb49,18,1685254600912,38713,162417694,460,1839702,86746403
be50b7eddec2,fcf0cc4cdb49,14,1685254601998,38713,85280153,460,1839702,86746403
be50b7eddec2,fcf0cc4cdb49,20,1685254605752,38713,85280153,460,1839702,86746403
be50b7eddec2,fcf0cc4cdb49,18,1685254614245,38713,162417694,460,1839702,86746403
be50b7eddec2,fcf0cc4cdb49,14,1685254615331,38713,85280153,460,1839702,86746403
be50b7eddec2,fcf0cc4cdb49,20,1685254634419,38713,85280153,460,1839702,86746403
be50b7eddec2,fcf0cc4cdb49,2,1685254636779,38713,85280153,460,1839702,86746403
be50b7eddec2,fcf0cc4cdb49,36,1685254636838,38713,85280153,460,1839702,86746403
be50b7eddec2,fcf0cc4cdb49,20,1685254647752,38713,85280153,460,1839702,86746403
be50b7eddec2,fcf0cc4cdb49,4,1685254649617,38713,85280153,460,1839702,86746403
be50b7eddec2,fcf0cc4cdb49,2,1685254650112,38713,85280153,460,1839702,86746403
be50b7eddec2,fcf0cc4cdb49,36,1685254650172,38713,85280153,460,1839702,86746403
be50b7eddec2,fcf0cc4cdb49,20,1685254654419,38713,85280153,460,1839702,86746403
be50b7eddec2,fcf0cc4cdb49,4,1685254661354,38713,85280153,460,1839702,86746403
be50b7eddec2,fcf0cc4cdb49,18,1685254661675,38713,85280153,460,1839702,86746403
be50b7eddec2,fcf0cc4cdb49,20,1685254667753,38713,85280153,460,1839702,86746403
be50b7eddec2,fcf0cc4cdb49,4,1685254674687,38713,85280153,460,1839702,86746403
be50b7eddec2,fcf0cc4cdb49,2,1685254675012,38713,85280153,460,1839702,86746403
be50b7eddec2,fcf0cc4cdb49,36,1685254675073,38713,85280153,460,1839702,86746403
be50b7eddec2,fcf0cc4cdb49,4,1685254681924,38713,85280153,460,1839702,86746403
be50b7eddec2,fcf0cc4cdb49,18,1685254682154,38713,85280153,460,1839702,86746403
be50b7eddec2,fcf0cc4cdb49,2,1685254682158,38713,85280153,460,1839702,86746403
be50b7eddec2,fcf0cc4cdb49,20,1685254687753,38713,85280153,460,1839702,86746403
be50b7eddec2,fcf0cc4cdb49,4,1685254695258,38713,85280153,460,1839702,86746403
be50b7eddec2,fcf0cc4cdb49,36,1685254695554,38713,85280153,460,1839702,86746403
be50b7eddec2,fcf0cc4cdb49,4,1685254735877,38713,85280153,460,1839702,86746403
be50b7eddec2,fcf0cc4cdb49,20,1685254736420,38713,85280153,460,1839702,86746403
be50b7eddec2,fcf0cc4cdb49,2,1685254736493,38713,85280153,460,1839702,86746403
be50b7eddec2,fcf0cc4cdb49,36,1685254736554,38713,85280153,460,1839702,86746403
be50b7eddec2,fcf0cc4cdb49,4,1685254743916,38713,85280153,460,1839702,86746403
be50b7eddec2,fcf0cc4cdb49,36,1685254744300,38713,85280153,460,1839702,86746403
be50b7eddec2,fcf0cc4cdb49,4,1685254757250,38713,85280153,460,1839702,86746403
be50b7eddec2,fcf0cc4cdb49,36,1685254757634,38713,85280153,460,1839702,86746403
be50b7eddec2,fcf0cc4cdb49,20,1685254758411,38713,85280153,460,1839702,86746403
be50b7eddec2,fcf0cc4cdb49,4,1685254764449,38713,85280153,460,1839702,86746403
be50b7eddec2,fcf0cc4cdb49,2,1685254764718,38713,85280153,460,1839702,86746403
be50b7eddec2,fcf0cc4cdb49,4,1685254777783,38713,85280153,460,1839702,86746403
be50b7eddec2,fcf0cc4cdb49,20,1685254777849,38713,85280153,460,1839702,86746403
be50b7eddec2,fcf0cc4cdb49,36,1685254785259,38713,85280153,460,1839702,86746403
be50b7eddec2,fcf0cc4cdb49,14,1685254790158,38713,85280153,460,1839702,86746403
be50b7eddec2,fcf0cc4cdb49,20,1685254791183,38713,85280153,460,1839702,86746403
be50b7eddec2,fcf0cc4cdb49,20,1685254797221,38713,85280153,460,1839702,86746403
be50b7eddec2,fcf0cc4cdb49,4,1685254798308,38713,85280153,460,1839702,86746403
be50b7eddec2,fcf0cc4cdb49,2,1685254798532,38713,85280153,460,1839702,86746403
be50b7eddec2,fcf0cc4cdb49,14,1685254799965,38713,162528536,460,1839702,86746403
be50b7eddec2,fcf0cc4cdb49,2,1685254805738,38713,85280153,460,1839702,86746403
be50b7eddec2,fcf0cc4cdb49,20,1685254810555,38713,85280153,460,1839702,86746403
be50b7eddec2,fcf0cc4cdb49,4,1685254818749,38713,85280153,460,1839702,86746403
be50b7eddec2,fcf0cc4cdb49,36,1685254819133,38713,85280153,460,1839702,86746403
be50b7eddec2,fcf0cc4cdb49,14,1685254822191,38713,162417689,460,1839702,86746403
be50b7eddec2,fcf0cc4cdb49,14,1685254828349,38713,85280153,460,1839702,86746403
be50b7eddec2,fcf0cc4cdb49,14,1685254835525,38713,162417689,460,1839702,86746403
be50b7eddec2,fcf0cc4cdb49,14,1685254841683,38713,85280153,460,1839702,86746403
be50b7eddec2,fcf0cc4cdb49,18,1685254852554,38713,85280153,460,1839702,86746403
be50b7eddec2,fcf0cc4cdb49,20,1685254861747,38713,85280153,460,1839702,86746403
be50b7eddec2,fcf0cc4cdb49,2,1685254865892,38713,85280153,460,1839702,86746403
be50b7eddec2,fcf0cc4cdb49,36,1685254865953,38713,85280153,460,1839702,86746403
be50b7eddec2,fcf0cc4cdb49,20,1685254874412,38713,85280153,460,1839702,86746403
be50b7eddec2,fcf0cc4cdb49,2,1685254875059,38713,85280153,460,1839702,86746403
be50b7eddec2,fcf0cc4cdb49,36,1685254875119,38713,85280153,460,1839702,86746403
be50b7eddec2,fcf0cc4cdb49,20,1685254887746,38713,85280153,460,1839702,86746403
be50b7eddec2,fcf0cc4cdb49,36,1685254888453,38713,85280153,460,1839702,86746403
be50b7eddec2,fcf0cc4cdb49,20,1685254902994,38713,85280153,460,1839702,86746403
be50b7eddec2,fcf0cc4cdb49,2,1685254905151,38713,162417689,460,1839702,86746403
be50b7eddec2,fcf0cc4cdb49,20,1685254916328,38713,85280153,460,1839702,86746403
be50b7eddec2,fcf0cc4cdb49,18,1685254918499,38713,162417689,460,1839702,86746403
be50b7eddec2,fcf0cc4cdb49,36,1685254918549,38713,162417689,460,1839702,86746403
be50b7eddec2,fcf0cc4cdb49,14,1685254918914,38713,85280153,460,1839702,86746403
be50b7eddec2,fcf0cc4cdb49,20,1685254952413,38713,85280153,460,1839702,86746403
be50b7eddec2,fcf0cc4cdb49,4,1685254956214,38713,85280153,460,1839702,86746403
be50b7eddec2,fcf0cc4cdb49,2,1685254956782,38713,85280153,460,1839702,86746403
be50b7eddec2,fcf0cc4cdb49,36,1685254956844,38713,85280153,460,1839702,86746403
be50b7eddec2,fcf0cc4cdb49,20,1685254965748,38713,85280153,460,1839702,86746403
be50b7eddec2,fcf0cc4cdb49,4,1685254969548,38713,85280153,460,1839702,86746403
be50b7eddec2,fcf0cc4cdb49,36,1685254970178,38713,85280153,460,1839702,86746403
be50b7eddec2,fcf0cc4cdb49,4,1685254991032,38713,85280153,460,1839702,86746403
be50b7eddec2,fcf0cc4cdb49,18,1685254991256,38713,85280153,460,1839702,86746403
be50b7eddec2,fcf0cc4cdb49,2,1685254991259,38713,85280153,460,1839702,86746403
be50b7eddec2,fcf0cc4cdb49,36,1685254991320,38713,85280153,460,1839702,86746403
be50b7eddec2,fcf0cc4cdb49,4,1685255004366,38713,85280153,460,1839702,86746403
be50b7eddec2,fcf0cc4cdb49,2,1685255004593,38713,85280153,460,1839702,86746403
be50b7eddec2,fcf0cc4cdb49,36,1685255004655,38713,85280153,460,1839702,86746403
be50b7eddec2,fcf0cc4cdb49,20,1685255008414,38713,85280153,460,1839702,86746403
be50b7eddec2,fcf0cc4cdb49,4,1685255016025,38713,85280153,460,1839702,86746403
be50b7eddec2,fcf0cc4cdb49,36,1685255016299,38713,85280153,460,1839702,86746403
be50b7eddec2,fcf0cc4cdb49,4,1685255029359,38713,85280153,460,1839702,86746403
be50b7eddec2,fcf0cc4cdb49,36,1685255047755,38713,85280153,460,1839702,86746403
be50b7eddec2,fcf0cc4cdb49,2,1685255057218,38713,85280153,460,1839702,86746403
be50b7eddec2,fcf0cc4cdb49,20,1685255063749,38713,85280153,460,1839702,86746403
be50b7eddec2,fcf0cc4cdb49,4,1685255069893,38713,85280153,460,1839702,86746403
be50b7eddec2,fcf0cc4cdb49,36,1685255070614,38713,85280153,460,1839702,86746403
be50b7eddec2,fcf0cc4cdb49,2,1685255092459,38713,85280153,460,1839702,86746403
be50b7eddec2,fcf0cc4cdb49,36,1685255092524,38713,85280153,460,1839702,86746403
be50b7eddec2,fcf0cc4cdb49,2,1685255118038,38713,85280153,460,1839702,86746403
be50b7eddec2,fcf0cc4cdb49,20,1685255129750,38713,85280153,460,1839702,86746403
be50b7eddec2,fcf0cc4cdb49,4,1685255130928,38713,85280153,460,1839702,86746403
be50b7eddec2,fcf0cc4cdb49,2,1685255153179,38713,85280153,460,1839702,86746403
be50b7eddec2,fcf0cc4cdb49,36,1685255153239,38713,85280153,460,1839702,86746403
be50b7eddec2,fcf0cc4cdb49,2,1685255166513,38713,85280153,460,1839702,86746403
be50b7eddec2,fcf0cc4cdb49,36,1685255166574,38713,85280153,460,1839702,86746403
be50b7eddec2,fcf0cc4cdb49,20,1685255196417,38713,85280153,460,1839702,86746403
be50b7eddec2,fcf0cc4cdb49,18,1685255196718,38713,85280153,460,1839702,86746403
be50b7eddec2,fcf0cc4cdb49,2,1685255196720,38713,85280153,460,1839702,86746403
be50b7eddec2,fcf0cc4cdb49,20,1685255209751,38713,85280153,460,1839702,86746403
be50b7eddec2,fcf0cc4cdb49,2,1685255210055,38713,85280153,460,1839702,86746403
be50b7eddec2,fcf0cc4cdb49,20,1685255210417,38713,85280153,460,1839702,86746403
be50b7eddec2,fcf0cc4cdb49,4,1685255216934,38713,85280153,460,1839702,86746403
be50b7eddec2,fcf0cc4cdb49,2,1685255217218,38713,85280153,460,1839702,86746403
be50b7eddec2,fcf0cc4cdb49,36,1685255217279,38713,85280153,460,1839702,86746403
be50b7eddec2,fcf0cc4cdb49,4,1685255230269,38713,85280153,460,1839702,86746403
be50b7eddec2,fcf0cc4cdb49,2,1685255230553,38713,85280153,460,1839702,86746403
be50b7eddec2,fcf0cc4cdb49,20,1685255236417,38713,85280153,460,1839702,86746403
be50b7eddec2,fcf0cc4cdb49,4,1685255237409,38713,85280153,460,1839702,86746403
be50b7eddec2,fcf0cc4cdb49,20,1685255249752,38713,85280153,460,1839702,86746403
be50b7eddec2,fcf0cc4cdb49,2,1685255250678,38713,85280153,460,1839702,86746403
be50b7eddec2,fcf0cc4cdb49,36,1685255250739,38713,85280153,460,1839702,86746403
be50b7eddec2,fcf0cc4cdb49,36,1685255251073,38713,85280153,460,1839702,86746403
be50b7eddec2,fcf0cc4cdb49,36,1685255264074,38713,85280153,460,1839702,86746403
be50b7eddec2,fcf0cc4cdb49,20,1685255322419,38713,85280153,460,1839702,86746403
be50b7eddec2,fcf0cc4cdb49,4,1685255327872,38713,85280153,460,1839702,86746403
be50b7eddec2,fcf0cc4cdb49,2,1685255328558,38713,85280153,460,1839702,86746403
be50b7eddec2,fcf0cc4cdb49,36,1685255328620,38713,85280153,460,1839702,86746403
be50b7eddec2,fcf0cc4cdb49,4,1685255341207,38713,85280153,460,1839702,86746403
be50b7eddec2,fcf0cc4cdb49,2,1685255341893,38713,85280153,460,1839702,86746403
be50b7eddec2,fcf0cc4cdb49,20,1685255342419,38713,85280153,460,1839702,86746403
be50b7eddec2,fcf0cc4cdb49,4,1685255348795,38713,85280153,460,1839702,86746403
be50b7eddec2,fcf0cc4cdb49,2,1685255349058,38713,85280153,460,1839702,86746403
be50b7eddec2,fcf0cc4cdb49,36,1685255349119,38713,85280153,460,1839702,86746403
be50b7eddec2,fcf0cc4cdb49,20,1685255362419,38713,85280153,460,1839702,86746403
be50b7eddec2,fcf0cc4cdb49,2,1685255369537,38713,85280153,460,1839702,86746403
be50b7eddec2,fcf0cc4cdb49,36,1685255369599,38713,85280153,460,1839702,86746403
be50b7eddec2,fcf0cc4cdb49,2,1685255382873,38713,85280153,460,1839702,86746403
be50b7eddec2,fcf0cc4cdb49,4,1685255389761,38713,85280153,460,1839702,86746403
be50b7eddec2,fcf0cc4cdb49,18,1685255389995,38713,85280153,460,1839702,86746403
be50b7eddec2,fcf0cc4cdb49,20,1685255395755,38713,85280153,460,1839702,86746403
be50b7eddec2,fcf0cc4cdb49,4,1685255403096,38713,85280153,460,1839702,86746403
be50b7eddec2,fcf0cc4cdb49,2,1685255403334,38713,85280153,460,1839702,86746403
be50b7eddec2,fcf0cc4cdb49,36,1685255403396,38713,85280153,460,1839702,86746403
be50b7eddec2,fcf0cc4cdb49,20,1685255422420,38713,85280153,460,1839702,86746403
be50b7eddec2,fcf0cc4cdb49,18,1685255430974,38713,85280153,460,1839702,86746403
be50b7eddec2,fcf0cc4cdb49,2,1685255430978,38713,85280153,460,1839702,86746403
be50b7eddec2,fcf0cc4cdb49,36,1685255431038,38713,85280153,460,1839702,86746403
be50b7eddec2,fcf0cc4cdb49,4,1685255443680,38713,85280153,460,1839702,86746403
be50b7eddec2,fcf0cc4cdb49,36,1685255444374,38713,85280153,460,1839702,86746403
be50b7eddec2,fcf0cc4cdb49,20,1685255444420,38713,85280153,460,1839702,86746403
be50b7eddec2,fcf0cc4cdb49,4,1685255451162,38713,85280153,460,1839702,86746403
be50b7eddec2,fcf0cc4cdb49,18,1685255451454,38713,85280153,460,1839702,86746403
be50b7eddec2,fcf0cc4cdb49,2,1685255451458,38713,85280153,460,1839702,86746403
be50b7eddec2,fcf0cc4cdb49,36,1685255451519,38713,85280153,460,1839702,86746403
be50b7eddec2,fcf0cc4cdb49,20,1685255457756,38713,85280153,460,1839702,86746403
be50b7eddec2,fcf0cc4cdb49,20,1685255464421,38713,85280153,460,1839702,86746403
be50b7eddec2,fcf0cc4cdb49,2,1685255464698,38713,85280153,460,1839702,86746403
be50b7eddec2,fcf0cc4cdb49,36,1685255464763,38713,85280153,460,1839702,86746403
be50b7eddec2,fcf0cc4cdb49,2,1685255464793,38713,85280153,460,1839702,86746403
be50b7eddec2,fcf0cc4cdb49,2,1685255583038,38713,85280153,460,1839702,86746403
be50b7eddec2,fcf0cc4cdb49,20,1685255593748,38713,85280153,460,1839702,86746403
be50b7eddec2,fcf0cc4cdb49,2,1685255596374,38713,85280153,460,1839702,86746403
be50b7eddec2,fcf0cc4cdb49,36,1685255596435,38713,85280153,460,1839702,86746403
be50b7eddec2,fcf0cc4cdb49,18,1685255673115,38713,85280153,460,1839702,86746403
be50b7eddec2,fcf0cc4cdb49,2,1685255673119,38713,85280153,460,1839702,86746403
be50b7eddec2,fcf0cc4cdb49,2,1685255701434,38713,85280153,460,1839702,86746403
be50b7eddec2,fcf0cc4cdb49,4,1685255851717,38713,85280153,460,1839702,86746403
be50b7eddec2,fcf0cc4cdb49,2,1685255852138,38713,85280153,460,1839702,86746403
be50b7eddec2,fcf0cc4cdb49,4,1685255865054,38713,85280153,460,1839702,86746403
be50b7eddec2,fcf0cc4cdb49,2,1685255865475,38713,85280153,460,1839702,86746403
be50b7eddec2,fcf0cc4cdb49,36,1685255865536,38713,85280153,460,1839702,86746403
be50b7eddec2,fcf0cc4cdb49,20,1685255880416,38713,85280153,460,1839702,86746403
be50b7eddec2,fcf0cc4cdb49,2,1685255883078,38713,85280153,460,1839702,86746403
be50b7eddec2,fcf0cc4cdb49,20,1685255893754,38713,85280153,460,1839702,86746403
be50b7eddec2,fcf0cc4cdb49,2,1685255896415,38713,85280153,460,1839702,86746403
be50b7eddec2,fcf0cc4cdb49,20,1685255896416,38713,85280153,460,1839702,86746403
be50b7eddec2,fcf0cc4cdb49,36,1685255898139,38713,85280153,460,1839702,86746403
be50b7eddec2,fcf0cc4cdb49,20,1685255909754,38713,85280153,460,1839702,86746403
be50b7eddec2,fcf0cc4cdb49,20,1685255970417,38713,85280153,460,1839702,86746403
be50b7eddec2,fcf0cc4cdb49,4,1685255972322,38713,85280153,460,1839702,86746403
be50b7eddec2,fcf0cc4cdb49,4,1685255985660,38713,85280153,460,1839702,86746403
be50b7eddec2,fcf0cc4cdb49,36,1685255986436,38713,85280153,460,1839702,86746403
be50b7eddec2,fcf0cc4cdb49,2,1685255988138,38713,85280153,460,1839702,86746403
be50b7eddec2,fcf0cc4cdb49,20,1685255999755,38713,85280153,460,1839702,86746403
be50b7eddec2,fcf0cc4cdb49,18,1685256123075,38713,85280153,460,1839702,86746403
be50b7eddec2,fcf0cc4cdb49,36,1685256123138,38713,85280153,460,1839702,86746403
be50b7eddec2,fcf0cc4cdb49,2,1685256136416,38713,85280153,460,1839702,86746403
be50b7eddec2,fcf0cc4cdb49,2,1685256153117,38713,85280153,460,1839702,86746403
be50b7eddec2,fcf0cc4cdb49,36,1685256153180,38713,85280153,460,1839702,86746403
be50b7eddec2,fcf0cc4cdb49,20,1685256163758,38713,85280153,460,1839702,86746403
be50b7eddec2,fcf0cc4cdb49,20,1685256166420,38713,85280153,460,1839702,86746403
be50b7eddec2,fcf0cc4cdb49,2,1685256166456,38713,85280153,460,1839702,86746403
be50b7eddec2,fcf0cc4cdb49,18,1685256168113,38713,85280153,460,1839702,86746403
be50b7eddec2,fcf0cc4cdb49,20,1685256179758,38713,85280153,460,1839702,86746403
be50b7eddec2,fcf0cc4cdb49,20,1685256180421,38713,85280153,460,1839702,86746403
be50b7eddec2,fcf0cc4cdb49,36,1685256181517,38713,85280153,460,1839702,86746403
be50b7eddec2,fcf0cc4cdb49,36,1685256183199,38713,85280153,460,1839702,86746403
be50b7eddec2,fcf0cc4cdb49,20,1685256193759,38713,85280153,460,1839702,86746403
be50b7eddec2,fcf0cc4cdb49,2,1685256196476,38713,85280153,460,1839702,86746403
be50b7eddec2,fcf0cc4cdb49,36,1685256196537,38713,85280153,460,1839702,86746403
be50b7eddec2,fcf0cc4cdb49,20,1685256226421,38713,85280153,460,1839702,86746403
be50b7eddec2,fcf0cc4cdb49,2,1685256227978,38713,85280153,460,1839702,86746403
be50b7eddec2,fcf0cc4cdb49,36,1685256228039,38713,85280153,460,1839702,86746403
be50b7eddec2,fcf0cc4cdb49,20,1685256239759,38713,85280153,460,1839702,86746403
be50b7eddec2,fcf0cc4cdb49,2,1685256241317,38713,85280153,460,1839702,86746403
be50b7eddec2,fcf0cc4cdb49,2,1685256243178,38713,85280153,460,1839702,86746403
be50b7eddec2,fcf0cc4cdb49,36,1685256243239,38713,85280153,460,1839702,86746403
be50b7eddec2,fcf0cc4cdb49,2,1685256256517,38713,85280153,460,1839702,86746403
be50b7eddec2,fcf0cc4cdb49,36,1685256256577,38713,85280153,460,1839702,86746403
be50b7eddec2,fcf0cc4cdb49,2,1685256273219,38713,85280153,460,1839702,86746403
be50b7eddec2,fcf0cc4cdb49,36,1685256273284,38713,85280153,460,1839702,86746403
be50b7eddec2,fcf0cc4cdb49,20,1685256283750,38713,85280153,460,1839702,86746403
be50b7eddec2,fcf0cc4cdb49,2,1685256286558,38713,85280153,460,1839702,86746403
be50b7eddec2,fcf0cc4cdb49,36,1685256286622,38713,85280153,460,1839702,86746403
be50b7eddec2,fcf0cc4cdb49,20,1685256414413,38713,85280153,460,1839702,86746403
be50b7eddec2,fcf0cc4cdb49,2,1685256416618,38713,85280153,460,1839702,86746403
be50b7eddec2,fcf0cc4cdb49,36,1685256416678,38713,85280153,460,1839702,86746403
be50b7eddec2,fcf0cc4cdb49,36,1685256430017,38713,85280153,460,1839702,86746403
be50b7eddec2,fcf0cc4cdb49,20,1685256524415,38713,85280153,460,1839702,86746403
be50b7eddec2,fcf0cc4cdb49,2,1685256526078,38713,85280153,460,1839702,86746403
be50b7eddec2,fcf0cc4cdb49,36,1685256526143,38713,85280153,460,1839702,86746403
be50b7eddec2,fcf0cc4cdb49,2,1685256539417,38713,85280153,460,1839702,86746403
be50b7eddec2,fcf0cc4cdb49,36,1685256539483,38713,85280153,460,1839702,86746403
be50b7eddec2,fcf0cc4cdb49,18,1685256541034,38713,85280153,460,1839702,86746403
be50b7eddec2,fcf0cc4cdb49,36,1685256541098,38713,85280153,460,1839702,86746403
be50b7eddec2,fcf0cc4cdb49,2,1685256554377,38713,85280153,460,1839702,86746403
be50b7eddec2,fcf0cc4cdb49,36,1685256554438,38713,85280153,460,1839702,86746403
be50b7eddec2,fcf0cc4cdb49,18,1685256719534,38713,85280153,460,1839702,86746403
be50b7eddec2,fcf0cc4cdb49,2,1685256719538,38713,85280153,460,1839702,86746403
be50b7eddec2,fcf0cc4cdb49,36,1685256719598,38713,85280153,460,1839702,86746403
be50b7eddec2,fcf0cc4cdb49,2,1685256732878,38713,85280153,460,1839702,86746403
be50b7eddec2,fcf0cc4cdb49,20,1685256748418,38713,85280153,460,1839702,86746403
be50b7eddec2,fcf0cc4cdb49,2,1685256753519,38713,85280153,460,1839702,86746403
be50b7eddec2,fcf0cc4cdb49,36,1685256753589,38713,85280153,460,1839702,86746403
be50b7eddec2,fcf0cc4cdb49,2,1685256766858,38713,85280153,460,1839702,86746403
be50b7eddec2,fcf0cc4cdb49,2,1685256791017,38713,85280153,460,1839702,86746403
be50b7eddec2,fcf0cc4cdb49,36,1685256791108,38713,85280153,460,1839702,86746403
be50b7eddec2,fcf0cc4cdb49,20,1685256795759,38713,85280153,460,1839702,86746403
be50b7eddec2,fcf0cc4cdb49,4,1685256803700,38713,85280153,460,1839702,86746403
be50b7eddec2,fcf0cc4cdb49,36,1685256804448,38713,85280153,460,1839702,86746403
be50b7eddec2,fcf0cc4cdb49,36,1685256812139,38713,85280153,460,1839702,86746403
be50b7eddec2,fcf0cc4cdb49,20,1685256817759,38713,85280153,460,1839702,86746403
be50b7eddec2,fcf0cc4cdb49,4,1685256824768,38713,85280153,460,1839702,86746403
be50b7eddec2,fcf0cc4cdb49,36,1685256825479,38713,85280153,460,1839702,86746403
be50b7eddec2,fcf0cc4cdb49,4,1685256855176,38713,85280153,460,1839702,86746403
be50b7eddec2,fcf0cc4cdb49,20,1685256867759,38713,85280153,460,1839702,86746403
be50b7eddec2,fcf0cc4cdb49,4,1685256868516,38713,85280153,460,1839702,86746403
be50b7eddec2,fcf0cc4cdb49,36,1685256869010,38713,85280153,460,1839702,86746403
be50b7eddec2,fcf0cc4cdb49,20,1685256922420,38713,85280153,460,1839702,86746403
be50b7eddec2,fcf0cc4cdb49,36,1685257014438,38713,85280153,460,1839702,86746403
be50b7eddec2,fcf0cc4cdb49,20,1685257025752,38713,85280153,460,1839702,86746403
be50b7eddec2,fcf0cc4cdb49,4,1685257027097,38713,85280153,460,1839702,86746403
be50b7eddec2,fcf0cc4cdb49,36,1685257027779,38713,85280153,460,1839702,86746403
be50b7eddec2,fcf0cc4cdb49,20,1685257028412,38713,85280153,460,1839702,86746403
be50b7eddec2,fcf0cc4cdb49,4,1685257032281,38713,85280153,460,1839702,86746403
be50b7eddec2,fcf0cc4cdb49,20,1685257041753,38713,85280153,460,1839702,86746403
be50b7eddec2,fcf0cc4cdb49,4,1685257045622,38713,85280153,460,1839702,86746403
be50b7eddec2,fcf0cc4cdb49,2,1685257046279,38713,85280153,460,1839702,86746403
be50b7eddec2,fcf0cc4cdb49,36,1685257046339,38713,85280153,460,1839702,86746403
be50b7eddec2,fcf0cc4cdb49,2,1685257144438,38713,85280153,460,1839702,86746403
be50b7eddec2,fcf0cc4cdb49,36,1685257144499,38713,85280153,460,1839702,86746403
be50b7eddec2,fcf0cc4cdb49,2,1685257157779,38713,85280153,460,1839702,86746403
be50b7eddec2,fcf0cc4cdb49,36,1685257157840,38713,85280153,460,1839702,86746403
be50b7eddec2,fcf0cc4cdb49,20,1685257162419,38713,85280153,460,1839702,86746403
be50b7eddec2,fcf0cc4cdb49,2,1685257162707,38713,85280153,460,1839702,86746403
be50b7eddec2,fcf0cc4cdb49,36,1685257162758,38713,85280153,460,1839702,86746403
be50b7eddec2,fcf0cc4cdb49,2,1685257176048,38713,85280153,460,1839702,86746403
be50b7eddec2,fcf0cc4cdb49,20,1685257176415,38713,85280153,460,1839702,86746403
be50b7eddec2,fcf0cc4cdb49,18,1685257180553,38713,85280153,460,1839702,86746403
be50b7eddec2,fcf0cc4cdb49,20,1685257194418,38713,85280153,460,1839702,86746403
be50b7eddec2,fcf0cc4cdb49,4,1685257200690,38713,85280153,460,1839702,86746403
be50b7eddec2,fcf0cc4cdb49,18,1685257201215,38713,85280153,460,1839702,86746403
be50b7eddec2,fcf0cc4cdb49,2,1685257201218,38713,85280153,460,1839702,86746403
be50b7eddec2,fcf0cc4cdb49,36,1685257201281,38713,85280153,460,1839702,86746403
be50b7eddec2,fcf0cc4cdb49,20,1685257207759,38713,85280153,460,1839702,86746403
be50b7eddec2,fcf0cc4cdb49,36,1685257214622,38713,85280153,460,1839702,86746403
be50b7eddec2,fcf0cc4cdb49,4,1685257236734,38713,85280153,460,1839702,86746403
be50b7eddec2,fcf0cc4cdb49,18,1685257237034,38713,85280153,460,1839702,86746403
be50b7eddec2,fcf0cc4cdb49,2,1685257237037,38713,85280153,460,1839702,86746403
be50b7eddec2,fcf0cc4cdb49,36,1685257237099,38713,85280153,460,1839702,86746403
be50b7eddec2,fcf0cc4cdb49,20,1685257247756,38713,85280153,460,1839702,86746403
be50b7eddec2,fcf0cc4cdb49,4,1685257250075,38713,85280153,460,1839702,86746403
be50b7eddec2,fcf0cc4cdb49,2,1685257250379,38713,85280153,460,1839702,86746403
be50b7eddec2,fcf0cc4cdb49,36,1685257250441,38713,85280153,460,1839702,86746403
be50b7eddec2,fcf0cc4cdb49,20,1685257254415,38713,85280153,460,1839702,86746403
be50b7eddec2,fcf0cc4cdb49,36,1685257257845,38713,85280153,460,1839702,86746403
be50b7eddec2,fcf0cc4cdb49,4,1685257277900,38713,85280153,460,1839702,86746403
be50b7eddec2,fcf0cc4cdb49,2,1685257291999,38713,85280153,460,1839702,86746403
be50b7eddec2,fcf0cc4cdb49,36,1685257292066,38713,85280153,460,1839702,86746403
be50b7eddec2,fcf0cc4cdb49,14,1685257392447,38713,85280153,460,1839702,86746403
be50b7eddec2,fcf0cc4cdb49,14,1685257402952,38713,162417689,460,1839702,86746403
be50b7eddec2,fcf0cc4cdb49,14,1685257405789,38713,85280153,460,1839702,86746403
be50b7eddec2,fcf0cc4cdb49,20,1685257464418,38713,85280153,460,1839702,86746403
be50b7eddec2,fcf0cc4cdb49,18,1685257466795,38713,85280153,460,1839702,86746403
be50b7eddec2,fcf0cc4cdb49,36,1685257466861,38713,85280153,460,1839702,86746403
be50b7eddec2,fcf0cc4cdb49,2,1685257480139,38713,85280153,460,1839702,86746403
be50b7eddec2,fcf0cc4cdb49,20,1685257480418,38713,85280153,460,1839702,86746403
be50b7eddec2,fcf0cc4cdb49,2,1685257482217,38713,85280153,460,1839702,86746403
be50b7eddec2,fcf0cc4cdb49,36,1685257482278,38713,85280153,460,1839702,86746403
be50b7eddec2,fcf0cc4cdb49,2,1685257495559,38713,85280153,460,1839702,86746403
be50b7eddec2,fcf0cc4cdb49,4,1685257589208,38713,85280153,460,1839702,86746403
be50b7eddec2,fcf0cc4cdb49,36,1685257589778,38713,85280153,460,1839702,86746403
be50b7eddec2,fcf0cc4cdb49,4,1685257602550,38713,85280153,460,1839702,86746403
be50b7eddec2,fcf0cc4cdb49,2,1685257658778,38713,85280153,460,1839702,86746403
be50b7eddec2,fcf0cc4cdb49,20,1685257710411,38713,85280153,460,1839702,86746403
be50b7eddec2,fcf0cc4cdb49,20,1685257723754,38713,85280153,460,1839702,86746403
be50b7eddec2,fcf0cc4cdb49,36,1685257724202,38713,85280153,460,1839702,86746403
be50b7eddec2,fcf0cc4cdb49,20,1685257724411,38713,85280153,460,1839702,86746403
be50b7eddec2,fcf0cc4cdb49,18,1685257724896,38713,85280153,460,1839702,86746403
be50b7eddec2,fcf0cc4cdb49,2,1685257738242,38713,85280153,460,1839702,86746403
be50b7eddec2,fcf0cc4cdb49,36,1685257738306,38713,85280153,460,1839702,86746403
be50b7eddec2,fcf0cc4cdb49,2,1685257779760,38713,85280153,460,1839702,86746403
be50b7eddec2,fcf0cc4cdb49,36,1685257779821,38713,85280153,460,1839702,86746403
be50b7eddec2,fcf0cc4cdb49,20,1685257794412,38713,85280153,460,1839702,86746403
be50b7eddec2,fcf0cc4cdb49,18,1685257796434,38713,85280153,460,1839702,86746403
be50b7eddec2,fcf0cc4cdb49,36,1685257796498,38713,85280153,460,1839702,86746403
be50b7eddec2,fcf0cc4cdb49,36,1685257809841,38713,85280153,460,1839702,86746403
be50b7eddec2,fcf0cc4cdb49,20,1685257816412,38713,85280153,460,1839702,86746403
be50b7eddec2,fcf0cc4cdb49,18,1685257816854,38713,85280153,460,1839702,86746403
be50b7eddec2,fcf0cc4cdb49,2,1685257816858,38713,85280153,460,1839702,86746403
be50b7eddec2,fcf0cc4cdb49,2,1685257830201,38713,85280153,460,1839702,86746403
be50b7eddec2,fcf0cc4cdb49,20,1685257830413,38713,85280153,460,1839702,86746403
be50b7eddec2,fcf0cc4cdb49,4,1685257834525,38713,85280153,460,1839702,86746403
be50b7eddec2,fcf0cc4cdb49,36,1685257834898,38713,85280153,460,1839702,86746403
be50b7eddec2,fcf0cc4cdb49,20,1685257850413,38713,85280153,460,1839702,86746403
be50b7eddec2,fcf0cc4cdb49,2,1685257857838,38713,85280153,460,1839702,86746403
be50b7eddec2,fcf0cc4cdb49,4,1685257870582,38713,85280153,460,1839702,86746403
be50b7eddec2,fcf0cc4cdb49,2,1685257871181,38713,85280153,460,1839702,86746403
be50b7eddec2,fcf0cc4cdb49,36,1685257871242,38713,85280153,460,1839702,86746403
be50b7eddec2,fcf0cc4cdb49,4,1685257878069,38713,85280153,460,1839702,86746403
be50b7eddec2,fcf0cc4cdb49,36,1685257878378,38713,85280153,460,1839702,86746403
be50b7eddec2,fcf0cc4cdb49,4,1685257891412,38713,85280153,460,1839702,86746403
be50b7eddec2,fcf0cc4cdb49,2,1685257891661,38713,85280153,460,1839702,86746403
be50b7eddec2,fcf0cc4cdb49,36,1685257891721,38713,85280153,460,1839702,86746403
be50b7eddec2,fcf0cc4cdb49,20,1685257926414,38713,85280153,460,1839702,86746403
be50b7eddec2,fcf0cc4cdb49,20,1685257939758,38713,85280153,460,1839702,86746403
be50b7eddec2,fcf0cc4cdb49,2,1685257942261,38713,85280153,460,1839702,86746403
be50b7eddec2,fcf0cc4cdb49,36,1685257999868,38713,85280153,460,1839702,86746403
be50b7eddec2,fcf0cc4cdb49,20,1685258011758,38713,85280153,460,1839702,86746403
be50b7eddec2,fcf0cc4cdb49,18,1685258013144,38713,85280153,460,1839702,86746403
be50b7eddec2,fcf0cc4cdb49,2,1685258013144,38713,85280153,460,1839702,86746403
be50b7eddec2,fcf0cc4cdb49,4,1685258019924,38713,85280153,460,1839702,86746403
be50b7eddec2,fcf0cc4cdb49,18,1685258020415,38713,85280153,460,1839702,86746403
be50b7eddec2,fcf0cc4cdb49,2,1685258020418,38713,85280153,460,1839702,86746403
be50b7eddec2,fcf0cc4cdb49,4,1685258033267,38713,85280153,460,1839702,86746403
be50b7eddec2,fcf0cc4cdb49,36,1685258033822,38713,85280153,460,1839702,86746403
be50b7eddec2,fcf0cc4cdb49,20,1685258034415,38713,85280153,460,1839702,86746403
be50b7eddec2,fcf0cc4cdb49,36,1685258040938,38713,85280153,460,1839702,86746403
be50b7eddec2,fcf0cc4cdb49,4,1685258053967,38713,85280153,460,1839702,86746403
be50b7eddec2,fcf0cc4cdb49,36,1685258054282,38713,85280153,460,1839702,86746403
be50b7eddec2,fcf0cc4cdb49,4,1685258079998,38713,85280153,460,1839702,86746403
be50b7eddec2,fcf0cc4cdb49,2,1685258080559,38713,85280153,460,1839702,86746403
be50b7eddec2,fcf0cc4cdb49,36,1685258080623,38713,85280153,460,1839702,86746403
be50b7eddec2,fcf0cc4cdb49,20,1685258085759,38713,85280153,460,1839702,86746403
be50b7eddec2,fcf0cc4cdb49,4,1685258093342,38713,85280153,460,1839702,86746403
be50b7eddec2,fcf0cc4cdb49,2,1685258093902,38713,85280153,460,1839702,86746403
be50b7eddec2,fcf0cc4cdb49,36,1685258093966,38713,85280153,460,1839702,86746403
be50b7eddec2,fcf0cc4cdb49,20,1685258108416,38713,85280153,460,1839702,86746403
be50b7eddec2,fcf0cc4cdb49,18,1685258116433,38713,85280153,460,1839702,86746403
be50b7eddec2,fcf0cc4cdb49,36,1685258116498,38713,85280153,460,1839702,86746403
be50b7eddec2,fcf0cc4cdb49,36,1685258129841,38713,85280153,460,1839702,86746403
be50b7eddec2,fcf0cc4cdb49,20,1685258130417,38713,85280153,460,1839702,86746403
be50b7eddec2,fcf0cc4cdb49,4,1685258136617,38713,85280153,460,1839702,86746403
be50b7eddec2,fcf0cc4cdb49,18,1685258136874,38713,85280153,460,1839702,86746403
be50b7eddec2,fcf0cc4cdb49,20,1685258145528,38713,85280153,460,1839702,86746403
be50b7eddec2,fcf0cc4cdb49,14,1685258148367,38713,85280153,460,1839702,86746403
be50b7eddec2,fcf0cc4cdb49,4,1685258149961,38713,85280153,460,1839702,86746403
be50b7eddec2,fcf0cc4cdb49,2,1685258150221,38713,85280153,460,1839702,86746403
be50b7eddec2,fcf0cc4cdb49,36,1685258150281,38713,85280153,460,1839702,86746403
be50b7eddec2,fcf0cc4cdb49,20,1685258158872,38713,85280153,460,1839702,86746403
be50b7eddec2,fcf0cc4cdb49,2,1685258159994,38713,162417689,460,1839702,86746403
be50b7eddec2,fcf0cc4cdb49,18,1685258160005,38713,162417689,460,1839702,86746403
be50b7eddec2,fcf0cc4cdb49,14,1685258161711,38713,85280153,460,1839702,86746403
be50b7eddec2,fcf0cc4cdb49,18,1685258172256,38713,85280153,460,1839702,86746403
be50b7eddec2,fcf0cc4cdb49,36,1685258172324,38713,85280153,460,1839702,86746403
be50b7eddec2,fcf0cc4cdb49,20,1685258183761,38713,85280153,460,1839702,86746403
be50b7eddec2,fcf0cc4cdb49,2,1685258185602,38713,85280153,460,1839702,86746403
be50b7eddec2,fcf0cc4cdb49,36,1685258185668,38713,85280153,460,1839702,86746403
be50b7eddec2,fcf0cc4cdb49,2,1685258211759,38713,85280153,460,1839702,86746403
be50b7eddec2,fcf0cc4cdb49,36,1685258211819,38713,85280153,460,1839702,86746403
be50b7eddec2,fcf0cc4cdb49,20,1685258217762,38713,85280153,460,1839702,86746403
be50b7eddec2,fcf0cc4cdb49,20,1685258224418,38713,85280153,460,1839702,86746403
be50b7eddec2,fcf0cc4cdb49,4,1685258224609,38713,85280153,460,1839702,86746403
be50b7eddec2,fcf0cc4cdb49,2,1685258225102,38713,85280153,460,1839702,86746403
be50b7eddec2,fcf0cc4cdb49,36,1685258225162,38713,85280153,460,1839702,86746403
be50b7eddec2,fcf0cc4cdb49,2,1685258228979,38713,251619418,460,1839702,86746403
be50b7eddec2,fcf0cc4cdb49,18,1685258228992,38713,251619418,460,1839702,86746403
be50b7eddec2,fcf0cc4cdb49,36,1685258229030,38713,251619418,460,1839702,86746403
be50b7eddec2,fcf0cc4cdb49,14,1685258231939,38713,85280153,460,1839702,86746403
be50b7eddec2,fcf0cc4cdb49,20,1685258237762,38713,85280153,460,1839702,86746403
be50b7eddec2,fcf0cc4cdb49,18,1685258242336,38713,251619418,460,1839702,86746403
be50b7eddec2,fcf0cc4cdb49,20,1685258244418,38713,85280153,460,1839702,86746403
be50b7eddec2,fcf0cc4cdb49,4,1685258252044,38713,85280153,460,1839702,86746403
be50b7eddec2,fcf0cc4cdb49,18,1685258252734,38713,85280153,460,1839702,86746403
be50b7eddec2,fcf0cc4cdb49,2,1685258252737,38713,85280153,460,1839702,86746403
be50b7eddec2,fcf0cc4cdb49,36,1685258252799,38713,85280153,460,1839702,86746403
be50b7eddec2,fcf0cc4cdb49,20,1685258257762,38713,85280153,460,1839702,86746403
be50b7eddec2,fcf0cc4cdb49,36,1685258266143,38713,85280153,460,1839702,86746403
be50b7eddec2,fcf0cc4cdb49,18,1685258292956,38713,85280153,460,1839702,86746403
be50b7eddec2,fcf0cc4cdb49,2,1685258292959,38713,85280153,460,1839702,86746403
be50b7eddec2,fcf0cc4cdb49,36,1685258293023,38713,85280153,460,1839702,86746403
be50b7eddec2,fcf0cc4cdb49,20,1685258303763,38713,85280153,460,1839702,86746403
be50b7eddec2,fcf0cc4cdb49,36,1685258306367,38713,85280153,460,1839702,86746403
be50b7eddec2,fcf0cc4cdb49,4,1685258315188,38713,85280153,460,1839702,86746403
be50b7eddec2,fcf0cc4cdb49,18,1685258315454,38713,85280153,460,1839702,86746403
be50b7eddec2,fcf0cc4cdb49,2,1685258315458,38713,85280153,460,1839702,86746403
be50b7eddec2,fcf0cc4cdb49,36,1685258315518,38713,85280153,460,1839702,86746403
be50b7eddec2,fcf0cc4cdb49,2,1685258328802,38713,85280153,460,1839702,86746403
be50b7eddec2,fcf0cc4cdb49,36,1685258328862,38713,85280153,460,1839702,86746403
be50b7eddec2,fcf0cc4cdb49,20,1685258346410,38713,85280153,460,1839702,86746403
be50b7eddec2,fcf0cc4cdb49,4,1685258350657,38713,85280153,460,1839702,86746403
be50b7eddec2,fcf0cc4cdb49,18,1685258351275,38713,85280153,460,1839702,86746403
be50b7eddec2,fcf0cc4cdb49,36,1685258351338,38713,85280153,460,1839702,86746403
be50b7eddec2,fcf0cc4cdb49,4,1685258364001,38713,85280153,460,1839702,86746403
be50b7eddec2,fcf0cc4cdb49,2,1685258364621,38713,85280153,460,1839702,86746403
be50b7eddec2,fcf0cc4cdb49,2,1685258374029,38713,251619418,460,1839702,86746403
be50b7eddec2,fcf0cc4cdb49,18,1685258374042,38713,251619418,460,1839702,86746403
be50b7eddec2,fcf0cc4cdb49,20,1685258377999,38713,162417689,460,1839702,86746403
be50b7eddec2,fcf0cc4cdb49,14,1685258379010,38713,162417689,460,1839702,86746403
be50b7eddec2,fcf0cc4cdb49,20,1685258381495,38713,162417689,460,1839702,86746403
be50b7eddec2,fcf0cc4cdb49,5,1685258381657,38713,85280153,460,1839702,86746403
be50b7eddec2,fcf0cc4cdb49,20,1685258381709,38713,85280153,460,1839702,86746403
be50b7eddec2,fcf0cc4cdb49,4,1685258384830,38713,251619418,460,1839702,86746403
be50b7eddec2,fcf0cc4cdb49,2,1685258387373,38713,251619418,460,1839702,86746403
be50b7eddec2,fcf0cc4cdb49,18,1685258387386,38713,251619418,460,1839702,86746403
be50b7eddec2,fcf0cc4cdb49,36,1685258387429,38713,251619418,460,1839702,86746403
be50b7eddec2,fcf0cc4cdb49,14,1685258388641,38713,85280153,460,1839702,86746403
be50b7eddec2,fcf0cc4cdb49,5,1685258395001,38713,85280153,460,1839702,86746403
be50b7eddec2,fcf0cc4cdb49,20,1685258395053,38713,85280153,460,1839702,86746403
be50b7eddec2,fcf0cc4cdb49,14,1685258406758,38713,85280153,460,1839702,86746403
be50b7eddec2,fcf0cc4cdb49,20,1685258415944,38713,85280153,460,1839702,86746403
be50b7eddec2,fcf0cc4cdb49,14,1685258420102,38713,85280153,460,1839702,86746403
be50b7eddec2,fcf0cc4cdb49,18,1685258426843,38713,162528536,460,1839702,86746403
be50b7eddec2,fcf0cc4cdb49,14,1685258432078,38713,85280153,460,1839702,86746403
be50b7eddec2,fcf0cc4cdb49,4,1685258437632,38713,162528536,460,1839702,86746403
be50b7eddec2,fcf0cc4cdb49,20,1685258440141,38713,85280153,460,1839702,86746403
be50b7eddec2,fcf0cc4cdb49,18,1685258440187,38713,162528536,460,1839702,86746403
be50b7eddec2,fcf0cc4cdb49,14,1685258445422,38713,85280153,460,1839702,86746403
be50b7eddec2,fcf0cc4cdb49,2,1685258454201,38713,85280153,460,1839702,86746403
be50b7eddec2,fcf0cc4cdb49,36,1685258454264,38713,85280153,460,1839702,86746403
be50b7eddec2,fcf0cc4cdb49,4,1685258461124,38713,85280153,460,1839702,86746403
be50b7eddec2,fcf0cc4cdb49,2,1685258461379,38713,85280153,460,1839702,86746403
be50b7eddec2,fcf0cc4cdb49,36,1685258461440,38713,85280153,460,1839702,86746403
be50b7eddec2,fcf0cc4cdb49,20,1685258467756,38713,85280153,460,1839702,86746403
be50b7eddec2,fcf0cc4cdb49,4,1685258474468,38713,85280153,460,1839702,86746403
be50b7eddec2,fcf0cc4cdb49,2,1685258474723,38713,85280153,460,1839702,86746403
be50b7eddec2,fcf0cc4cdb49,36,1685258474784,38713,85280153,460,1839702,86746403
be50b7eddec2,fcf0cc4cdb49,36,1685258481898,38713,85280153,460,1839702,86746403
be50b7eddec2,fcf0cc4cdb49,4,1685258494943,38713,85280153,460,1839702,86746403
be50b7eddec2,fcf0cc4cdb49,2,1685258495182,38713,85280153,460,1839702,86746403
be50b7eddec2,fcf0cc4cdb49,36,1685258495242,38713,85280153,460,1839702,86746403
be50b7eddec2,fcf0cc4cdb49,20,1685258509053,38713,85280153,460,1839702,86746403
be50b7eddec2,fcf0cc4cdb49,4,1685258522164,38713,251619418,460,1839702,86746403
be50b7eddec2,fcf0cc4cdb49,36,1685258525128,38713,251619418,460,1839702,86746403
be50b7eddec2,fcf0cc4cdb49,14,1685258526870,38713,162417689,460,1839702,86746403
be50b7eddec2,fcf0cc4cdb49,14,1685258533081,38713,85280153,460,1839702,86746403
be50b7eddec2,fcf0cc4cdb49,18,1685258538434,38713,251619418,460,1839702,86746403
be50b7eddec2,fcf0cc4cdb49,36,1685258538473,38713,251619418,460,1839702,86746403
be50b7eddec2,fcf0cc4cdb49,14,1685258546426,38713,85280153,460,1839702,86746403
be50b7eddec2,fcf0cc4cdb49,4,1685258547669,38713,162417689,460,1839702,86746403
be50b7eddec2,fcf0cc4cdb49,2,1685258550310,38713,162417689,460,1839702,86746403
be50b7eddec2,fcf0cc4cdb49,36,1685258550374,38713,162417689,460,1839702,86746403
be50b7eddec2,fcf0cc4cdb49,14,1685258550778,38713,85280153,460,1839702,86746403
be50b7eddec2,fcf0cc4cdb49,20,1685258562413,38713,85280153,460,1839702,86746403
be50b7eddec2,fcf0cc4cdb49,36,1685258563718,38713,162417689,460,1839702,86746403
be50b7eddec2,fcf0cc4cdb49,18,1685258568035,38713,85280153,460,1839702,86746403
be50b7eddec2,fcf0cc4cdb49,36,1685258568099,38713,85280153,460,1839702,86746403
be50b7eddec2,fcf0cc4cdb49,20,1685258575757,38713,85280153,460,1839702,86746403
be50b7eddec2,fcf0cc4cdb49,14,1685258576909,38713,162417689,460,1839702,86746403
be50b7eddec2,fcf0cc4cdb49,20,1685258581414,38713,162417689,460,1839702,86746403
be50b7eddec2,fcf0cc4cdb49,20,1685258581650,38713,85280153,460,1839702,86746403
be50b7eddec2,fcf0cc4cdb49,18,1685258582293,38713,85280153,460,1839702,86746403
be50b7eddec2,fcf0cc4cdb49,2,1685258582298,38713,85280153,460,1839702,86746403
be50b7eddec2,fcf0cc4cdb49,14,1685258590253,38713,162417689,460,1839702,86746403
be50b7eddec2,fcf0cc4cdb49,20,1685258594758,38713,162417689,460,1839702,86746403
be50b7eddec2,fcf0cc4cdb49,2,1685258595642,38713,85280153,460,1839702,86746403
be50b7eddec2,fcf0cc4cdb49,20,1685258596413,38713,85280153,460,1839702,86746403
be50b7eddec2,fcf0cc4cdb49,18,1685258597013,38713,85280153,460,1839702,86746403
be50b7eddec2,fcf0cc4cdb49,36,1685258597078,38713,85280153,460,1839702,86746403
be50b7eddec2,fcf0cc4cdb49,2,1685258610362,38713,85280153,460,1839702,86746403
be50b7eddec2,fcf0cc4cdb49,36,1685258610423,38713,85280153,460,1839702,86746403
be50b7eddec2,fcf0cc4cdb49,20,1685258616292,38713,85280153,460,1839702,86746403
be50b7eddec2,fcf0cc4cdb49,20,1685258629637,38713,85280153,460,1839702,86746403
be50b7eddec2,fcf0cc4cdb49,4,1685258637396,38713,162417689,460,1839702,86746403
be50b7eddec2,fcf0cc4cdb49,2,1685258639815,38713,162417689,460,1839702,86746403
be50b7eddec2,fcf0cc4cdb49,18,1685258639827,38713,162417689,460,1839702,86746403
be50b7eddec2,fcf0cc4cdb49,14,1685258643322,38713,85280153,460,1839702,86746403
be50b7eddec2,fcf0cc4cdb49,14,1685258644489,38713,162417689,460,1839702,86746403
be50b7eddec2,fcf0cc4cdb49,20,1685258655039,38713,162417689,460,1839702,86746403
be50b7eddec2,fcf0cc4cdb49,14,1685258657834,38713,162417689,460,1839702,86746403
be50b7eddec2,fcf0cc4cdb49,36,1685258659172,38713,162417689,460,1839702,86746403
be50b7eddec2,fcf0cc4cdb49,14,1685258659918,38713,85280153,460,1839702,86746403
be50b7eddec2,fcf0cc4cdb49,14,1685258664009,38713,162417689,460,1839702,86746403
be50b7eddec2,fcf0cc4cdb49,20,1685258667660,38713,162417689,460,1839702,86746403
be50b7eddec2,fcf0cc4cdb49,20,1685258668384,38713,162417689,460,1839702,86746403
be50b7eddec2,fcf0cc4cdb49,4,1685258671709,38713,162417689,460,1839702,86746403
be50b7eddec2,fcf0cc4cdb49,18,1685258672467,38713,162417689,460,1839702,86746403
be50b7eddec2,fcf0cc4cdb49,14,1685258673263,38713,85280153,460,1839702,86746403
be50b7eddec2,fcf0cc4cdb49,14,1685258677354,38713,162417689,460,1839702,86746403
be50b7eddec2,fcf0cc4cdb49,20,1685258681004,38713,162417689,460,1839702,86746403
be50b7eddec2,fcf0cc4cdb49,2,1685258740415,38713,162417689,460,1839702,86746403
be50b7eddec2,fcf0cc4cdb49,18,1685258740433,38713,162417689,460,1839702,86746403
be50b7eddec2,fcf0cc4cdb49,20,1685258743040,38713,162417689,460,1839702,86746403
be50b7eddec2,fcf0cc4cdb49,20,1685258756385,38713,162417689,460,1839702,86746403
be50b7eddec2,fcf0cc4cdb49,14,1685258868591,38713,85280153,460,1839702,86746403
be50b7eddec2,fcf0cc4cdb49,20,1685258879923,38713,85280153,460,1839702,86746403
be50b7eddec2,fcf0cc4cdb49,2,1685258881414,38713,162417689,460,1839702,86746403
be50b7eddec2,fcf0cc4cdb49,18,1685258881428,38713,162417689,460,1839702,86746403
be50b7eddec2,fcf0cc4cdb49,36,1685258881478,38713,162417689,460,1839702,86746403
be50b7eddec2,fcf0cc4cdb49,14,1685258881936,38713,85280153,460,1839702,86746403
be50b7eddec2,fcf0cc4cdb49,2,1685258911620,38713,251619418,460,1839702,86746403
be50b7eddec2,fcf0cc4cdb49,18,1685258911632,38713,251619418,460,1839702,86746403
be50b7eddec2,fcf0cc4cdb49,14,1685258912737,38713,85280153,460,1839702,86746403
be50b7eddec2,fcf0cc4cdb49,2,1685258924965,38713,251619418,460,1839702,86746403
be50b7eddec2,fcf0cc4cdb49,14,1685258926082,38713,85280153,460,1839702,86746403
be50b7eddec2,fcf0cc4cdb49,4,1685258945025,38713,162417689,460,1839702,86746403
be50b7eddec2,fcf0cc4cdb49,14,1685258955038,38713,85280153,460,1839702,86746403
be50b7eddec2,fcf0cc4cdb49,4,1685258958370,38713,162417689,460,1839702,86746403
be50b7eddec2,fcf0cc4cdb49,2,1685258961095,38713,162417689,460,1839702,86746403
be50b7eddec2,fcf0cc4cdb49,18,1685258961107,38713,162417689,460,1839702,86746403
be50b7eddec2,fcf0cc4cdb49,20,1685258963098,38713,85280153,460,1839702,86746403
be50b7eddec2,fcf0cc4cdb49,14,1685258968383,38713,85280153,460,1839702,86746403
be50b7eddec2,fcf0cc4cdb49,20,1685258976443,38713,85280153,460,1839702,86746403
be50b7eddec2,fcf0cc4cdb49,2,1685258977294,38713,162417689,460,1839702,86746403
be50b7eddec2,fcf0cc4cdb49,36,1685258977361,38713,162417689,460,1839702,86746403
be50b7eddec2,fcf0cc4cdb49,36,1685258980175,38713,162417689,460,1839702,86746403
be50b7eddec2,fcf0cc4cdb49,14,1685258987628,38713,85280153,460,1839702,86746403
be50b7eddec2,fcf0cc4cdb49,20,1685258990389,38713,162417689,460,1839702,86746403
be50b7eddec2,fcf0cc4cdb49,2,1685258993456,38713,162417689,460,1839702,86746403
be50b7eddec2,fcf0cc4cdb49,18,1685258993468,38713,162417689,460,1839702,86746403
be50b7eddec2,fcf0cc4cdb49,20,1685259004718,38713,85280153,460,1839702,86746403
be50b7eddec2,fcf0cc4cdb49,36,1685259183400,38713,162417689,460,1839702,86746403
be50b7eddec2,fcf0cc4cdb49,2,1685259196681,38713,162417689,460,1839702,86746403
be50b7eddec2,fcf0cc4cdb49,18,1685259196693,38713,162417689,460,1839702,86746403
be50b7eddec2,fcf0cc4cdb49,36,1685259196745,38713,162417689,460,1839702,86746403
be50b7eddec2,fcf0cc4cdb49,20,1685259210392,38713,162417689,460,1839702,86746403
be50b7eddec2,fcf0cc4cdb49,14,1685259249178,38713,85280154,460,1839702,86746403
be50b7eddec2,fcf0cc4cdb49,20,1685259255198,38713,85280154,460,1839702,86746403
be50b7eddec2,fcf0cc4cdb49,4,1685259261533,38713,162417689,460,1839702,86746403
be50b7eddec2,fcf0cc4cdb49,2,1685259261936,38713,162417689,460,1839702,86746403
be50b7eddec2,fcf0cc4cdb49,18,1685259261949,38713,162417689,460,1839702,86746403
be50b7eddec2,fcf0cc4cdb49,14,1685259262523,38713,85280154,460,1839702,86746403
be50b7eddec2,fcf0cc4cdb49,20,1685259268543,38713,85280154,460,1839702,86746403
be50b7eddec2,fcf0cc4cdb49,36,1685259280649,38713,162417689,460,1839702,86746403
be50b7eddec2,fcf0cc4cdb49,2,1685259293935,38713,162417689,460,1839702,86746403
be50b7eddec2,fcf0cc4cdb49,18,1685259293947,38713,162417689,460,1839702,86746403
be50b7eddec2,fcf0cc4cdb49,36,1685259293994,38713,162417689,460,1839702,86746403
be50b7eddec2,fcf0cc4cdb49,14,1685259309557,38713,85280154,460,1839702,86746403
be50b7eddec2,fcf0cc4cdb49,2,1685259320855,38713,162417689,460,1839702,86746403
be50b7eddec2,fcf0cc4cdb49,36,1685259320915,38713,162417689,460,1839702,86746403
be50b7eddec2,fcf0cc4cdb49,14,1685259322903,38713,85280154,460,1839702,86746403
be50b7eddec2,fcf0cc4cdb49,20,1685259333139,38713,85280154,460,1839702,86746403
be50b7eddec2,fcf0cc4cdb49,18,1685259468117,38713,85280154,460,1839702,86746403
be50b7eddec2,fcf0cc4cdb49,2,1685259468118,38713,85280154,460,1839702,86746403
be50b7eddec2,fcf0cc4cdb49,36,1685259468184,38713,85280154,460,1839702,86746403
be50b7eddec2,fcf0cc4cdb49,2,1685259481464,38713,85280154,460,1839702,86746403
be50b7eddec2,fcf0cc4cdb49,36,1685259481530,38713,85280154,460,1839702,86746403
be50b7eddec2,fcf0cc4cdb49,20,1685259491785,38713,85280154,460,1839702,86746403
be50b7eddec2,fcf0cc4cdb49,18,1685259493073,38713,85280154,460,1839702,86746403
be50b7eddec2,fcf0cc4cdb49,2,1685259493077,38713,85280154,460,1839702,86746403
be50b7eddec2,fcf0cc4cdb49,20,1685259505131,38713,85280154,460,1839702,86746403
be50b7eddec2,fcf0cc4cdb49,2,1685259506423,38713,85280154,460,1839702,86746403
be50b7eddec2,fcf0cc4cdb49,18,1685259569195,38713,85280154,460,1839702,86746403
be50b7eddec2,fcf0cc4cdb49,2,1685259569197,38713,85280154,460,1839702,86746403
be50b7eddec2,fcf0cc4cdb49,4,1685259582301,38713,85280154,460,1839702,86746403
be50b7eddec2,fcf0cc4cdb49,36,1685259582614,38713,85280154,460,1839702,86746403
be50b7eddec2,fcf0cc4cdb49,18,1685259586714,38713,85280154,460,1839702,86746403
be50b7eddec2,fcf0cc4cdb49,2,1685259586717,38713,85280154,460,1839702,86746403
be50b7eddec2,fcf0cc4cdb49,36,1685259586790,38713,85280154,460,1839702,86746403
be50b7eddec2,fcf0cc4cdb49,20,1685259599133,38713,85280154,460,1839702,86746403
be50b7eddec2,fcf0cc4cdb49,20,1685259599787,38713,85280154,460,1839702,86746403
be50b7eddec2,fcf0cc4cdb49,36,1685259600136,38713,85280154,460,1839702,86746403
be50b7eddec2,fcf0cc4cdb49,18,1685259600414,38713,85280154,460,1839702,86746403
be50b7eddec2,fcf0cc4cdb49,2,1685259600417,38713,85280154,460,1839702,86746403
be50b7eddec2,fcf0cc4cdb49,36,1685259600478,38713,85280154,460,1839702,86746403
be50b7eddec2,fcf0cc4cdb49,20,1685259613133,38713,85280154,460,1839702,86746403
be50b7eddec2,fcf0cc4cdb49,36,1685259613824,38713,85280154,460,1839702,86746403
be50b7eddec2,fcf0cc4cdb49,20,1685259635787,38713,85280154,460,1839702,86746403
be50b7eddec2,fcf0cc4cdb49,2,1685259636173,38713,85280154,460,1839702,86746403
be50b7eddec2,fcf0cc4cdb49,36,1685259636235,38713,85280154,460,1839702,86746403
be50b7eddec2,fcf0cc4cdb49,20,1685259649134,38713,85280154,460,1839702,86746403
be50b7eddec2,fcf0cc4cdb49,2,1685259649519,38713,85280154,460,1839702,86746403
be50b7eddec2,fcf0cc4cdb49,36,1685259649581,38713,85280154,460,1839702,86746403
be50b7eddec2,fcf0cc4cdb49,20,1685259649788,38713,85280154,460,1839702,86746403
be50b7eddec2,fcf0cc4cdb49,2,1685259697197,38713,85280154,460,1839702,86746403
be50b7eddec2,fcf0cc4cdb49,20,1685259723135,38713,85280154,460,1839702,86746403
be50b7eddec2,fcf0cc4cdb49,4,1685259856877,38713,85280154,460,1839702,86746403
be50b7eddec2,fcf0cc4cdb49,36,1685259857282,38713,85280154,460,1839702,86746403
be50b7eddec2,fcf0cc4cdb49,2,1685259870564,38713,85280154,460,1839702,86746403
be50b7eddec2,fcf0cc4cdb49,18,1685259887954,38713,85280154,460,1839702,86746403
be50b7eddec2,fcf0cc4cdb49,2,1685259901303,38713,85280154,460,1839702,86746403
be50b7eddec2,fcf0cc4cdb49,36,1685259901364,38713,85280154,460,1839702,86746403
be50b7eddec2,fcf0cc4cdb49,18,1685259930633,38713,85280154,460,1839702,86746403
be50b7eddec2,fcf0cc4cdb49,36,1685259930697,38713,85280154,460,1839702,86746403
be50b7eddec2,fcf0cc4cdb49,8,1685259934512,38713,85280154,460,1839702,86746403
be50b7eddec2,fcf0cc4cdb49,20,1685259947792,38713,85280154,460,1839702,86746403
be50b7eddec2,fcf0cc4cdb49,8,1685259947858,38713,85280154,460,1839702,86746403
be50b7eddec2,fcf0cc4cdb49,18,1685260217515,38713,85280154,460,1839702,86746403
be50b7eddec2,fcf0cc4cdb49,20,1685260229786,38713,85280154,460,1839702,86746403
be50b7eddec2,fcf0cc4cdb49,4,1685260230244,38713,85280154,460,1839702,86746403
be50b7eddec2,fcf0cc4cdb49,2,1685260230864,38713,85280154,460,1839702,86746403
be50b7eddec2,fcf0cc4cdb49,36,1685260230930,38713,85280154,460,1839702,86746403
be50b7eddec2,fcf0cc4cdb49,18,1685262280898,38713,85280154,460,1839702,86746403
be50b7eddec2,fcf0cc4cdb49,36,1685262294311,38713,85280154,460,1839702,86746403
be50b7eddec2,fcf0cc4cdb49,2,1685262784316,38713,85280154,460,1839702,86746403
be50b7eddec2,fcf0cc4cdb49,36,1685262784377,38713,85280154,460,1839702,86746403
be50b7eddec2,fcf0cc4cdb49,36,1685262797727,38713,85280154,460,1839702,86746403
be50b7eddec2,fcf0cc4cdb49,20,1685262811141,38713,85280154,460,1839702,86746403
be50b7eddec2,fcf0cc4cdb49,18,1685265281851,38713,85280154,460,1839702,86746403
be50b7eddec2,fcf0cc4cdb49,2,1685265281854,38713,85280154,460,1839702,86746403
be50b7eddec2,fcf0cc4cdb49,36,1685265295268,38713,85280154,460,1839702,86746403
be50b7eddec2,fcf0cc4cdb49,20,1685265309138,38713,85280154,460,1839702,86746403
be50b7eddec2,fcf0cc4cdb49,18,1685265516558,38713,85280154,460,1839702,86746403
be50b7eddec2,fcf0cc4cdb49,2,1685265516560,38713,85280154,460,1839702,86746403
be50b7eddec2,fcf0cc4cdb49,7,1685265516648,38713,85280154,460,1839702,86746403
be50b7eddec2,fcf0cc4cdb49,41,1685265516784,38713,85280154,460,1839702,86746403
be50b7eddec2,fcf0cc4cdb49,34,1685265530136,38713,85280154,460,1839702,86746403
be50b7eddec2,fcf0cc4cdb49,20,1685265543788,38713,85280154,460,1839702,86746403
be50b7eddec2,fcf0cc4cdb49,36,1685265945596,38713,85280154,460,1839702,86746403
be50b7eddec2,fcf0cc4cdb49,20,1685265959784,38713,85280154,460,1839702,86746403
be50b7eddec2,fcf0cc4cdb49,20,1685265973137,38713,85280154,460,1839702,86746403
be50b7eddec2,fcf0cc4cdb49,36,1685267369621,38713,85280154,460,1839702,86746403
be50b7eddec2,fcf0cc4cdb49,4,1685267382289,38713,85280154,460,1839702,86746403
be50b7eddec2,fcf0cc4cdb49,36,1685267382974,38713,85280154,460,1839702,86746403
be50b7eddec2,fcf0cc4cdb49,13,1685267383312,38713,85280154,460,1839702,86746403
be50b7eddec2,fcf0cc4cdb49,21,1685267428153,38713,85280154,460,1839702,86746403
be50b7eddec2,fcf0cc4cdb49,21,1685267441506,38713,85280154,460,1839702,86746403
be50b7eddec2,fcf0cc4cdb49,11,1685267441506,38713,85280154,460,1839702,86746403
be50b7eddec2,fcf0cc4cdb49,18,1685267584013,38713,85280154,460,1839702,86746403
be50b7eddec2,fcf0cc4cdb49,2,1685267584016,38713,85280154,460,1839702,86746403
be50b7eddec2,fcf0cc4cdb49,36,1685267584090,38713,85280154,460,1839702,86746403
be50b7eddec2,fcf0cc4cdb49,34,1685267584362,38713,85280154,460,1839702,86746403
be50b7eddec2,fcf0cc4cdb49,13,1685267584362,38713,85280154,460,1839702,86746403
be50b7eddec2,fcf0cc4cdb49,14,1685267587094,38713,162528540,460,1839702,86746403
be50b7eddec2,fcf0cc4cdb49,13,1685267597715,38713,85280154,460,1839702,86746403
be50b7eddec2,fcf0cc4cdb49,34,1685267597715,38713,85280154,460,1839702,86746403
be50b7eddec2,fcf0cc4cdb49,14,1685267612969,38713,85280154,460,1839702,86746403
be50b7eddec2,fcf0cc4cdb49,20,1685267637787,38713,85280154,460,1839702,86746403
be50b7eddec2,fcf0cc4cdb49,21,1685267638178,38713,85280154,460,1839702,86746403
be50b7eddec2,fcf0cc4cdb49,11,1685267638178,38713,85280154,460,1839702,86746403
be50b7eddec2,fcf0cc4cdb49,18,1685268282371,38713,85280154,460,1839702,86746403
be50b7eddec2,fcf0cc4cdb49,36,1685268282450,38713,85280154,460,1839702,86746403
be50b7eddec2,fcf0cc4cdb49,36,1685268295802,38713,85280154,460,1839702,86746403
be50b7eddec2,fcf0cc4cdb49,2,1685268849755,38713,85280154,460,1839702,86746403
be50b7eddec2,fcf0cc4cdb49,36,1685268849820,38713,85280154,460,1839702,86746403
be50b7eddec2,fcf0cc4cdb49,34,1685268858178,38713,85280154,460,1839702,86746403
be50b7eddec2,fcf0cc4cdb49,36,1685268863172,38713,85280154,460,1839702,86746403
be50b7eddec2,fcf0cc4cdb49,34,1685268871530,38713,85280154,460,1839702,86746403
be50b7eddec2,fcf0cc4cdb49,13,1685268871530,38713,85280154,460,1839702,86746403
be50b7eddec2,fcf0cc4cdb49,21,1685268909213,38713,85280154,460,1839702,86746403
be50b7eddec2,fcf0cc4cdb49,21,1685268922565,38713,85280154,460,1839702,86746403
be50b7eddec2,fcf0cc4cdb49,18,1685269107132,38713,85280154,460,1839702,86746403
be50b7eddec2,fcf0cc4cdb49,2,1685269107134,38713,85280154,460,1839702,86746403
be50b7eddec2,fcf0cc4cdb49,36,1685269107207,38713,85280154,460,1839702,86746403
be50b7eddec2,fcf0cc4cdb49,36,1685269120558,38713,85280154,460,1839702,86746403
be50b7eddec2,fcf0cc4cdb49,20,1685269120665,38713,162417689,460,1839702,86746403
be50b7eddec2,fcf0cc4cdb49,14,1685269125943,38713,162417689,460,1839702,86746403
be50b7eddec2,fcf0cc4cdb49,20,1685269134016,38713,162417689,460,1839702,86746403
be50b7eddec2,fcf0cc4cdb49,34,1685269384966,38713,85280154,460,1839702,86746403
be50b7eddec2,fcf0cc4cdb49,14,1685269387412,38713,162528540,460,1839702,86746403
be50b7eddec2,fcf0cc4cdb49,2,1685269392865,38713,85280154,460,1839702,86746403
be50b7eddec2,fcf0cc4cdb49,36,1685269392931,38713,85280154,460,1839702,86746403
be50b7eddec2,fcf0cc4cdb49,14,1685269400763,38713,162528540,460,1839702,86746403
be50b7eddec2,fcf0cc4cdb49,11,1685269426756,38713,162528540,460,1839702,86746403
be50b7eddec2,fcf0cc4cdb49,20,1685269440425,38713,162528540,460,1839702,86746403
be50b7eddec2,fcf0cc4cdb49,18,1685270089509,38713,85280154,460,1839702,86746403
be50b7eddec2,fcf0cc4cdb49,36,1685270089580,38713,85280154,460,1839702,86746403
be50b7eddec2,fcf0cc4cdb49,20,1685270101782,38713,85280154,460,1839702,86746403
be50b7eddec2,fcf0cc4cdb49,2,1685270102864,38713,85280154,460,1839702,86746403
be50b7eddec2,fcf0cc4cdb49,36,1685270102931,38713,85280154,460,1839702,86746403
be50b7eddec2,fcf0cc4cdb49,2,1685271282515,38713,85280154,460,1839702,86746403
be50b7eddec2,fcf0cc4cdb49,36,1685271282579,38713,85280154,460,1839702,86746403
be50b7eddec2,fcf0cc4cdb49,20,1685271295790,38713,85280154,460,1839702,86746403
be50b7eddec2,fcf0cc4cdb49,20,1685271309137,38713,85280154,460,1839702,86746403
be50b7eddec2,fcf0cc4cdb49,2,1685272268119,38713,85280154,460,1839702,86746403
be50b7eddec2,fcf0cc4cdb49,2,1685272281464,38713,85280154,460,1839702,86746403
be50b7eddec2,fcf0cc4cdb49,36,1685272281534,38713,85280154,460,1839702,86746403
be50b7eddec2,fcf0cc4cdb49,20,1685272281783,38713,85280154,460,1839702,86746403
be50b7eddec2,fcf0cc4cdb49,20,1685272295128,38713,85280154,460,1839702,86746403
be50b7eddec2,fcf0cc4cdb49,2,1685274113535,38713,85280154,460,1839702,86746403
be50b7eddec2,fcf0cc4cdb49,36,1685274113601,38713,85280154,460,1839702,86746403
be50b7eddec2,fcf0cc4cdb49,20,1685274113788,38713,85280154,460,1839702,86746403
be50b7eddec2,fcf0cc4cdb49,2,1685274296175,38713,85280154,460,1839702,86746403
be50b7eddec2,fcf0cc4cdb49,36,1685274296241,38713,85280154,460,1839702,86746403
be50b7eddec2,fcf0cc4cdb49,20,1685274309133,38713,85280154,460,1839702,86746403
be50b7eddec2,fcf0cc4cdb49,2,1685274474178,38713,85280154,460,1839702,86746403
be50b7eddec2,fcf0cc4cdb49,2,1685274487520,38713,85280154,460,1839702,86746403
be50b7eddec2,fcf0cc4cdb49,20,1685274487782,38713,85280154,460,1839702,86746403
be50b7eddec2,fcf0cc4cdb49,2,1685274964712,38713,85280154,460,1839702,86746403
be50b7eddec2,fcf0cc4cdb49,36,1685274978120,38713,85280154,460,1839702,86746403
be50b7eddec2,fcf0cc4cdb49,20,1685274991131,38713,85280154,460,1839702,86746403
be50b7eddec2,fcf0cc4cdb49,18,1685275429703,38713,85280154,460,1839702,86746403
be50b7eddec2,fcf0cc4cdb49,2,1685275443039,38713,85280154,460,1839702,86746403
be50b7eddec2,fcf0cc4cdb49,18,1685275443045,38713,85280154,460,1839702,86746403
be50b7eddec2,fcf0cc4cdb49,20,1685275457127,38713,85280154,460,1839702,86746403
be50b7eddec2,fcf0cc4cdb49,36,1685275880597,38713,85280154,460,1839702,86746403
be50b7eddec2,fcf0cc4cdb49,2,1685275893873,38713,85280154,460,1839702,86746403
be50b7eddec2,fcf0cc4cdb49,36,1685275893938,38713,85280154,460,1839702,86746403
be50b7eddec2,fcf0cc4cdb49,20,1685275907123,38713,85280154,460,1839702,86746403
be50b7eddec2,fcf0cc4cdb49,36,1685276196683,38713,85280154,460,1839702,86746403
be50b7eddec2,fcf0cc4cdb49,20,1685276209787,38713,85280154,460,1839702,86746403
be50b7eddec2,fcf0cc4cdb49,36,1685276210024,38713,85280154,460,1839702,86746403
be50b7eddec2,fcf0cc4cdb49,20,1685276223127,38713,85280154,460,1839702,86746403
be50b7eddec2,fcf0cc4cdb49,20,1685276525781,38713,85280154,460,1839702,86746403
be50b7eddec2,fcf0cc4cdb49,20,1685276865786,38713,85280154,460,1839702,86746403
be50b7eddec2,fcf0cc4cdb49,2,1685276866652,38713,85280154,460,1839702,86746403
be50b7eddec2,fcf0cc4cdb49,36,1685276866717,38713,85280154,460,1839702,86746403
be50b7eddec2,fcf0cc4cdb49,20,1685276879126,38713,85280154,460,1839702,86746403
be50b7eddec2,fcf0cc4cdb49,2,1685277179437,38713,85280154,460,1839702,86746403
be50b7eddec2,fcf0cc4cdb49,2,1685277192777,38713,85280154,460,1839702,86746403
be50b7eddec2,fcf0cc4cdb49,36,1685277192842,38713,85280154,460,1839702,86746403
be50b7eddec2,fcf0cc4cdb49,36,1685277283222,38713,85280154,460,1839702,86746403
be50b7eddec2,fcf0cc4cdb49,20,1685277295783,38713,85280154,460,1839702,86746403
be50b7eddec2,fcf0cc4cdb49,2,1685277296494,38713,85280154,460,1839702,86746403
be50b7eddec2,fcf0cc4cdb49,36,1685277296562,38713,85280154,460,1839702,86746403
be50b7eddec2,fcf0cc4cdb49,2,1685277734871,38713,85280154,460,1839702,86746403
be50b7eddec2,fcf0cc4cdb49,20,1685277749129,38713,85280154,460,1839702,86746403
be50b7eddec2,fcf0cc4cdb49,4,1685278005428,38713,85280154,460,1839702,86746403
be50b7eddec2,fcf0cc4cdb49,4,1685278018767,38713,85280154,460,1839702,86746403
be50b7eddec2,fcf0cc4cdb49,2,1685278019010,38713,85280154,460,1839702,86746403
be50b7eddec2,fcf0cc4cdb49,2,1685278591951,38713,85280154,460,1839702,86746403
be50b7eddec2,fcf0cc4cdb49,2,1685278605290,38713,85280154,460,1839702,86746403
be50b7eddec2,fcf0cc4cdb49,36,1685278605355,38713,85280154,460,1839702,86746403
be50b7eddec2,fcf0cc4cdb49,20,1685278619119,38713,85280154,460,1839702,86746403
be50b7eddec2,fcf0cc4cdb49,2,1685278619410,38713,85280154,460,1839702,86746403
be50b7eddec2,fcf0cc4cdb49,20,1685278633119,38713,85280154,460,1839702,86746403
be50b7eddec2,fcf0cc4cdb49,2,1685279952209,38713,85280154,460,1839702,86746403
be50b7eddec2,fcf0cc4cdb49,36,1685279952281,38713,85280154,460,1839702,86746403
be50b7eddec2,fcf0cc4cdb49,20,1685279965127,38713,85280154,460,1839702,86746403
be50b7eddec2,fcf0cc4cdb49,20,1685280297784,38713,85280154,460,1839702,86746403
be50b7eddec2,fcf0cc4cdb49,20,1685280311122,38713,85280154,460,1839702,86746403
be50b7eddec2,fcf0cc4cdb49,2,1685281172308,38713,85280154,460,1839702,86746403
be50b7eddec2,fcf0cc4cdb49,36,1685281172379,38713,85280154,460,1839702,86746403
be50b7eddec2,fcf0cc4cdb49,20,1685281185124,38713,85280154,460,1839702,86746403
be50b7eddec2,fcf0cc4cdb49,2,1685281752870,38713,85280154,460,1839702,86746403
be50b7eddec2,fcf0cc4cdb49,36,1685281752936,38713,85280154,460,1839702,86746403
be50b7eddec2,fcf0cc4cdb49,36,1685281766274,38713,85280154,460,1839702,86746403
be50b7eddec2,fcf0cc4cdb49,20,1685281779123,38713,85280154,460,1839702,86746403
be50b7eddec2,fcf0cc4cdb49,20,1685283297786,38713,85280154,460,1839702,86746403
be50b7eddec2,fcf0cc4cdb49,2,1685283298408,38713,85280154,460,1839702,86746403
be50b7eddec2,fcf0cc4cdb49,36,1685283298475,38713,85280154,460,1839702,86746403
be50b7eddec2,fcf0cc4cdb49,20,1685283311124,38713,85280154,460,1839702,86746403
be50b7eddec2,fcf0cc4cdb49,36,1685283941336,38713,85280154,460,1839702,86746403
be50b7eddec2,fcf0cc4cdb49,20,1685283953786,38713,85280154,460,1839702,86746403
be50b7eddec2,fcf0cc4cdb49,2,1685283954608,38713,85280154,460,1839702,86746403
be50b7eddec2,fcf0cc4cdb49,36,1685283954675,38713,85280154,460,1839702,86746403
be50b7eddec2,fcf0cc4cdb49,20,1685283967125,38713,85280154,460,1839702,86746403
be50b7eddec2,fcf0cc4cdb49,20,1685284927788,38713,85280154,460,1839702,86746403
be50b7eddec2,fcf0cc4cdb49,2,1685284927849,38713,85280154,460,1839702,86746403
be50b7eddec2,fcf0cc4cdb49,36,1685284927919,38713,85280154,460,1839702,86746403
be50b7eddec2,fcf0cc4cdb49,20,1685284941128,38713,85280154,460,1839702,86746403
be50b7eddec2,fcf0cc4cdb49,2,1685286285410,38713,85280154,460,1839702,86746403
be50b7eddec2,fcf0cc4cdb49,2,1685286298751,38713,85280154,460,1839702,86746403
be50b7eddec2,fcf0cc4cdb49,36,1685286298817,38713,85280154,460,1839702,86746403
be50b7eddec2,fcf0cc4cdb49,20,1685286311121,38713,85280154,460,1839702,86746403
be50b7eddec2,fcf0cc4cdb49,2,1685288076115,38713,85280154,460,1839702,86746403
be50b7eddec2,fcf0cc4cdb49,2,1685288089458,38713,85280154,460,1839702,86746403
be50b7eddec2,fcf0cc4cdb49,36,1685288089529,38713,85280154,460,1839702,86746403
be50b7eddec2,fcf0cc4cdb49,20,1685288103133,38713,85280154,460,1839702,86746403
be50b7eddec2,fcf0cc4cdb49,2,1685289286975,38713,85280154,460,1839702,86746403
be50b7eddec2,fcf0cc4cdb49,36,1685289287045,38713,85280154,460,1839702,86746403
be50b7eddec2,fcf0cc4cdb49,2,1685289300320,38713,85280154,460,1839702,86746403
be50b7eddec2,fcf0cc4cdb49,36,1685289300390,38713,85280154,460,1839702,86746403
be50b7eddec2,fcf0cc4cdb49,20,1685289313132,38713,85280154,460,1839702,86746403
