fb1dd1cec35c,1e44fc134a2a,2,1685203216963,38715,85362840,460,1389712,86709904
fb1dd1cec35c,1e44fc134a2a,18,1685203216974,38715,85362840,460,1389712,86709904
fb1dd1cec35c,1e44fc134a2a,36,1685203217043,38715,85362840,460,1389712,86709904
fb1dd1cec35c,1e44fc134a2a,41,1685203217287,38715,85362840,460,1389712,86709904
fb1dd1cec35c,1e44fc134a2a,34,1685203217287,38715,85362840,460,1389712,86709904
fb1dd1cec35c,1e44fc134a2a,2,1685203230292,38715,85362840,460,1389712,86709904
fb1dd1cec35c,1e44fc134a2a,18,1685203230303,38715,85362840,460,1389712,86709904
fb1dd1cec35c,1e44fc134a2a,41,1685203230617,38715,85362840,460,1389712,86709904
fb1dd1cec35c,1e44fc134a2a,34,1685203230617,38715,85362840,460,1389712,86709904
fb1dd1cec35c,1e44fc134a2a,20,1685203258615,38715,85362840,460,1389712,86709904
fb1dd1cec35c,1e44fc134a2a,18,1685204990801,38715,85362840,460,1389712,86709904
fb1dd1cec35c,1e44fc134a2a,36,1685204990869,38715,85362840,460,1389712,86709904
fb1dd1cec35c,1e44fc134a2a,20,1685204991446,38715,85362840,460,1389712,86709904
fb1dd1cec35c,1e44fc134a2a,20,1685205004774,38715,85362840,460,1389712,86709904
fb1dd1cec35c,1e44fc134a2a,2,1685205165222,38715,85362840,460,1389712,86709904
fb1dd1cec35c,1e44fc134a2a,18,1685205165233,38715,85362840,460,1389712,86709904
fb1dd1cec35c,1e44fc134a2a,18,1685205178561,38715,85362840,460,1389712,86709904
fb1dd1cec35c,1e44fc134a2a,36,1685205178635,38715,85362840,460,1389712,86709904
fb1dd1cec35c,1e44fc134a2a,20,1685205179466,38715,85362840,460,1389712,86709904
fb1dd1cec35c,1e44fc134a2a,36,1685208139236,38715,85362840,460,1389712,86709904
fb1dd1cec35c,1e44fc134a2a,20,1685208151745,38715,85362840,460,1389712,86709904
fb1dd1cec35c,1e44fc134a2a,18,1685208152495,38715,85362840,460,1389712,86709904
fb1dd1cec35c,1e44fc134a2a,36,1685208152558,38715,85362840,460,1389712,86709904
fb1dd1cec35c,1e44fc134a2a,20,1685208165068,38715,85362840,460,1389712,86709904
fb1dd1cec35c,1e44fc134a2a,18,1685208165992,38715,85362840,460,1389712,86709904
fb1dd1cec35c,1e44fc134a2a,36,1685208166061,38715,85362840,460,1389712,86709904
fb1dd1cec35c,1e44fc134a2a,18,1685208179314,38715,85362840,460,1389712,86709904
fb1dd1cec35c,1e44fc134a2a,36,1685208179383,38715,85362840,460,1389712,86709904
fb1dd1cec35c,1e44fc134a2a,20,1685208193078,38715,85362840,460,1389712,86709904
fb1dd1cec35c,1e44fc134a2a,2,1685211166681,38715,85362840,460,1389712,86709904
fb1dd1cec35c,1e44fc134a2a,18,1685211166693,38715,85362840,460,1389712,86709904
fb1dd1cec35c,1e44fc134a2a,36,1685211166755,38715,85362840,460,1389712,86709904
fb1dd1cec35c,1e44fc134a2a,20,1685211179984,38715,85362840,460,1389712,86709904
fb1dd1cec35c,1e44fc134a2a,2,1685211180000,38715,85362840,460,1389712,86709904
fb1dd1cec35c,1e44fc134a2a,18,1685211180013,38715,85362840,460,1389712,86709904
fb1dd1cec35c,1e44fc134a2a,20,1685211193304,38715,85362840,460,1389712,86709904
fb1dd1cec35c,1e44fc134a2a,18,1685211300871,38715,85362840,460,1389712,86709904
fb1dd1cec35c,1e44fc134a2a,36,1685211300936,38715,85362840,460,1389712,86709904
fb1dd1cec35c,1e44fc134a2a,20,1685211314006,38715,85362840,460,1389712,86709904
fb1dd1cec35c,1e44fc134a2a,20,1685211327325,38715,85362840,460,1389712,86709904
fb1dd1cec35c,1e44fc134a2a,2,1685211380442,38715,85362840,460,1389712,86709904
fb1dd1cec35c,1e44fc134a2a,18,1685211380450,38715,85362840,460,1389712,86709904
fb1dd1cec35c,1e44fc134a2a,7,1685211380535,38715,85362840,460,1389712,86709904
fb1dd1cec35c,1e44fc134a2a,41,1685211380771,38715,85362840,460,1389712,86709904
fb1dd1cec35c,1e44fc134a2a,2,1685211393761,38715,85362840,460,1389712,86709904
fb1dd1cec35c,1e44fc134a2a,18,1685211393770,38715,85362840,460,1389712,86709904
fb1dd1cec35c,1e44fc134a2a,7,1685211393854,38715,85362840,460,1389712,86709904
fb1dd1cec35c,1e44fc134a2a,41,1685211394091,38715,85362840,460,1389712,86709904
fb1dd1cec35c,1e44fc134a2a,20,1685211408016,38715,85362840,460,1389712,86709904
fb1dd1cec35c,1e44fc134a2a,2,1685211414681,38715,85362840,460,1389712,86709904
fb1dd1cec35c,1e44fc134a2a,18,1685211414692,38715,85362840,460,1389712,86709904
fb1dd1cec35c,1e44fc134a2a,36,1685211414757,38715,85362840,460,1389712,86709904
fb1dd1cec35c,1e44fc134a2a,20,1685211421335,38715,85362840,460,1389712,86709904
fb1dd1cec35c,1e44fc134a2a,18,1685211428011,38715,85362840,460,1389712,86709904
fb1dd1cec35c,1e44fc134a2a,36,1685211428076,38715,85362840,460,1389712,86709904
fb1dd1cec35c,1e44fc134a2a,20,1685211470016,38715,85362840,460,1389712,86709904
fb1dd1cec35c,1e44fc134a2a,4,1685211472092,38715,85362840,460,1389712,86709904
fb1dd1cec35c,1e44fc134a2a,2,1685211472881,38715,85362840,460,1389712,86709904
fb1dd1cec35c,1e44fc134a2a,18,1685211472891,38715,85362840,460,1389712,86709904
fb1dd1cec35c,1e44fc134a2a,36,1685211472961,38715,85362840,460,1389712,86709904
fb1dd1cec35c,1e44fc134a2a,20,1685211483335,38715,85362840,460,1389712,86709904
fb1dd1cec35c,1e44fc134a2a,4,1685211485411,38715,85362840,460,1389712,86709904
fb1dd1cec35c,1e44fc134a2a,18,1685211486210,38715,85362840,460,1389712,86709904
fb1dd1cec35c,1e44fc134a2a,36,1685211486280,38715,85362840,460,1389712,86709904
fb1dd1cec35c,1e44fc134a2a,4,1685211497058,38715,85362840,460,1389712,86709904
fb1dd1cec35c,1e44fc134a2a,36,1685211497282,38715,85362840,460,1389712,86709904
fb1dd1cec35c,1e44fc134a2a,4,1685211510378,38715,85362840,460,1389712,86709904
fb1dd1cec35c,1e44fc134a2a,36,1685211510602,38715,85362840,460,1389712,86709904
fb1dd1cec35c,1e44fc134a2a,20,1685211514016,38715,85362840,460,1389712,86709904
fb1dd1cec35c,1e44fc134a2a,2,1685211518601,38715,85362840,460,1389712,86709904
fb1dd1cec35c,1e44fc134a2a,18,1685211518614,38715,85362840,460,1389712,86709904
fb1dd1cec35c,1e44fc134a2a,36,1685211518682,38715,85362840,460,1389712,86709904
fb1dd1cec35c,1e44fc134a2a,20,1685211527336,38715,85362840,460,1389712,86709904
fb1dd1cec35c,1e44fc134a2a,2,1685211531920,38715,85362840,460,1389712,86709904
fb1dd1cec35c,1e44fc134a2a,18,1685211531933,38715,85362840,460,1389712,86709904
fb1dd1cec35c,1e44fc134a2a,36,1685211532001,38715,85362840,460,1389712,86709904
fb1dd1cec35c,1e44fc134a2a,20,1685211532017,38715,85362840,460,1389712,86709904
fb1dd1cec35c,1e44fc134a2a,2,1685211533442,38715,85362840,460,1389712,86709904
fb1dd1cec35c,1e44fc134a2a,36,1685211533521,38715,85362840,460,1389712,86709904
fb1dd1cec35c,1e44fc134a2a,20,1685211545336,38715,85362840,460,1389712,86709904
fb1dd1cec35c,1e44fc134a2a,2,1685211546761,38715,85362840,460,1389712,86709904
fb1dd1cec35c,1e44fc134a2a,18,1685211546771,38715,85362840,460,1389712,86709904
fb1dd1cec35c,1e44fc134a2a,20,1685211560029,38715,85362840,460,1389712,86709904
fb1dd1cec35c,1e44fc134a2a,2,1685211561481,38715,85362840,460,1389712,86709904
fb1dd1cec35c,1e44fc134a2a,18,1685211561492,38715,85362840,460,1389712,86709904
fb1dd1cec35c,1e44fc134a2a,36,1685211561557,38715,85362840,460,1389712,86709904
fb1dd1cec35c,1e44fc134a2a,20,1685211574028,38715,85362840,460,1389712,86709904
fb1dd1cec35c,1e44fc134a2a,18,1685211574811,38715,85362840,460,1389712,86709904
fb1dd1cec35c,1e44fc134a2a,36,1685211574876,38715,85362840,460,1389712,86709904
fb1dd1cec35c,1e44fc134a2a,4,1685211579151,38715,85362840,460,1389712,86709904
fb1dd1cec35c,1e44fc134a2a,2,1685211580401,38715,85362840,460,1389712,86709904
fb1dd1cec35c,1e44fc134a2a,18,1685211580412,38715,85362840,460,1389712,86709904
fb1dd1cec35c,1e44fc134a2a,36,1685211580480,38715,85362840,460,1389712,86709904
fb1dd1cec35c,1e44fc134a2a,2,1685211593720,38715,85362840,460,1389712,86709904
fb1dd1cec35c,1e44fc134a2a,18,1685211593731,38715,85362840,460,1389712,86709904
fb1dd1cec35c,1e44fc134a2a,36,1685211593800,38715,85362840,460,1389712,86709904
fb1dd1cec35c,1e44fc134a2a,20,1685211639347,38715,85362840,460,1389712,86709904
fb1dd1cec35c,1e44fc134a2a,4,1685211653629,38715,85362840,460,1389712,86709904
fb1dd1cec35c,1e44fc134a2a,2,1685211654641,38715,85362840,460,1389712,86709904
fb1dd1cec35c,1e44fc134a2a,18,1685211654652,38715,85362840,460,1389712,86709904
fb1dd1cec35c,1e44fc134a2a,36,1685211654722,38715,85362840,460,1389712,86709904
fb1dd1cec35c,1e44fc134a2a,2,1685211667960,38715,85362840,460,1389712,86709904
fb1dd1cec35c,1e44fc134a2a,18,1685211667971,38715,85362840,460,1389712,86709904
fb1dd1cec35c,1e44fc134a2a,36,1685211668041,38715,85362840,460,1389712,86709904
fb1dd1cec35c,1e44fc134a2a,20,1685211682037,38715,85362840,460,1389712,86709904
fb1dd1cec35c,1e44fc134a2a,4,1685212120737,38715,85362840,460,1389712,86709904
fb1dd1cec35c,1e44fc134a2a,2,1685212121841,38715,85362840,460,1389712,86709904
fb1dd1cec35c,1e44fc134a2a,18,1685212121851,38715,85362840,460,1389712,86709904
fb1dd1cec35c,1e44fc134a2a,36,1685212121922,38715,85362840,460,1389712,86709904
fb1dd1cec35c,1e44fc134a2a,4,1685212134056,38715,85362840,460,1389712,86709904
fb1dd1cec35c,1e44fc134a2a,2,1685212135160,38715,85362840,460,1389712,86709904
fb1dd1cec35c,1e44fc134a2a,18,1685212135170,38715,85362840,460,1389712,86709904
fb1dd1cec35c,1e44fc134a2a,36,1685212135241,38715,85362840,460,1389712,86709904
fb1dd1cec35c,1e44fc134a2a,20,1685212154070,38715,85362840,460,1389712,86709904
fb1dd1cec35c,1e44fc134a2a,2,1685212160241,38715,85362840,460,1389712,86709904
fb1dd1cec35c,1e44fc134a2a,36,1685212160321,38715,85362840,460,1389712,86709904
fb1dd1cec35c,1e44fc134a2a,20,1685212167389,38715,85362840,460,1389712,86709904
fb1dd1cec35c,1e44fc134a2a,2,1685212173560,38715,85362840,460,1389712,86709904
fb1dd1cec35c,1e44fc134a2a,18,1685212173572,38715,85362840,460,1389712,86709904
fb1dd1cec35c,1e44fc134a2a,4,1685212196739,38715,85362840,460,1389712,86709904
fb1dd1cec35c,1e44fc134a2a,2,1685212197361,38715,85362840,460,1389712,86709904
fb1dd1cec35c,1e44fc134a2a,18,1685212197372,38715,85362840,460,1389712,86709904
fb1dd1cec35c,1e44fc134a2a,36,1685212197441,38715,85362840,460,1389712,86709904
fb1dd1cec35c,1e44fc134a2a,4,1685212210058,38715,85362840,460,1389712,86709904
fb1dd1cec35c,1e44fc134a2a,20,1685212210081,38715,85362840,460,1389712,86709904
fb1dd1cec35c,1e44fc134a2a,2,1685212210680,38715,85362840,460,1389712,86709904
fb1dd1cec35c,1e44fc134a2a,18,1685212210691,38715,85362840,460,1389712,86709904
fb1dd1cec35c,1e44fc134a2a,36,1685212210760,38715,85362840,460,1389712,86709904
fb1dd1cec35c,1e44fc134a2a,20,1685212223400,38715,85362840,460,1389712,86709904
fb1dd1cec35c,1e44fc134a2a,4,1685212270470,38715,85362840,460,1389712,86709904
fb1dd1cec35c,1e44fc134a2a,2,1685212271601,38715,85362840,460,1389712,86709904
fb1dd1cec35c,1e44fc134a2a,18,1685212271613,38715,85362840,460,1389712,86709904
fb1dd1cec35c,1e44fc134a2a,36,1685212271681,38715,85362840,460,1389712,86709904
fb1dd1cec35c,1e44fc134a2a,20,1685212284081,38715,85362840,460,1389712,86709904
fb1dd1cec35c,1e44fc134a2a,2,1685212284920,38715,85362840,460,1389712,86709904
fb1dd1cec35c,1e44fc134a2a,18,1685212284932,38715,85362840,460,1389712,86709904
fb1dd1cec35c,1e44fc134a2a,36,1685212285000,38715,85362840,460,1389712,86709904
fb1dd1cec35c,1e44fc134a2a,20,1685212297400,38715,85362840,460,1389712,86709904
fb1dd1cec35c,1e44fc134a2a,4,1685212393353,38715,85362840,460,1389712,86709904
fb1dd1cec35c,1e44fc134a2a,2,1685212394480,38715,85362840,460,1389712,86709904
fb1dd1cec35c,1e44fc134a2a,18,1685212394491,38715,85362840,460,1389712,86709904
fb1dd1cec35c,1e44fc134a2a,36,1685212394562,38715,85362840,460,1389712,86709904
fb1dd1cec35c,1e44fc134a2a,4,1685212406672,38715,85362840,460,1389712,86709904
fb1dd1cec35c,1e44fc134a2a,36,1685212407881,38715,85362840,460,1389712,86709904
fb1dd1cec35c,1e44fc134a2a,20,1685212408092,38715,85362840,460,1389712,86709904
fb1dd1cec35c,1e44fc134a2a,20,1685212421411,38715,85362840,460,1389712,86709904
fb1dd1cec35c,1e44fc134a2a,4,1685212494577,38715,85362840,460,1389712,86709904
fb1dd1cec35c,1e44fc134a2a,18,1685212495611,38715,85362840,460,1389712,86709904
fb1dd1cec35c,1e44fc134a2a,36,1685212495681,38715,85362840,460,1389712,86709904
fb1dd1cec35c,1e44fc134a2a,4,1685212507897,38715,85362840,460,1389712,86709904
fb1dd1cec35c,1e44fc134a2a,2,1685212508920,38715,85362840,460,1389712,86709904
fb1dd1cec35c,1e44fc134a2a,18,1685212508931,38715,85362840,460,1389712,86709904
fb1dd1cec35c,1e44fc134a2a,36,1685212509001,38715,85362840,460,1389712,86709904
fb1dd1cec35c,1e44fc134a2a,18,1685214167491,38715,85362840,460,1389712,86709904
fb1dd1cec35c,1e44fc134a2a,36,1685214167556,38715,85362840,460,1389712,86709904
fb1dd1cec35c,1e44fc134a2a,20,1685214180253,38715,85362840,460,1389712,86709904
fb1dd1cec35c,1e44fc134a2a,18,1685214180811,38715,85362840,460,1389712,86709904
fb1dd1cec35c,1e44fc134a2a,4,1685214280240,38715,85362840,460,1389712,86709904
fb1dd1cec35c,1e44fc134a2a,2,1685214281201,38715,85362840,460,1389712,86709904
fb1dd1cec35c,1e44fc134a2a,18,1685214281210,38715,85362840,460,1389712,86709904
fb1dd1cec35c,1e44fc134a2a,36,1685214281285,38715,85362840,460,1389712,86709904
fb1dd1cec35c,1e44fc134a2a,20,1685214294253,38715,85362840,460,1389712,86709904
fb1dd1cec35c,1e44fc134a2a,2,1685214294520,38715,85362840,460,1389712,86709904
fb1dd1cec35c,1e44fc134a2a,36,1685214294605,38715,85362840,460,1389712,86709904
fb1dd1cec35c,1e44fc134a2a,2,1685214462620,38715,85362840,460,1389712,86709904
fb1dd1cec35c,1e44fc134a2a,18,1685214462632,38715,85362840,460,1389712,86709904
fb1dd1cec35c,1e44fc134a2a,36,1685214462700,38715,85362840,460,1389712,86709904
fb1dd1cec35c,1e44fc134a2a,2,1685214475940,38715,85362840,460,1389712,86709904
fb1dd1cec35c,1e44fc134a2a,18,1685214475952,38715,85362840,460,1389712,86709904
fb1dd1cec35c,1e44fc134a2a,36,1685214476020,38715,85362840,460,1389712,86709904
fb1dd1cec35c,1e44fc134a2a,20,1685214476265,38715,85362840,460,1389712,86709904
fb1dd1cec35c,1e44fc134a2a,20,1685214489585,38715,85362840,460,1389712,86709904
fb1dd1cec35c,1e44fc134a2a,2,1685217168220,38715,85362840,460,1389712,86709904
fb1dd1cec35c,1e44fc134a2a,18,1685217168232,38715,85362840,460,1389712,86709904
fb1dd1cec35c,1e44fc134a2a,36,1685217168300,38715,85362840,460,1389712,86709904
fb1dd1cec35c,1e44fc134a2a,20,1685217180521,38715,85362840,460,1389712,86709904
fb1dd1cec35c,1e44fc134a2a,18,1685217181555,38715,85362840,460,1389712,86709904
fb1dd1cec35c,1e44fc134a2a,2,1685217624300,38715,85362840,460,1389712,86709904
fb1dd1cec35c,1e44fc134a2a,18,1685217624312,38715,85362840,460,1389712,86709904
fb1dd1cec35c,1e44fc134a2a,36,1685217624381,38715,85362840,460,1389712,86709904
fb1dd1cec35c,1e44fc134a2a,20,1685217636545,38715,85362840,460,1389712,86709904
fb1dd1cec35c,1e44fc134a2a,18,1685217637635,38715,85362840,460,1389712,86709904
fb1dd1cec35c,1e44fc134a2a,36,1685217637704,38715,85362840,460,1389712,86709904
fb1dd1cec35c,1e44fc134a2a,2,1685220168940,38715,85362840,460,1389712,86709904
fb1dd1cec35c,1e44fc134a2a,18,1685220168950,38715,85362840,460,1389712,86709904
fb1dd1cec35c,1e44fc134a2a,36,1685220169019,38715,85362840,460,1389712,86709904
fb1dd1cec35c,1e44fc134a2a,2,1685220182268,38715,85362840,460,1389712,86709904
fb1dd1cec35c,1e44fc134a2a,18,1685220182278,38715,85362840,460,1389712,86709904
fb1dd1cec35c,1e44fc134a2a,36,1685220182347,38715,85362840,460,1389712,86709904
fb1dd1cec35c,1e44fc134a2a,20,1685220182780,38715,85362840,460,1389712,86709904
fb1dd1cec35c,1e44fc134a2a,20,1685220196108,38715,85362840,460,1389712,86709904
fb1dd1cec35c,1e44fc134a2a,18,1685220786010,38715,85362840,460,1389712,86709904
fb1dd1cec35c,1e44fc134a2a,36,1685220786079,38715,85362840,460,1389712,86709904
fb1dd1cec35c,1e44fc134a2a,20,1685220798833,38715,85362840,460,1389712,86709904
fb1dd1cec35c,1e44fc134a2a,2,1685220799328,38715,85362840,460,1389712,86709904
fb1dd1cec35c,1e44fc134a2a,18,1685220799340,38715,85362840,460,1389712,86709904
fb1dd1cec35c,1e44fc134a2a,36,1685220799409,38715,85362840,460,1389712,86709904
fb1dd1cec35c,1e44fc134a2a,2,1685223169719,38715,85362840,460,1389712,86709904
fb1dd1cec35c,1e44fc134a2a,18,1685223169730,38715,85362840,460,1389712,86709904
fb1dd1cec35c,1e44fc134a2a,36,1685223169799,38715,85362840,460,1389712,86709904
fb1dd1cec35c,1e44fc134a2a,20,1685223183048,38715,85362840,460,1389712,86709904
fb1dd1cec35c,1e44fc134a2a,2,1685223183053,38715,85362840,460,1389712,86709904
fb1dd1cec35c,1e44fc134a2a,18,1685223183064,38715,85362840,460,1389712,86709904
fb1dd1cec35c,1e44fc134a2a,36,1685223183133,38715,85362840,460,1389712,86709904
fb1dd1cec35c,1e44fc134a2a,20,1685223196382,38715,85362840,460,1389712,86709904
fb1dd1cec35c,1e44fc134a2a,2,1685223947698,38715,85362840,460,1389712,86709904
fb1dd1cec35c,1e44fc134a2a,18,1685223947710,38715,85362840,460,1389712,86709904
fb1dd1cec35c,1e44fc134a2a,36,1685223947778,38715,85362840,460,1389712,86709904
fb1dd1cec35c,1e44fc134a2a,2,1685223961034,38715,85362840,460,1389712,86709904
fb1dd1cec35c,1e44fc134a2a,18,1685223961046,38715,85362840,460,1389712,86709904
fb1dd1cec35c,1e44fc134a2a,20,1685223961114,38715,85362840,460,1389712,86709904
fb1dd1cec35c,1e44fc134a2a,36,1685223961114,38715,85362840,460,1389712,86709904
fb1dd1cec35c,1e44fc134a2a,4,1685225450451,38715,85362840,460,1389712,86709904
fb1dd1cec35c,1e44fc134a2a,2,1685225451758,38715,85362840,460,1389712,86709904
fb1dd1cec35c,1e44fc134a2a,36,1685225451837,38715,85362840,460,1389712,86709904
fb1dd1cec35c,1e44fc134a2a,4,1685225463789,38715,85362840,460,1389712,86709904
fb1dd1cec35c,1e44fc134a2a,2,1685225465096,38715,85362840,460,1389712,86709904
fb1dd1cec35c,1e44fc134a2a,36,1685225465176,38715,85362840,460,1389712,86709904
fb1dd1cec35c,1e44fc134a2a,20,1685225465252,38715,85362840,460,1389712,86709904
fb1dd1cec35c,1e44fc134a2a,2,1685226170457,38715,85362840,460,1389712,86709904
fb1dd1cec35c,1e44fc134a2a,18,1685226170469,38715,85362840,460,1389712,86709904
fb1dd1cec35c,1e44fc134a2a,2,1685226183797,38715,85362840,460,1389712,86709904
fb1dd1cec35c,1e44fc134a2a,36,1685226183876,38715,85362840,460,1389712,86709904
fb1dd1cec35c,1e44fc134a2a,20,1685226196646,38715,85362840,460,1389712,86709904
fb1dd1cec35c,1e44fc134a2a,18,1685227109407,38715,85362840,460,1389712,86709904
fb1dd1cec35c,1e44fc134a2a,36,1685227109472,38715,85362840,460,1389712,86709904
fb1dd1cec35c,1e44fc134a2a,36,1685227122813,38715,85362840,460,1389712,86709904
fb1dd1cec35c,1e44fc134a2a,20,1685227123411,38715,85362840,460,1389712,86709904
fb1dd1cec35c,1e44fc134a2a,20,1685227136752,38715,85362840,460,1389712,86709904
fb1dd1cec35c,1e44fc134a2a,2,1685229171236,38715,85362840,460,1389712,86709904
fb1dd1cec35c,1e44fc134a2a,18,1685229171246,38715,85362840,460,1389712,86709904
fb1dd1cec35c,1e44fc134a2a,36,1685229171315,38715,85362840,460,1389712,86709904
fb1dd1cec35c,1e44fc134a2a,2,1685229184580,38715,85362840,460,1389712,86709904
fb1dd1cec35c,1e44fc134a2a,20,1685229196928,38715,85362840,460,1389712,86709904
fb1dd1cec35c,1e44fc134a2a,20,1685230283680,38715,85362840,460,1389712,86709904
fb1dd1cec35c,1e44fc134a2a,2,1685230284440,38715,85362840,460,1389712,86709904
fb1dd1cec35c,1e44fc134a2a,18,1685230284451,38715,85362840,460,1389712,86709904
fb1dd1cec35c,1e44fc134a2a,20,1685230297025,38715,85362840,460,1389712,86709904
fb1dd1cec35c,1e44fc134a2a,18,1685232172007,38715,85362840,460,1389712,86709904
fb1dd1cec35c,1e44fc134a2a,36,1685232172074,38715,85362840,460,1389712,86709904
fb1dd1cec35c,1e44fc134a2a,14,1685232172962,38715,85953946,460,1389712,86709904
fb1dd1cec35c,1e44fc134a2a,20,1685232184679,38715,85953946,460,1389712,86709904
fb1dd1cec35c,1e44fc134a2a,18,1685232185352,38715,85362840,460,1389712,86709904
fb1dd1cec35c,1e44fc134a2a,36,1685232185420,38715,85362840,460,1389712,86709904
fb1dd1cec35c,1e44fc134a2a,14,1685232186307,38715,85953946,460,1389712,86709904
fb1dd1cec35c,1e44fc134a2a,20,1685232198024,38715,85953946,460,1389712,86709904
fb1dd1cec35c,1e44fc134a2a,2,1685233432825,38715,85362840,460,1389712,86709904
fb1dd1cec35c,1e44fc134a2a,18,1685233432835,38715,85362840,460,1389712,86709904
fb1dd1cec35c,1e44fc134a2a,20,1685233445949,38715,85362840,460,1389712,86709904
fb1dd1cec35c,1e44fc134a2a,18,1685233446180,38715,85362840,460,1389712,86709904
fb1dd1cec35c,1e44fc134a2a,36,1685233446249,38715,85362840,460,1389712,86709904
fb1dd1cec35c,1e44fc134a2a,20,1685233459294,38715,85362840,460,1389712,86709904
fb1dd1cec35c,1e44fc134a2a,2,1685235172774,38715,85362840,460,1389712,86709904
fb1dd1cec35c,1e44fc134a2a,18,1685235172784,38715,85362840,460,1389712,86709904
fb1dd1cec35c,1e44fc134a2a,36,1685235172854,38715,85362840,460,1389712,86709904
fb1dd1cec35c,1e44fc134a2a,18,1685235186128,38715,85362840,460,1389712,86709904
fb1dd1cec35c,1e44fc134a2a,36,1685235186198,38715,85362840,460,1389712,86709904
fb1dd1cec35c,1e44fc134a2a,20,1685235199454,38715,85362840,460,1389712,86709904
fb1dd1cec35c,1e44fc134a2a,18,1685236594564,38715,85362840,460,1389712,86709904
fb1dd1cec35c,1e44fc134a2a,36,1685236594641,38715,85362840,460,1389712,86709904
fb1dd1cec35c,1e44fc134a2a,2,1685236607896,38715,85362840,460,1389712,86709904
fb1dd1cec35c,1e44fc134a2a,18,1685236607906,38715,85362840,460,1389712,86709904
fb1dd1cec35c,1e44fc134a2a,36,1685236607983,38715,85362840,460,1389712,86709904
fb1dd1cec35c,1e44fc134a2a,20,1685236608249,38715,85362840,460,1389712,86709904
fb1dd1cec35c,1e44fc134a2a,20,1685236621591,38715,85362840,460,1389712,86709904
fb1dd1cec35c,1e44fc134a2a,36,1685238173599,38715,85362840,460,1389712,86709904
fb1dd1cec35c,1e44fc134a2a,2,1685238186853,38715,85362840,460,1389712,86709904
fb1dd1cec35c,1e44fc134a2a,18,1685238186864,38715,85362840,460,1389712,86709904
fb1dd1cec35c,1e44fc134a2a,36,1685238186938,38715,85362840,460,1389712,86709904
fb1dd1cec35c,1e44fc134a2a,20,1685238199708,38715,85362840,460,1389712,86709904
fb1dd1cec35c,1e44fc134a2a,4,1685239259849,38715,85362840,460,1389712,86709904
fb1dd1cec35c,1e44fc134a2a,2,1685239260394,38715,85362840,460,1389712,86709904
fb1dd1cec35c,1e44fc134a2a,18,1685239260405,38715,85362840,460,1389712,86709904
fb1dd1cec35c,1e44fc134a2a,4,1685239273187,38715,85362840,460,1389712,86709904
fb1dd1cec35c,1e44fc134a2a,2,1685239273732,38715,85362840,460,1389712,86709904
fb1dd1cec35c,1e44fc134a2a,18,1685239273743,38715,85362840,460,1389712,86709904
fb1dd1cec35c,1e44fc134a2a,36,1685239273811,38715,85362840,460,1389712,86709904
fb1dd1cec35c,1e44fc134a2a,20,1685239274495,38715,85362840,460,1389712,86709904
fb1dd1cec35c,1e44fc134a2a,4,1685239311426,38715,85362840,460,1389712,86709904
fb1dd1cec35c,1e44fc134a2a,2,1685239311594,38715,85362840,460,1389712,86709904
fb1dd1cec35c,1e44fc134a2a,18,1685239311605,38715,85362840,460,1389712,86709904
fb1dd1cec35c,1e44fc134a2a,20,1685239324506,38715,85362840,460,1389712,86709904
fb1dd1cec35c,1e44fc134a2a,4,1685239324764,38715,85362840,460,1389712,86709904
fb1dd1cec35c,1e44fc134a2a,36,1685239325022,38715,85362840,460,1389712,86709904
fb1dd1cec35c,1e44fc134a2a,2,1685239756314,38715,85362840,460,1389712,86709904
fb1dd1cec35c,1e44fc134a2a,36,1685239756393,38715,85362840,460,1389712,86709904
fb1dd1cec35c,1e44fc134a2a,2,1685239769651,38715,85362840,460,1389712,86709904
fb1dd1cec35c,1e44fc134a2a,36,1685239769730,38715,85362840,460,1389712,86709904
fb1dd1cec35c,1e44fc134a2a,2,1685241174373,38715,85362840,460,1389712,86709904
fb1dd1cec35c,1e44fc134a2a,18,1685241174383,38715,85362840,460,1389712,86709904
fb1dd1cec35c,1e44fc134a2a,2,1685241187707,38715,85362840,460,1389712,86709904
fb1dd1cec35c,1e44fc134a2a,18,1685241187717,38715,85362840,460,1389712,86709904
fb1dd1cec35c,1e44fc134a2a,36,1685241187787,38715,85362840,460,1389712,86709904
fb1dd1cec35c,1e44fc134a2a,20,1685241200011,38715,85362840,460,1389712,86709904
fb1dd1cec35c,1e44fc134a2a,2,1685242918003,38715,85362840,460,1389712,86709904
fb1dd1cec35c,1e44fc134a2a,14,1685242919043,38715,85953946,460,1389712,86709904
fb1dd1cec35c,1e44fc134a2a,20,1685242930676,38715,85953946,460,1389712,86709904
fb1dd1cec35c,1e44fc134a2a,18,1685242931345,38715,85362840,460,1389712,86709904
fb1dd1cec35c,1e44fc134a2a,36,1685242931448,38715,85362840,460,1389712,86709904
fb1dd1cec35c,1e44fc134a2a,20,1685242944006,38715,85953946,460,1389712,86709904
fb1dd1cec35c,1e44fc134a2a,2,1685244175171,38715,251460056,460,1389712,86709904
fb1dd1cec35c,1e44fc134a2a,20,1685246092671,38715,85953946,460,1389712,86709904
fb1dd1cec35c,1e44fc134a2a,2,1685246093500,38715,85362840,460,1389712,86709904
fb1dd1cec35c,1e44fc134a2a,36,1685246093584,38715,85362840,460,1389712,86709904
fb1dd1cec35c,1e44fc134a2a,14,1685246094496,38715,85953946,460,1389712,86709904
fb1dd1cec35c,1e44fc134a2a,20,1685246105999,38715,85953946,460,1389712,86709904
fb1dd1cec35c,1e44fc134a2a,2,1685247176052,38715,85362840,460,1389712,86709904
fb1dd1cec35c,1e44fc134a2a,20,1685247189224,38715,85362840,460,1389712,86709904
fb1dd1cec35c,1e44fc134a2a,2,1685247189379,38715,85362840,460,1389712,86709904
fb1dd1cec35c,1e44fc134a2a,18,1685247189391,38715,85362840,460,1389712,86709904
fb1dd1cec35c,1e44fc134a2a,36,1685248524243,38715,251460056,460,1389712,86709904
fb1dd1cec35c,1e44fc134a2a,34,1685248524521,38715,251460056,460,1389712,86709904
fb1dd1cec35c,1e44fc134a2a,13,1685248524521,38715,251460056,460,1389712,86709904
fb1dd1cec35c,1e44fc134a2a,11,1685248531886,38715,251460056,460,1389712,86709904
fb1dd1cec35c,1e44fc134a2a,21,1685248531886,38715,251460056,460,1389712,86709904
fb1dd1cec35c,1e44fc134a2a,13,1685248537848,38715,251460056,460,1389712,86709904
fb1dd1cec35c,1e44fc134a2a,13,1685248540793,38715,251460056,460,1389712,86709904
fb1dd1cec35c,1e44fc134a2a,21,1685248545213,38715,251460056,460,1389712,86709904
fb1dd1cec35c,1e44fc134a2a,21,1685248627526,38715,251460056,460,1389712,86709904
fb1dd1cec35c,1e44fc134a2a,11,1685248627526,38715,251460056,460,1389712,86709904
fb1dd1cec35c,1e44fc134a2a,11,1685248640853,38715,251460056,460,1389712,86709904
fb1dd1cec35c,1e44fc134a2a,21,1685248640853,38715,251460056,460,1389712,86709904
fb1dd1cec35c,1e44fc134a2a,20,1685248641124,38715,251460056,460,1389712,86709904
fb1dd1cec35c,1e44fc134a2a,20,1685248654451,38715,251460056,460,1389712,86709904
fb1dd1cec35c,1e44fc134a2a,20,1685249256369,38715,251460056,460,1389712,86709904
fb1dd1cec35c,1e44fc134a2a,20,1685249269696,38715,251460056,460,1389712,86709904
fb1dd1cec35c,1e44fc134a2a,36,1685250177347,38715,251460056,460,1389712,86709904
fb1dd1cec35c,1e44fc134a2a,20,1685250190157,38715,251460056,460,1389712,86709904
fb1dd1cec35c,1e44fc134a2a,2,1685250190597,38715,251460056,460,1389712,86709904
fb1dd1cec35c,1e44fc134a2a,36,1685250190674,38715,251460056,460,1389712,86709904
fb1dd1cec35c,1e44fc134a2a,20,1685250203484,38715,251460056,460,1389712,86709904
fb1dd1cec35c,1e44fc134a2a,4,1685251019649,38715,251460056,460,1389712,86709904
fb1dd1cec35c,1e44fc134a2a,36,1685251021122,38715,251460056,460,1389712,86709904
fb1dd1cec35c,1e44fc134a2a,4,1685251032976,38715,251460056,460,1389712,86709904
fb1dd1cec35c,1e44fc134a2a,20,1685251033882,38715,251460056,460,1389712,86709904
fb1dd1cec35c,1e44fc134a2a,2,1685251034377,38715,251460056,460,1389712,86709904
fb1dd1cec35c,1e44fc134a2a,36,1685251034450,38715,251460056,460,1389712,86709904
fb1dd1cec35c,1e44fc134a2a,36,1685252417599,38715,85362840,460,1389712,86709904
fb1dd1cec35c,1e44fc134a2a,20,1685252417697,38715,85362840,460,1389712,86709904
fb1dd1cec35c,1e44fc134a2a,20,1685252431027,38715,85362840,460,1389712,86709904
fb1dd1cec35c,1e44fc134a2a,2,1685253178130,38715,85362840,460,1389712,86709904
fb1dd1cec35c,1e44fc134a2a,18,1685253191472,38715,85362840,460,1389712,86709904
fb1dd1cec35c,1e44fc134a2a,20,1685253205091,38715,85362840,460,1389712,86709904
fb1dd1cec35c,1e44fc134a2a,2,1685255565890,38715,85362840,460,1389712,86709904
fb1dd1cec35c,1e44fc134a2a,18,1685255565901,38715,85362840,460,1389712,86709904
fb1dd1cec35c,1e44fc134a2a,36,1685255565969,38715,85362840,460,1389712,86709904
fb1dd1cec35c,1e44fc134a2a,18,1685255579237,38715,85362840,460,1389712,86709904
fb1dd1cec35c,1e44fc134a2a,20,1685255593301,38715,85362840,460,1389712,86709904
fb1dd1cec35c,1e44fc134a2a,18,1685256178881,38715,85362840,460,1389712,86709904
fb1dd1cec35c,1e44fc134a2a,20,1685256192019,38715,85362840,460,1389712,86709904
fb1dd1cec35c,1e44fc134a2a,2,1685256192208,38715,85362840,460,1389712,86709904
fb1dd1cec35c,1e44fc134a2a,18,1685256192218,38715,85362840,460,1389712,86709904
fb1dd1cec35c,1e44fc134a2a,36,1685256192287,38715,85362840,460,1389712,86709904
fb1dd1cec35c,1e44fc134a2a,20,1685256205357,38715,85362840,460,1389712,86709904
fb1dd1cec35c,1e44fc134a2a,2,1685258727769,38715,85362840,460,1389712,86709904
fb1dd1cec35c,1e44fc134a2a,36,1685258727849,38715,85362840,460,1389712,86709904
fb1dd1cec35c,1e44fc134a2a,20,1685258740224,38715,85362840,460,1389712,86709904
fb1dd1cec35c,1e44fc134a2a,36,1685258741193,38715,85362840,460,1389712,86709904
fb1dd1cec35c,1e44fc134a2a,20,1685258753569,38715,85362840,460,1389712,86709904
fb1dd1cec35c,1e44fc134a2a,18,1685259179600,38715,85362840,460,1389712,86709904
fb1dd1cec35c,1e44fc134a2a,36,1685259179668,38715,85362840,460,1389712,86709904
fb1dd1cec35c,1e44fc134a2a,20,1685259192267,38715,85362840,460,1389712,86709904
fb1dd1cec35c,1e44fc134a2a,2,1685259192934,38715,85362840,460,1389712,86709904
fb1dd1cec35c,1e44fc134a2a,20,1685259205613,38715,85362840,460,1389712,86709904
fb1dd1cec35c,1e44fc134a2a,4,1685261855709,38715,85362840,460,1389712,86709904
fb1dd1cec35c,1e44fc134a2a,2,1685261869577,38715,85362840,460,1389712,86709904
fb1dd1cec35c,1e44fc134a2a,18,1685261869588,38715,85362840,460,1389712,86709904
fb1dd1cec35c,1e44fc134a2a,36,1685261869656,38715,85362840,460,1389712,86709904
fb1dd1cec35c,1e44fc134a2a,20,1685261880514,38715,85362840,460,1389712,86709904
fb1dd1cec35c,1e44fc134a2a,18,1685261889518,38715,85362840,460,1389712,86709904
fb1dd1cec35c,1e44fc134a2a,2,1685261902856,38715,85362840,460,1389712,86709904
fb1dd1cec35c,1e44fc134a2a,36,1685261902937,38715,85362840,460,1389712,86709904
fb1dd1cec35c,1e44fc134a2a,2,1685262180428,38715,85362840,460,1389712,86709904
fb1dd1cec35c,1e44fc134a2a,36,1685262180508,38715,85362840,460,1389712,86709904
fb1dd1cec35c,1e44fc134a2a,2,1685262193777,38715,85362840,460,1389712,86709904
fb1dd1cec35c,1e44fc134a2a,18,1685262193788,38715,85362840,460,1389712,86709904
fb1dd1cec35c,1e44fc134a2a,36,1685262193857,38715,85362840,460,1389712,86709904
fb1dd1cec35c,1e44fc134a2a,20,1685262207915,38715,85362840,460,1389712,86709904
fb1dd1cec35c,1e44fc134a2a,4,1685264893635,38715,85362840,460,1389712,86709904
fb1dd1cec35c,1e44fc134a2a,18,1685264894958,38715,85362840,460,1389712,86709904
fb1dd1cec35c,1e44fc134a2a,36,1685264895026,38715,85362840,460,1389712,86709904
fb1dd1cec35c,1e44fc134a2a,14,1685264906194,38715,85953946,460,1389712,86709904
fb1dd1cec35c,1e44fc134a2a,2,1685264908299,38715,85362840,460,1389712,86709904
fb1dd1cec35c,1e44fc134a2a,36,1685264908379,38715,85362840,460,1389712,86709904
fb1dd1cec35c,1e44fc134a2a,20,1685264909252,38715,85953946,460,1389712,86709904
fb1dd1cec35c,1e44fc134a2a,20,1685264922604,38715,85953946,460,1389712,86709904
fb1dd1cec35c,1e44fc134a2a,2,1685265051307,38715,85362840,460,1389712,86709904
fb1dd1cec35c,1e44fc134a2a,18,1685265051318,38715,85362840,460,1389712,86709904
fb1dd1cec35c,1e44fc134a2a,36,1685265051383,38715,85362840,460,1389712,86709904
fb1dd1cec35c,1e44fc134a2a,2,1685265064659,38715,85362840,460,1389712,86709904
fb1dd1cec35c,1e44fc134a2a,18,1685265181238,38715,85362840,460,1389712,86709904
fb1dd1cec35c,1e44fc134a2a,36,1685265181306,38715,85362840,460,1389712,86709904
fb1dd1cec35c,1e44fc134a2a,18,1685265194590,38715,85362840,460,1389712,86709904
fb1dd1cec35c,1e44fc134a2a,36,1685265194658,38715,85362840,460,1389712,86709904
fb1dd1cec35c,1e44fc134a2a,20,1685268195002,38715,85362840,460,1389712,86709904
fb1dd1cec35c,1e44fc134a2a,2,1685268195299,38715,85362840,460,1389712,86709904
fb1dd1cec35c,1e44fc134a2a,2,1685268213046,38715,85362840,460,1389712,86709904
fb1dd1cec35c,1e44fc134a2a,2,1685268226398,38715,85362840,460,1389712,86709904
fb1dd1cec35c,1e44fc134a2a,18,1685268226409,38715,85362840,460,1389712,86709904
fb1dd1cec35c,1e44fc134a2a,36,1685268226478,38715,85362840,460,1389712,86709904
fb1dd1cec35c,1e44fc134a2a,20,1685268240364,38715,85362840,460,1389712,86709904
fb1dd1cec35c,1e44fc134a2a,2,1685271182789,38715,251460056,460,1389712,86709904
fb1dd1cec35c,1e44fc134a2a,20,1685271195555,38715,251460056,460,1389712,86709904
fb1dd1cec35c,1e44fc134a2a,2,1685271196137,38715,251460056,460,1389712,86709904
fb1dd1cec35c,1e44fc134a2a,36,1685271196219,38715,251460056,460,1389712,86709904
fb1dd1cec35c,1e44fc134a2a,36,1685271374906,38715,251460056,460,1389712,86709904
fb1dd1cec35c,1e44fc134a2a,2,1685271388176,38715,251460056,460,1389712,86709904
fb1dd1cec35c,1e44fc134a2a,36,1685271388253,38715,251460056,460,1389712,86709904
fb1dd1cec35c,1e44fc134a2a,20,1685271396923,38715,251460056,460,1389712,86709904
fb1dd1cec35c,1e44fc134a2a,20,1685271410270,38715,251460056,460,1389712,86709904
fb1dd1cec35c,1e44fc134a2a,2,1685273741264,38715,85362840,460,1389712,86709904
fb1dd1cec35c,1e44fc134a2a,18,1685273741276,38715,85362840,460,1389712,86709904
fb1dd1cec35c,1e44fc134a2a,34,1685273741705,38715,85362840,460,1389712,86709904
fb1dd1cec35c,1e44fc134a2a,14,1685273743072,38715,85953946,460,1389712,86709904
fb1dd1cec35c,1e44fc134a2a,34,1685273744884,38715,85953946,460,1389712,86709904
fb1dd1cec35c,1e44fc134a2a,21,1685273753893,38715,85953946,460,1389712,86709904
fb1dd1cec35c,1e44fc134a2a,2,1685273754608,38715,85362840,460,1389712,86709904
fb1dd1cec35c,1e44fc134a2a,18,1685273754619,38715,85362840,460,1389712,86709904
fb1dd1cec35c,1e44fc134a2a,36,1685273754724,38715,85362840,460,1389712,86709904
fb1dd1cec35c,1e44fc134a2a,34,1685273755049,38715,85362840,460,1389712,86709904
fb1dd1cec35c,1e44fc134a2a,14,1685273756415,38715,85953946,460,1389712,86709904
fb1dd1cec35c,1e44fc134a2a,34,1685273758228,38715,85953946,460,1389712,86709904
fb1dd1cec35c,1e44fc134a2a,11,1685273840209,38715,85953946,460,1389712,86709904
fb1dd1cec35c,1e44fc134a2a,20,1685273852668,38715,85953946,460,1389712,86709904
fb1dd1cec35c,1e44fc134a2a,21,1685273853552,38715,85953946,460,1389712,86709904
fb1dd1cec35c,1e44fc134a2a,11,1685273853552,38715,85953946,460,1389712,86709904
fb1dd1cec35c,1e44fc134a2a,20,1685273866011,38715,85953946,460,1389712,86709904
fb1dd1cec35c,1e44fc134a2a,2,1685274183944,38715,85362840,460,1389712,86709904
fb1dd1cec35c,1e44fc134a2a,18,1685274183955,38715,85362840,460,1389712,86709904
fb1dd1cec35c,1e44fc134a2a,36,1685274184024,38715,85362840,460,1389712,86709904
fb1dd1cec35c,1e44fc134a2a,14,1685274184911,38715,85953946,460,1389712,86709904
fb1dd1cec35c,1e44fc134a2a,20,1685274196668,38715,85953946,460,1389712,86709904
fb1dd1cec35c,1e44fc134a2a,2,1685274197287,38715,85362840,460,1389712,86709904
fb1dd1cec35c,1e44fc134a2a,36,1685274197367,38715,85362840,460,1389712,86709904
fb1dd1cec35c,1e44fc134a2a,14,1685274198254,38715,85953946,460,1389712,86709904
fb1dd1cec35c,1e44fc134a2a,20,1685274210011,38715,85953946,460,1389712,86709904
fb1dd1cec35c,1e44fc134a2a,18,1685274536914,38715,85362840,460,1389712,86709904
fb1dd1cec35c,1e44fc134a2a,14,1685274537879,38715,85953946,460,1389712,86709904
fb1dd1cec35c,1e44fc134a2a,20,1685274548669,38715,85953946,460,1389712,86709904
fb1dd1cec35c,1e44fc134a2a,2,1685274550247,38715,85362840,460,1389712,86709904
fb1dd1cec35c,1e44fc134a2a,36,1685274550331,38715,85362840,460,1389712,86709904
fb1dd1cec35c,1e44fc134a2a,14,1685274551222,38715,85953946,460,1389712,86709904
fb1dd1cec35c,1e44fc134a2a,20,1685274562011,38715,85953946,460,1389712,86709904
fb1dd1cec35c,1e44fc134a2a,2,1685277198203,38715,85362840,460,1389712,86709904
fb1dd1cec35c,1e44fc134a2a,36,1685277198283,38715,85362840,460,1389712,86709904
fb1dd1cec35c,1e44fc134a2a,20,1685277211136,38715,85362840,460,1389712,86709904
fb1dd1cec35c,1e44fc134a2a,2,1685277307097,38715,85362840,460,1389712,86709904
fb1dd1cec35c,1e44fc134a2a,18,1685277307107,38715,85362840,460,1389712,86709904
fb1dd1cec35c,1e44fc134a2a,36,1685277307200,38715,85362840,460,1389712,86709904
fb1dd1cec35c,1e44fc134a2a,7,1685277307223,38715,85362840,460,1389712,86709904
fb1dd1cec35c,1e44fc134a2a,34,1685277307460,38715,85362840,460,1389712,86709904
fb1dd1cec35c,1e44fc134a2a,41,1685277307460,38715,85362840,460,1389712,86709904
fb1dd1cec35c,1e44fc134a2a,2,1685277320436,38715,85362840,460,1389712,86709904
fb1dd1cec35c,1e44fc134a2a,36,1685277320539,38715,85362840,460,1389712,86709904
fb1dd1cec35c,1e44fc134a2a,34,1685277320800,38715,85362840,460,1389712,86709904
fb1dd1cec35c,1e44fc134a2a,41,1685277320800,38715,85362840,460,1389712,86709904
fb1dd1cec35c,1e44fc134a2a,14,1685277335819,38715,85953946,460,1389712,86709904
fb1dd1cec35c,1e44fc134a2a,15,1685277337356,38715,251460056,460,1389712,86709904
fb1dd1cec35c,1e44fc134a2a,20,1685277339548,38715,85953946,460,1389712,86709904
fb1dd1cec35c,1e44fc134a2a,16,1685277350690,38715,85953946,460,1389712,86709904
fb1dd1cec35c,1e44fc134a2a,20,1685277374518,38715,251460056,460,1389712,86709904
fb1dd1cec35c,1e44fc134a2a,4,1685277375196,38715,251460056,460,1389712,86709904
fb1dd1cec35c,1e44fc134a2a,2,1685277376247,38715,251460056,460,1389712,86709904
fb1dd1cec35c,1e44fc134a2a,36,1685277376325,38715,251460056,460,1389712,86709904
fb1dd1cec35c,1e44fc134a2a,20,1685277387858,38715,251460056,460,1389712,86709904
fb1dd1cec35c,1e44fc134a2a,4,1685277388536,38715,251460056,460,1389712,86709904
fb1dd1cec35c,1e44fc134a2a,20,1685277389270,38715,251460056,460,1389712,86709904
fb1dd1cec35c,1e44fc134a2a,36,1685277389664,38715,251460056,460,1389712,86709904
fb1dd1cec35c,1e44fc134a2a,4,1685277400518,38715,251460056,460,1389712,86709904
fb1dd1cec35c,1e44fc134a2a,36,1685277401919,38715,251460056,460,1389712,86709904
fb1dd1cec35c,1e44fc134a2a,2,1685277415186,38715,251460056,460,1389712,86709904
fb1dd1cec35c,1e44fc134a2a,36,1685277415258,38715,251460056,460,1389712,86709904
fb1dd1cec35c,1e44fc134a2a,20,1685277415777,38715,251460056,460,1389712,86709904
fb1dd1cec35c,1e44fc134a2a,20,1685277429117,38715,251460056,460,1389712,86709904
fb1dd1cec35c,1e44fc134a2a,4,1685277477321,38715,85982878,460,1389712,86709904
fb1dd1cec35c,1e44fc134a2a,2,1685277479913,38715,85982878,460,1389712,86709904
fb1dd1cec35c,1e44fc134a2a,18,1685277479918,38715,85982878,460,1389712,86709904
fb1dd1cec35c,1e44fc134a2a,4,1685277490660,38715,85982878,460,1389712,86709904
fb1dd1cec35c,1e44fc134a2a,20,1685277492551,38715,85982878,460,1389712,86709904
fb1dd1cec35c,1e44fc134a2a,2,1685277493252,38715,85982878,460,1389712,86709904
fb1dd1cec35c,1e44fc134a2a,18,1685277493257,38715,85982878,460,1389712,86709904
fb1dd1cec35c,1e44fc134a2a,36,1685277493329,38715,85982878,460,1389712,86709904
fb1dd1cec35c,1e44fc134a2a,20,1685277505891,38715,85982878,460,1389712,86709904
fb1dd1cec35c,1e44fc134a2a,18,1685277568859,38715,85982878,460,1389712,86709904
fb1dd1cec35c,1e44fc134a2a,36,1685277568945,38715,85982878,460,1389712,86709904
fb1dd1cec35c,1e44fc134a2a,18,1685277582198,38715,85982878,460,1389712,86709904
fb1dd1cec35c,1e44fc134a2a,20,1685277584562,38715,85982878,460,1389712,86709904
fb1dd1cec35c,1e44fc134a2a,2,1685277589953,38715,85982878,460,1389712,86709904
fb1dd1cec35c,1e44fc134a2a,18,1685277589958,38715,85982878,460,1389712,86709904
fb1dd1cec35c,1e44fc134a2a,36,1685277590049,38715,85982878,460,1389712,86709904
fb1dd1cec35c,1e44fc134a2a,2,1685277603292,38715,85982878,460,1389712,86709904
fb1dd1cec35c,1e44fc134a2a,36,1685277603388,38715,85982878,460,1389712,86709904
fb1dd1cec35c,1e44fc134a2a,20,1685277617901,38715,85982878,460,1389712,86709904
fb1dd1cec35c,1e44fc134a2a,2,1685277629680,38715,85982878,460,1389712,86709904
fb1dd1cec35c,1e44fc134a2a,2,1685277643019,38715,85982878,460,1389712,86709904
fb1dd1cec35c,1e44fc134a2a,20,1685277646562,38715,85982878,460,1389712,86709904
fb1dd1cec35c,1e44fc134a2a,20,1685277659901,38715,85982878,460,1389712,86709904
fb1dd1cec35c,1e44fc134a2a,4,1685277688495,38715,85982744,460,1389712,86709904
fb1dd1cec35c,1e44fc134a2a,2,1685277689843,38715,85982744,460,1389712,86709904
fb1dd1cec35c,1e44fc134a2a,36,1685277689925,38715,85982744,460,1389712,86709904
fb1dd1cec35c,1e44fc134a2a,2,1685277703183,38715,85982744,460,1389712,86709904
fb1dd1cec35c,1e44fc134a2a,18,1685277703187,38715,85982744,460,1389712,86709904
fb1dd1cec35c,1e44fc134a2a,36,1685277703265,38715,85982744,460,1389712,86709904
fb1dd1cec35c,1e44fc134a2a,20,1685277712153,38715,85982744,460,1389712,86709904
fb1dd1cec35c,1e44fc134a2a,20,1685277725492,38715,85982744,460,1389712,86709904
fb1dd1cec35c,1e44fc134a2a,36,1685277751810,38715,85982878,460,1389712,86709904
fb1dd1cec35c,1e44fc134a2a,2,1685277765073,38715,85982878,460,1389712,86709904
fb1dd1cec35c,1e44fc134a2a,36,1685277765149,38715,85982878,460,1389712,86709904
fb1dd1cec35c,1e44fc134a2a,2,1685277815254,38715,251460186,460,1389712,86709904
fb1dd1cec35c,1e44fc134a2a,4,1685277826349,38715,251460186,460,1389712,86709904
fb1dd1cec35c,1e44fc134a2a,2,1685277828593,38715,251460186,460,1389712,86709904
fb1dd1cec35c,1e44fc134a2a,36,1685277828677,38715,251460186,460,1389712,86709904
fb1dd1cec35c,1e44fc134a2a,20,1685277841144,38715,251460186,460,1389712,86709904
fb1dd1cec35c,1e44fc134a2a,2,1685277890774,38715,251460186,460,1389712,86709904
fb1dd1cec35c,1e44fc134a2a,18,1685277890786,38715,251460186,460,1389712,86709904
fb1dd1cec35c,1e44fc134a2a,36,1685277890857,38715,251460186,460,1389712,86709904
fb1dd1cec35c,1e44fc134a2a,2,1685277904113,38715,251460186,460,1389712,86709904
fb1dd1cec35c,1e44fc134a2a,18,1685277904125,38715,251460186,460,1389712,86709904
fb1dd1cec35c,1e44fc134a2a,36,1685277904196,38715,251460186,460,1389712,86709904
fb1dd1cec35c,1e44fc134a2a,20,1685277904908,38715,251460186,460,1389712,86709904
fb1dd1cec35c,1e44fc134a2a,20,1685277918247,38715,251460186,460,1389712,86709904
fb1dd1cec35c,1e44fc134a2a,2,1685277949654,38715,251460186,460,1389712,86709904
fb1dd1cec35c,1e44fc134a2a,18,1685277949666,38715,251460186,460,1389712,86709904
fb1dd1cec35c,1e44fc134a2a,18,1685277963005,38715,251460186,460,1389712,86709904
fb1dd1cec35c,1e44fc134a2a,36,1685277963076,38715,251460186,460,1389712,86709904
fb1dd1cec35c,1e44fc134a2a,20,1685277976250,38715,251460186,460,1389712,86709904
fb1dd1cec35c,1e44fc134a2a,2,1685278190307,38715,251460056,460,1389712,86709904
fb1dd1cec35c,1e44fc134a2a,36,1685278190384,38715,251460056,460,1389712,86709904
fb1dd1cec35c,1e44fc134a2a,2,1685278203646,38715,251460056,460,1389712,86709904
fb1dd1cec35c,1e44fc134a2a,36,1685278203723,38715,251460056,460,1389712,86709904
fb1dd1cec35c,1e44fc134a2a,20,1685278204093,38715,251460056,460,1389712,86709904
fb1dd1cec35c,1e44fc134a2a,2,1685278234303,38715,85362840,460,1389712,86709904
fb1dd1cec35c,1e44fc134a2a,36,1685278234421,38715,85362840,460,1389712,86709904
fb1dd1cec35c,1e44fc134a2a,14,1685278246023,38715,85982745,460,1389712,86709904
fb1dd1cec35c,1e44fc134a2a,2,1685278247642,38715,85362840,460,1389712,86709904
fb1dd1cec35c,1e44fc134a2a,18,1685278247654,38715,85362840,460,1389712,86709904
fb1dd1cec35c,1e44fc134a2a,14,1685278247723,38715,162272280,460,1389712,86709904
fb1dd1cec35c,1e44fc134a2a,36,1685278247760,38715,85362840,460,1389712,86709904
fb1dd1cec35c,1e44fc134a2a,14,1685278259362,38715,85982745,460,1389712,86709904
fb1dd1cec35c,1e44fc134a2a,14,1685278259743,38715,85982745,460,1389712,86709904
fb1dd1cec35c,1e44fc134a2a,14,1685278261062,38715,162272280,460,1389712,86709904
fb1dd1cec35c,1e44fc134a2a,14,1685278262898,38715,162272286,460,1389712,86709904
fb1dd1cec35c,1e44fc134a2a,14,1685278264043,38715,85362840,460,1389712,86709904
fb1dd1cec35c,1e44fc134a2a,14,1685278269382,38715,162268697,460,1389712,86709904
fb1dd1cec35c,1e44fc134a2a,14,1685278277382,38715,85362840,460,1389712,86709904
fb1dd1cec35c,1e44fc134a2a,14,1685278280135,38715,163143194,460,1389712,86709904
fb1dd1cec35c,1e44fc134a2a,14,1685278293474,38715,163143194,460,1389712,86709904
fb1dd1cec35c,1e44fc134a2a,20,1685278386694,38715,163143194,460,1389712,86709904
fb1dd1cec35c,1e44fc134a2a,4,1685278427232,38715,251460056,460,1389712,86709904
fb1dd1cec35c,1e44fc134a2a,36,1685278429765,38715,251460056,460,1389712,86709904
fb1dd1cec35c,1e44fc134a2a,4,1685278440571,38715,251460056,460,1389712,86709904
fb1dd1cec35c,1e44fc134a2a,20,1685278442103,38715,251460056,460,1389712,86709904
fb1dd1cec35c,1e44fc134a2a,36,1685278443103,38715,251460056,460,1389712,86709904
fb1dd1cec35c,1e44fc134a2a,20,1685278455442,38715,251460056,460,1389712,86709904
fb1dd1cec35c,1e44fc134a2a,4,1685278499723,38715,251460056,460,1389712,86709904
fb1dd1cec35c,1e44fc134a2a,36,1685278500163,38715,251460056,460,1389712,86709904
fb1dd1cec35c,1e44fc134a2a,2,1685278513425,38715,251460056,460,1389712,86709904
fb1dd1cec35c,1e44fc134a2a,4,1685278544158,38715,251460056,460,1389712,86709904
fb1dd1cec35c,1e44fc134a2a,2,1685278544887,38715,251460056,460,1389712,86709904
fb1dd1cec35c,1e44fc134a2a,36,1685278544959,38715,251460056,460,1389712,86709904
fb1dd1cec35c,1e44fc134a2a,20,1685278549505,38715,251460056,460,1389712,86709904
fb1dd1cec35c,1e44fc134a2a,4,1685278557497,38715,251460056,460,1389712,86709904
fb1dd1cec35c,1e44fc134a2a,20,1685278558097,38715,251460056,460,1389712,86709904
fb1dd1cec35c,1e44fc134a2a,36,1685278558298,38715,251460056,460,1389712,86709904
fb1dd1cec35c,1e44fc134a2a,20,1685278571436,38715,251460056,460,1389712,86709904
fb1dd1cec35c,1e44fc134a2a,4,1685278588705,38715,251460056,460,1389712,86709904
fb1dd1cec35c,1e44fc134a2a,36,1685278589764,38715,251460056,460,1389712,86709904
fb1dd1cec35c,1e44fc134a2a,4,1685278602043,38715,251460056,460,1389712,86709904
fb1dd1cec35c,1e44fc134a2a,20,1685278602100,38715,251460056,460,1389712,86709904
fb1dd1cec35c,1e44fc134a2a,2,1685278603025,38715,251460056,460,1389712,86709904
fb1dd1cec35c,1e44fc134a2a,36,1685278603103,38715,251460056,460,1389712,86709904
fb1dd1cec35c,1e44fc134a2a,20,1685278615439,38715,251460056,460,1389712,86709904
fb1dd1cec35c,1e44fc134a2a,4,1685278674721,38715,251460056,460,1389712,86709904
fb1dd1cec35c,1e44fc134a2a,2,1685278675447,38715,251460056,460,1389712,86709904
fb1dd1cec35c,1e44fc134a2a,36,1685278675524,38715,251460056,460,1389712,86709904
fb1dd1cec35c,1e44fc134a2a,20,1685278687904,38715,251460056,460,1389712,86709904
fb1dd1cec35c,1e44fc134a2a,4,1685278688060,38715,251460056,460,1389712,86709904
fb1dd1cec35c,1e44fc134a2a,2,1685278688785,38715,251460056,460,1389712,86709904
fb1dd1cec35c,1e44fc134a2a,36,1685278688863,38715,251460056,460,1389712,86709904
fb1dd1cec35c,1e44fc134a2a,4,1685278797600,38715,251460056,460,1389712,86709904
fb1dd1cec35c,1e44fc134a2a,36,1685278798404,38715,251460056,460,1389712,86709904
fb1dd1cec35c,1e44fc134a2a,2,1685278811665,38715,251460056,460,1389712,86709904
fb1dd1cec35c,1e44fc134a2a,36,1685278811743,38715,251460056,460,1389712,86709904
fb1dd1cec35c,1e44fc134a2a,20,1685278811908,38715,251460056,460,1389712,86709904
fb1dd1cec35c,1e44fc134a2a,4,1685278920483,38715,251460056,460,1389712,86709904
fb1dd1cec35c,1e44fc134a2a,2,1685278921207,38715,251460056,460,1389712,86709904
fb1dd1cec35c,1e44fc134a2a,36,1685278921284,38715,251460056,460,1389712,86709904
fb1dd1cec35c,1e44fc134a2a,4,1685278933822,38715,251460056,460,1389712,86709904
fb1dd1cec35c,1e44fc134a2a,20,1685278933903,38715,251460056,460,1389712,86709904
fb1dd1cec35c,1e44fc134a2a,2,1685278934545,38715,251460056,460,1389712,86709904
fb1dd1cec35c,1e44fc134a2a,36,1685278934623,38715,251460056,460,1389712,86709904
fb1dd1cec35c,1e44fc134a2a,20,1685278947241,38715,251460056,460,1389712,86709904
fb1dd1cec35c,1e44fc134a2a,36,1685279044164,38715,251460056,460,1389712,86709904
fb1dd1cec35c,1e44fc134a2a,4,1685279056689,38715,251460056,460,1389712,86709904
fb1dd1cec35c,1e44fc134a2a,2,1685279057426,38715,251460056,460,1389712,86709904
fb1dd1cec35c,1e44fc134a2a,36,1685279057503,38715,251460056,460,1389712,86709904
fb1dd1cec35c,1e44fc134a2a,20,1685279058200,38715,251460056,460,1389712,86709904
fb1dd1cec35c,1e44fc134a2a,20,1685279071538,38715,251460056,460,1389712,86709904
fb1dd1cec35c,1e44fc134a2a,36,1685279091524,38715,251460056,460,1389712,86709904
fb1dd1cec35c,1e44fc134a2a,4,1685279103800,38715,251460056,460,1389712,86709904
fb1dd1cec35c,1e44fc134a2a,20,1685279104600,38715,251460056,460,1389712,86709904
fb1dd1cec35c,1e44fc134a2a,2,1685279104785,38715,251460056,460,1389712,86709904
fb1dd1cec35c,1e44fc134a2a,36,1685279104863,38715,251460056,460,1389712,86709904
fb1dd1cec35c,1e44fc134a2a,20,1685279117939,38715,251460056,460,1389712,86709904
fb1dd1cec35c,1e44fc134a2a,4,1685279160168,38715,251460056,460,1389712,86709904
fb1dd1cec35c,1e44fc134a2a,36,1685279160640,38715,251460056,460,1389712,86709904
fb1dd1cec35c,1e44fc134a2a,4,1685279173506,38715,251460056,460,1389712,86709904
fb1dd1cec35c,1e44fc134a2a,2,1685279173905,38715,251460056,460,1389712,86709904
fb1dd1cec35c,1e44fc134a2a,36,1685279173978,38715,251460056,460,1389712,86709904
fb1dd1cec35c,1e44fc134a2a,20,1685279178293,38715,251460056,460,1389712,86709904
fb1dd1cec35c,1e44fc134a2a,4,1685279182906,38715,251460056,460,1389712,86709904
fb1dd1cec35c,1e44fc134a2a,2,1685279183587,38715,251460056,460,1389712,86709904
fb1dd1cec35c,1e44fc134a2a,36,1685279183669,38715,251460056,460,1389712,86709904
fb1dd1cec35c,1e44fc134a2a,20,1685279191631,38715,251460056,460,1389712,86709904
fb1dd1cec35c,1e44fc134a2a,4,1685279196244,38715,251460056,460,1389712,86709904
fb1dd1cec35c,1e44fc134a2a,20,1685279196604,38715,251460056,460,1389712,86709904
fb1dd1cec35c,1e44fc134a2a,2,1685279196925,38715,251460056,460,1389712,86709904
fb1dd1cec35c,1e44fc134a2a,36,1685279197008,38715,251460056,460,1389712,86709904
fb1dd1cec35c,1e44fc134a2a,2,1685280186226,38715,251460056,460,1389712,86709904
fb1dd1cec35c,1e44fc134a2a,36,1685280186304,38715,251460056,460,1389712,86709904
fb1dd1cec35c,1e44fc134a2a,2,1685280199564,38715,251460056,460,1389712,86709904
fb1dd1cec35c,1e44fc134a2a,20,1685280213783,38715,251460056,460,1389712,86709904
fb1dd1cec35c,1e44fc134a2a,2,1685280860926,38715,251460056,460,1389712,86709904
fb1dd1cec35c,1e44fc134a2a,36,1685280861009,38715,251460056,460,1389712,86709904
fb1dd1cec35c,1e44fc134a2a,2,1685280874264,38715,251460056,460,1389712,86709904
fb1dd1cec35c,1e44fc134a2a,36,1685280874347,38715,251460056,460,1389712,86709904
fb1dd1cec35c,1e44fc134a2a,20,1685280874613,38715,251460056,460,1389712,86709904
fb1dd1cec35c,1e44fc134a2a,20,1685280887951,38715,251460056,460,1389712,86709904
fb1dd1cec35c,1e44fc134a2a,2,1685283187105,38715,251460056,460,1389712,86709904
fb1dd1cec35c,1e44fc134a2a,36,1685283187188,38715,251460056,460,1389712,86709904
fb1dd1cec35c,1e44fc134a2a,2,1685283200444,38715,251460056,460,1389712,86709904
fb1dd1cec35c,1e44fc134a2a,36,1685283200526,38715,251460056,460,1389712,86709904
fb1dd1cec35c,1e44fc134a2a,20,1685283213107,38715,251460056,460,1389712,86709904
fb1dd1cec35c,1e44fc134a2a,2,1685284022745,38715,251460056,460,1389712,86709904
fb1dd1cec35c,1e44fc134a2a,20,1685284035363,38715,251460056,460,1389712,86709904
fb1dd1cec35c,1e44fc134a2a,2,1685284036084,38715,251460056,460,1389712,86709904
fb1dd1cec35c,1e44fc134a2a,20,1685284048702,38715,251460056,460,1389712,86709904
fb1dd1cec35c,1e44fc134a2a,2,1685286188041,38715,85362840,460,1389712,86709904
fb1dd1cec35c,1e44fc134a2a,18,1685286188053,38715,85362840,460,1389712,86709904
fb1dd1cec35c,1e44fc134a2a,36,1685286188121,38715,85362840,460,1389712,86709904
fb1dd1cec35c,1e44fc134a2a,14,1685286189834,38715,163143194,460,1389712,86709904
fb1dd1cec35c,1e44fc134a2a,20,1685286201331,38715,163143194,460,1389712,86709904
fb1dd1cec35c,1e44fc134a2a,2,1685286201382,38715,85362840,460,1389712,86709904
fb1dd1cec35c,1e44fc134a2a,18,1685286201394,38715,85362840,460,1389712,86709904
fb1dd1cec35c,1e44fc134a2a,36,1685286201462,38715,85362840,460,1389712,86709904
fb1dd1cec35c,1e44fc134a2a,14,1685286203175,38715,163143194,460,1389712,86709904
fb1dd1cec35c,1e44fc134a2a,20,1685286214672,38715,163143194,460,1389712,86709904
fb1dd1cec35c,1e44fc134a2a,2,1685287184707,38715,85362840,460,1389712,86709904
fb1dd1cec35c,1e44fc134a2a,18,1685287184717,38715,85362840,460,1389712,86709904
fb1dd1cec35c,1e44fc134a2a,36,1685287184797,38715,85362840,460,1389712,86709904
fb1dd1cec35c,1e44fc134a2a,2,1685287198049,38715,85362840,460,1389712,86709904
fb1dd1cec35c,1e44fc134a2a,18,1685287198059,38715,85362840,460,1389712,86709904
fb1dd1cec35c,1e44fc134a2a,36,1685287198140,38715,85362840,460,1389712,86709904
fb1dd1cec35c,1e44fc134a2a,2,1685289188861,38715,85362840,460,1389712,86709904
fb1dd1cec35c,1e44fc134a2a,18,1685289188872,38715,85362840,460,1389712,86709904
fb1dd1cec35c,1e44fc134a2a,36,1685289188941,38715,85362840,460,1389712,86709904
fb1dd1cec35c,1e44fc134a2a,2,1685289202206,38715,85362840,460,1389712,86709904
fb1dd1cec35c,1e44fc134a2a,18,1685289202217,38715,85362840,460,1389712,86709904
fb1dd1cec35c,1e44fc134a2a,36,1685289202286,38715,85362840,460,1389712,86709904
fb1dd1cec35c,1e44fc134a2a,20,1685289202842,38715,85362840,460,1389712,86709904
fb1dd1cec35c,1e44fc134a2a,2,1685289344762,38715,85362840,460,1389712,86709904
fb1dd1cec35c,1e44fc134a2a,18,1685289344773,38715,85362840,460,1389712,86709904
fb1dd1cec35c,1e44fc134a2a,36,1685289344841,38715,85362840,460,1389712,86709904
fb1dd1cec35c,1e44fc134a2a,7,1685289344861,38715,85362840,460,1389712,86709904
fb1dd1cec35c,1e44fc134a2a,41,1685289345061,38715,85362840,460,1389712,86709904
fb1dd1cec35c,1e44fc134a2a,34,1685289345061,38715,85362840,460,1389712,86709904
fb1dd1cec35c,1e44fc134a2a,2,1685289358107,38715,85362840,460,1389712,86709904
fb1dd1cec35c,1e44fc134a2a,18,1685289358118,38715,85362840,460,1389712,86709904
fb1dd1cec35c,1e44fc134a2a,36,1685289358186,38715,85362840,460,1389712,86709904
fb1dd1cec35c,1e44fc134a2a,7,1685289358206,38715,85362840,460,1389712,86709904
fb1dd1cec35c,1e44fc134a2a,34,1685289358406,38715,85362840,460,1389712,86709904
fb1dd1cec35c,1e44fc134a2a,41,1685289358406,38715,85362840,460,1389712,86709904
fb1dd1cec35c,1e44fc134a2a,20,1685289402874,38715,85362840,460,1389712,86709904
fb1dd1cec35c,1e44fc134a2a,4,1685289406751,38715,85362840,460,1389712,86709904
fb1dd1cec35c,1e44fc134a2a,2,1685289406941,38715,85362840,460,1389712,86709904
fb1dd1cec35c,1e44fc134a2a,18,1685289406951,38715,85362840,460,1389712,86709904
fb1dd1cec35c,1e44fc134a2a,36,1685289407021,38715,85362840,460,1389712,86709904
fb1dd1cec35c,1e44fc134a2a,20,1685289416219,38715,85362840,460,1389712,86709904
fb1dd1cec35c,1e44fc134a2a,4,1685289420096,38715,85362840,460,1389712,86709904
fb1dd1cec35c,1e44fc134a2a,2,1685289420286,38715,85362840,460,1389712,86709904
fb1dd1cec35c,1e44fc134a2a,18,1685289420296,38715,85362840,460,1389712,86709904
fb1dd1cec35c,1e44fc134a2a,36,1685289420366,38715,85362840,460,1389712,86709904
fb1dd1cec35c,1e44fc134a2a,4,1685289424210,38715,85362840,460,1389712,86709904
fb1dd1cec35c,1e44fc134a2a,2,1685289424862,38715,85362840,460,1389712,86709904
fb1dd1cec35c,1e44fc134a2a,18,1685289424872,38715,85362840,460,1389712,86709904
fb1dd1cec35c,1e44fc134a2a,36,1685289424941,38715,85362840,460,1389712,86709904
fb1dd1cec35c,1e44fc134a2a,20,1685289434218,38715,85362840,460,1389712,86709904
fb1dd1cec35c,1e44fc134a2a,4,1685289437555,38715,85362840,460,1389712,86709904
fb1dd1cec35c,1e44fc134a2a,2,1685289438208,38715,85362840,460,1389712,86709904
fb1dd1cec35c,1e44fc134a2a,36,1685289438286,38715,85362840,460,1389712,86709904
fb1dd1cec35c,1e44fc134a2a,20,1685289440873,38715,85362840,460,1389712,86709904
fb1dd1cec35c,1e44fc134a2a,4,1685289444645,38715,85362840,460,1389712,86709904
fb1dd1cec35c,1e44fc134a2a,2,1685289445342,38715,85362840,460,1389712,86709904
fb1dd1cec35c,1e44fc134a2a,18,1685289445351,38715,85362840,460,1389712,86709904
fb1dd1cec35c,1e44fc134a2a,36,1685289445421,38715,85362840,460,1389712,86709904
fb1dd1cec35c,1e44fc134a2a,20,1685289454218,38715,85362840,460,1389712,86709904
fb1dd1cec35c,1e44fc134a2a,4,1685289457990,38715,85362840,460,1389712,86709904
fb1dd1cec35c,1e44fc134a2a,2,1685289458687,38715,85362840,460,1389712,86709904
fb1dd1cec35c,1e44fc134a2a,18,1685289458697,38715,85362840,460,1389712,86709904
fb1dd1cec35c,1e44fc134a2a,36,1685289458766,38715,85362840,460,1389712,86709904
fb1dd1cec35c,1e44fc134a2a,20,1685289478873,38715,85362840,460,1389712,86709904
fb1dd1cec35c,1e44fc134a2a,4,1685289484343,38715,85362840,460,1389712,86709904
fb1dd1cec35c,1e44fc134a2a,18,1685289485031,38715,85362840,460,1389712,86709904
fb1dd1cec35c,1e44fc134a2a,36,1685289485101,38715,85362840,460,1389712,86709904
fb1dd1cec35c,1e44fc134a2a,20,1685289492219,38715,85362840,460,1389712,86709904
fb1dd1cec35c,1e44fc134a2a,4,1685289497689,38715,85362840,460,1389712,86709904
fb1dd1cec35c,1e44fc134a2a,2,1685289498368,38715,85362840,460,1389712,86709904
fb1dd1cec35c,1e44fc134a2a,18,1685289498377,38715,85362840,460,1389712,86709904
fb1dd1cec35c,1e44fc134a2a,20,1685289498874,38715,85362840,460,1389712,86709904
fb1dd1cec35c,1e44fc134a2a,20,1685289512219,38715,85362840,460,1389712,86709904
fb1dd1cec35c,1e44fc134a2a,4,1685289527840,38715,85362840,460,1389712,86709904
fb1dd1cec35c,1e44fc134a2a,2,1685289528541,38715,85362840,460,1389712,86709904
fb1dd1cec35c,1e44fc134a2a,36,1685289528622,38715,85362840,460,1389712,86709904
fb1dd1cec35c,1e44fc134a2a,20,1685289540874,38715,85362840,460,1389712,86709904
fb1dd1cec35c,1e44fc134a2a,4,1685289541185,38715,85362840,460,1389712,86709904
fb1dd1cec35c,1e44fc134a2a,2,1685289541887,38715,85362840,460,1389712,86709904
fb1dd1cec35c,1e44fc134a2a,18,1685289541900,38715,85362840,460,1389712,86709904
fb1dd1cec35c,1e44fc134a2a,36,1685289541967,38715,85362840,460,1389712,86709904
fb1dd1cec35c,1e44fc134a2a,20,1685289554219,38715,85362840,460,1389712,86709904
