fd9be1917348,939a9732a61e,4,1685204454618,38708,161509154,460,1529714,86453305
fd9be1917348,939a9732a61e,18,1685204454871,38708,161509154,460,1529714,86453305
fd9be1917348,939a9732a61e,36,1685204454903,38708,161509154,460,1529714,86453305
fd9be1917348,939a9732a61e,39,1685204454928,38708,161509154,460,1529714,86453305
fd9be1917348,939a9732a61e,5,1685204455172,38708,161509154,460,1529714,86453305
fd9be1917348,939a9732a61e,20,1685204455177,38708,161509154,460,1529714,86453305
fd9be1917348,939a9732a61e,20,1685204455203,38708,161509154,460,1529714,86453305
fd9be1917348,939a9732a61e,39,1685205603116,38708,161509154,460,1529714,86453305
fd9be1917348,939a9732a61e,5,1685205603434,38708,161509154,460,1529714,86453305
fd9be1917348,939a9732a61e,18,1685205841625,38708,161509154,460,1529714,86453305
fd9be1917348,939a9732a61e,36,1685205841655,38708,161509154,460,1529714,86453305
fd9be1917348,939a9732a61e,39,1685205841679,38708,161509154,460,1529714,86453305
fd9be1917348,939a9732a61e,2,1685208603461,38708,162092583,460,1529714,86453305
fd9be1917348,939a9732a61e,18,1685208603463,38708,162092583,460,1529714,86453305
fd9be1917348,939a9732a61e,39,1685208603571,38708,162092583,460,1529714,86453305
fd9be1917348,939a9732a61e,20,1685208613348,38708,162092583,460,1529714,86453305
fd9be1917348,939a9732a61e,2,1685209003992,38708,162092583,460,1529714,86453305
fd9be1917348,939a9732a61e,36,1685209004152,38708,162092583,460,1529714,86453305
fd9be1917348,939a9732a61e,39,1685209004206,38708,162092583,460,1529714,86453305
fd9be1917348,939a9732a61e,36,1685211603972,38708,162092583,460,1529714,86453305
fd9be1917348,939a9732a61e,39,1685211604026,38708,162092583,460,1529714,86453305
fd9be1917348,939a9732a61e,20,1685211613803,38708,162092583,460,1529714,86453305
fd9be1917348,939a9732a61e,2,1685212166408,38708,162092583,460,1529714,86453305
fd9be1917348,939a9732a61e,36,1685212166477,38708,162092583,460,1529714,86453305
fd9be1917348,939a9732a61e,39,1685212166536,38708,162092583,460,1529714,86453305
fd9be1917348,939a9732a61e,20,1685212176318,38708,162092583,460,1529714,86453305
fd9be1917348,939a9732a61e,2,1685214604625,38708,162092583,460,1529714,86453305
fd9be1917348,939a9732a61e,18,1685214604631,38708,162092583,460,1529714,86453305
fd9be1917348,939a9732a61e,36,1685214604682,38708,162092583,460,1529714,86453305
fd9be1917348,939a9732a61e,20,1685214614551,38708,162092583,460,1529714,86453305
fd9be1917348,939a9732a61e,18,1685215329015,38708,162092583,460,1529714,86453305
fd9be1917348,939a9732a61e,39,1685215329121,38708,162092583,460,1529714,86453305
fd9be1917348,939a9732a61e,20,1685215338863,38708,162092583,460,1529714,86453305
fd9be1917348,939a9732a61e,4,1685216752422,38708,162092583,460,1529714,86453305
fd9be1917348,939a9732a61e,18,1685216753147,38708,162092583,460,1529714,86453305
fd9be1917348,939a9732a61e,39,1685216753256,38708,162092583,460,1529714,86453305
fd9be1917348,939a9732a61e,5,1685216753551,38708,162092583,460,1529714,86453305
fd9be1917348,939a9732a61e,20,1685216753553,38708,162092583,460,1529714,86453305
fd9be1917348,939a9732a61e,20,1685216753591,38708,162092583,460,1529714,86453305
fd9be1917348,939a9732a61e,2,1685217605195,38708,162092583,460,1529714,86453305
fd9be1917348,939a9732a61e,18,1685217605198,38708,162092583,460,1529714,86453305
fd9be1917348,939a9732a61e,36,1685217605251,38708,162092583,460,1529714,86453305
fd9be1917348,939a9732a61e,39,1685217605305,38708,162092583,460,1529714,86453305
fd9be1917348,939a9732a61e,20,1685217615120,38708,162092583,460,1529714,86453305
fd9be1917348,939a9732a61e,18,1685218491387,38708,162092583,460,1529714,86453305
fd9be1917348,939a9732a61e,39,1685218491495,38708,162092583,460,1529714,86453305
fd9be1917348,939a9732a61e,20,1685218501223,38708,162092583,460,1529714,86453305
fd9be1917348,939a9732a61e,18,1685220605897,38708,162092583,460,1529714,86453305
fd9be1917348,939a9732a61e,39,1685220606009,38708,162092583,460,1529714,86453305
fd9be1917348,939a9732a61e,20,1685220615827,38708,162092583,460,1529714,86453305
fd9be1917348,939a9732a61e,2,1685221653934,38708,162092583,460,1529714,86453305
fd9be1917348,939a9732a61e,18,1685221653936,38708,162092583,460,1529714,86453305
fd9be1917348,939a9732a61e,20,1685221663811,38708,162092583,460,1529714,86453305
fd9be1917348,939a9732a61e,5,1685222028534,38708,161646616,460,1529714,86453305
fd9be1917348,939a9732a61e,20,1685222028627,38708,161646616,460,1529714,86453305
fd9be1917348,939a9732a61e,2,1685223606333,38708,162092583,460,1529714,86453305
fd9be1917348,939a9732a61e,36,1685223606399,38708,162092583,460,1529714,86453305
fd9be1917348,939a9732a61e,39,1685223606454,38708,162092583,460,1529714,86453305
fd9be1917348,939a9732a61e,20,1685223616202,38708,162092583,460,1529714,86453305
fd9be1917348,939a9732a61e,18,1685224816532,38708,162092583,460,1529714,86453305
fd9be1917348,939a9732a61e,36,1685224816584,38708,162092583,460,1529714,86453305
fd9be1917348,939a9732a61e,20,1685224826426,38708,162092583,460,1529714,86453305
fd9be1917348,939a9732a61e,36,1685226607038,38708,251481949,460,1529714,86453305
fd9be1917348,939a9732a61e,39,1685226607063,38708,251481949,460,1529714,86453305
fd9be1917348,939a9732a61e,20,1685226607681,38708,251481949,460,1529714,86453305
fd9be1917348,939a9732a61e,18,1685226608975,38708,251481949,460,1529714,86453305
fd9be1917348,939a9732a61e,36,1685226609013,38708,251481949,460,1529714,86453305
fd9be1917348,939a9732a61e,39,1685226609042,38708,251481949,460,1529714,86453305
fd9be1917348,939a9732a61e,5,1685226609172,38708,251481949,460,1529714,86453305
fd9be1917348,939a9732a61e,2,1685226670987,38708,251481949,460,1529714,86453305
fd9be1917348,939a9732a61e,18,1685226670992,38708,251481949,460,1529714,86453305
fd9be1917348,939a9732a61e,5,1685226671797,38708,251481949,460,1529714,86453305
fd9be1917348,939a9732a61e,20,1685226671801,38708,251481949,460,1529714,86453305
fd9be1917348,939a9732a61e,20,1685226671825,38708,251481949,460,1529714,86453305
fd9be1917348,939a9732a61e,4,1685226671965,38708,251481949,460,1529714,86453305
fd9be1917348,939a9732a61e,2,1685226673097,38708,251481949,460,1529714,86453305
fd9be1917348,939a9732a61e,18,1685226673100,38708,251481949,460,1529714,86453305
fd9be1917348,939a9732a61e,36,1685226673138,38708,251481949,460,1529714,86453305
fd9be1917348,939a9732a61e,5,1685226673452,38708,251481949,460,1529714,86453305
fd9be1917348,939a9732a61e,20,1685226673455,38708,251481949,460,1529714,86453305
fd9be1917348,939a9732a61e,20,1685226673481,38708,251481949,460,1529714,86453305
fd9be1917348,939a9732a61e,4,1685226674965,38708,251481949,460,1529714,86453305
fd9be1917348,939a9732a61e,18,1685226675665,38708,251481949,460,1529714,86453305
fd9be1917348,939a9732a61e,36,1685226675703,38708,251481949,460,1529714,86453305
fd9be1917348,939a9732a61e,39,1685226675732,38708,251481949,460,1529714,86453305
fd9be1917348,939a9732a61e,5,1685226676012,38708,251481949,460,1529714,86453305
fd9be1917348,939a9732a61e,20,1685226676016,38708,251481949,460,1529714,86453305
fd9be1917348,939a9732a61e,20,1685226676039,38708,251481949,460,1529714,86453305
fd9be1917348,939a9732a61e,4,1685226678966,38708,251481949,460,1529714,86453305
fd9be1917348,939a9732a61e,2,1685226679502,38708,251481949,460,1529714,86453305
fd9be1917348,939a9732a61e,18,1685226679507,38708,251481949,460,1529714,86453305
fd9be1917348,939a9732a61e,36,1685226679548,38708,251481949,460,1529714,86453305
fd9be1917348,939a9732a61e,5,1685226679837,38708,251481949,460,1529714,86453305
fd9be1917348,939a9732a61e,20,1685226679841,38708,251481949,460,1529714,86453305
fd9be1917348,939a9732a61e,4,1685227973157,38708,161509154,460,1529714,86453305
fd9be1917348,939a9732a61e,2,1685227973581,38708,161509154,460,1529714,86453305
fd9be1917348,939a9732a61e,18,1685227973584,38708,161509154,460,1529714,86453305
fd9be1917348,939a9732a61e,36,1685227973615,38708,161509154,460,1529714,86453305
fd9be1917348,939a9732a61e,20,1685227973890,38708,161509154,460,1529714,86453305
fd9be1917348,939a9732a61e,20,1685227973918,38708,161509154,460,1529714,86453305
fd9be1917348,939a9732a61e,18,1685229671570,38708,161509154,460,1529714,86453305
fd9be1917348,939a9732a61e,36,1685229671598,38708,161509154,460,1529714,86453305
fd9be1917348,939a9732a61e,39,1685229671632,38708,161509154,460,1529714,86453305
fd9be1917348,939a9732a61e,5,1685229671947,38708,161509154,460,1529714,86453305
fd9be1917348,939a9732a61e,20,1685229671950,38708,161509154,460,1529714,86453305
fd9be1917348,939a9732a61e,20,1685229671979,38708,161509154,460,1529714,86453305
fd9be1917348,939a9732a61e,2,1685229833672,38708,161509154,460,1529714,86453305
fd9be1917348,939a9732a61e,18,1685229833674,38708,161509154,460,1529714,86453305
fd9be1917348,939a9732a61e,36,1685229833701,38708,161509154,460,1529714,86453305
fd9be1917348,939a9732a61e,39,1685229833732,38708,161509154,460,1529714,86453305
fd9be1917348,939a9732a61e,5,1685229834025,38708,161509154,460,1529714,86453305
fd9be1917348,939a9732a61e,20,1685229834028,38708,161509154,460,1529714,86453305
fd9be1917348,939a9732a61e,20,1685229834055,38708,161509154,460,1529714,86453305
fd9be1917348,939a9732a61e,5,1685231489601,38699,85164320,460,1529714,86453305
fd9be1917348,939a9732a61e,20,1685231489628,38699,85164320,460,1529714,86453305
fd9be1917348,939a9732a61e,5,1685232611431,38844,161919000,460,1529714,86453305
fd9be1917348,939a9732a61e,20,1685232611507,38844,161919000,460,1529714,86453305
fd9be1917348,939a9732a61e,5,1685232653045,38708,251619674,460,1529714,86453305
fd9be1917348,939a9732a61e,20,1685232653128,38708,251619674,460,1529714,86453305
fd9be1917348,939a9732a61e,2,1685232671880,38708,251619674,460,1529714,86453305
fd9be1917348,939a9732a61e,18,1685232671886,38708,251619674,460,1529714,86453305
fd9be1917348,939a9732a61e,36,1685232671965,38708,251619674,460,1529714,86453305
fd9be1917348,939a9732a61e,39,1685232672025,38708,251619674,460,1529714,86453305
fd9be1917348,939a9732a61e,20,1685232673119,38708,251619674,460,1529714,86453305
fd9be1917348,939a9732a61e,18,1685232995883,38844,85172654,460,1529714,86453305
fd9be1917348,939a9732a61e,36,1685232995911,38844,85172654,460,1529714,86453305
fd9be1917348,939a9732a61e,39,1685232995938,38844,85172654,460,1529714,86453305
fd9be1917348,939a9732a61e,5,1685232996226,38844,85172654,460,1529714,86453305
fd9be1917348,939a9732a61e,20,1685232996229,38844,85172654,460,1529714,86453305
fd9be1917348,939a9732a61e,20,1685232996256,38844,85172654,460,1529714,86453305
fd9be1917348,939a9732a61e,2,1685235672355,38844,161920280,460,1529714,86453305
fd9be1917348,939a9732a61e,36,1685235672437,38844,161920280,460,1529714,86453305
fd9be1917348,939a9732a61e,14,1685235679830,38844,161919256,460,1529714,86453305
fd9be1917348,939a9732a61e,2,1685236158160,38844,116517344,460,1529714,86453305
fd9be1917348,939a9732a61e,36,1685236158195,38844,116517344,460,1529714,86453305
fd9be1917348,939a9732a61e,39,1685236158224,38844,116517344,460,1529714,86453305
fd9be1917348,939a9732a61e,20,1685236158527,38844,116517344,460,1529714,86453305
fd9be1917348,939a9732a61e,2,1685238672823,38844,85172508,460,1529714,86453305
fd9be1917348,939a9732a61e,36,1685238672895,38844,85172508,460,1529714,86453305
fd9be1917348,939a9732a61e,39,1685238672923,38844,85172508,460,1529714,86453305
fd9be1917348,939a9732a61e,20,1685238682791,38844,85172508,460,1529714,86453305
fd9be1917348,939a9732a61e,2,1685239320379,38844,85172508,460,1529714,86453305
fd9be1917348,939a9732a61e,18,1685239320381,38844,85172508,460,1529714,86453305
fd9be1917348,939a9732a61e,36,1685239320415,38844,85172508,460,1529714,86453305
fd9be1917348,939a9732a61e,39,1685239320446,38844,85172508,460,1529714,86453305
fd9be1917348,939a9732a61e,5,1685239320743,38844,85172508,460,1529714,86453305
fd9be1917348,939a9732a61e,20,1685239320746,38844,85172508,460,1529714,86453305
fd9be1917348,939a9732a61e,2,1685239382885,38844,85172508,460,1529714,86453305
fd9be1917348,939a9732a61e,18,1685239382887,38844,85172508,460,1529714,86453305
fd9be1917348,939a9732a61e,36,1685239382915,38844,85172508,460,1529714,86453305
fd9be1917348,939a9732a61e,39,1685239382938,38844,85172508,460,1529714,86453305
fd9be1917348,939a9732a61e,5,1685239383195,38844,85172508,460,1529714,86453305
fd9be1917348,939a9732a61e,2,1685241673174,38844,85172508,460,1529714,86453305
fd9be1917348,939a9732a61e,18,1685241673177,38844,85172508,460,1529714,86453305
fd9be1917348,939a9732a61e,36,1685241673205,38844,85172508,460,1529714,86453305
fd9be1917348,939a9732a61e,39,1685241673233,38844,85172508,460,1529714,86453305
fd9be1917348,939a9732a61e,2,1685242482594,38844,85172508,460,1529714,86453305
fd9be1917348,939a9732a61e,36,1685242482629,38844,85172508,460,1529714,86453305
fd9be1917348,939a9732a61e,39,1685242482656,38844,85172508,460,1529714,86453305
fd9be1917348,939a9732a61e,20,1685242483002,38844,85172508,460,1529714,86453305
fd9be1917348,939a9732a61e,2,1685244673724,38844,85172508,460,1529714,86453305
fd9be1917348,939a9732a61e,18,1685244673728,38844,85172508,460,1529714,86453305
fd9be1917348,939a9732a61e,39,1685244673843,38844,85172508,460,1529714,86453305
fd9be1917348,939a9732a61e,20,1685244683700,38844,85172508,460,1529714,86453305
fd9be1917348,939a9732a61e,36,1685245644929,38844,161919256,460,1529714,86453305
fd9be1917348,939a9732a61e,20,1685245645277,38844,161919256,460,1529714,86453305
fd9be1917348,939a9732a61e,18,1685247674298,38844,85172508,460,1529714,86453305
fd9be1917348,939a9732a61e,20,1685247684262,38844,85172508,460,1529714,86453305
fd9be1917348,939a9732a61e,2,1685248807220,38844,85172508,460,1529714,86453305
fd9be1917348,939a9732a61e,2,1685250674782,38844,85172508,460,1529714,86453305
fd9be1917348,939a9732a61e,36,1685250674818,38844,85172508,460,1529714,86453305
fd9be1917348,939a9732a61e,39,1685250674901,38844,85172508,460,1529714,86453305
fd9be1917348,939a9732a61e,2,1685250804650,38844,85172508,460,1529714,86453305
fd9be1917348,939a9732a61e,18,1685250804652,38844,85172508,460,1529714,86453305
fd9be1917348,939a9732a61e,36,1685250804679,38844,85172508,460,1529714,86453305
fd9be1917348,939a9732a61e,39,1685250804706,38844,85172508,460,1529714,86453305
fd9be1917348,939a9732a61e,5,1685250804980,38844,85172508,460,1529714,86453305
fd9be1917348,939a9732a61e,20,1685250804985,38844,85172508,460,1529714,86453305
fd9be1917348,939a9732a61e,20,1685250805009,38844,85172508,460,1529714,86453305
fd9be1917348,939a9732a61e,18,1685251969845,38844,85172508,460,1529714,86453305
fd9be1917348,939a9732a61e,36,1685251969876,38844,85172508,460,1529714,86453305
fd9be1917348,939a9732a61e,2,1685253675380,38844,85172508,460,1529714,86453305
fd9be1917348,939a9732a61e,18,1685253675383,38844,85172508,460,1529714,86453305
fd9be1917348,939a9732a61e,39,1685253675439,38844,85172508,460,1529714,86453305
fd9be1917348,939a9732a61e,2,1685255132142,38844,85172508,460,1529714,86453305
fd9be1917348,939a9732a61e,18,1685255132144,38844,85172508,460,1529714,86453305
fd9be1917348,939a9732a61e,36,1685255132172,38844,85172508,460,1529714,86453305
fd9be1917348,939a9732a61e,39,1685255132199,38844,85172508,460,1529714,86453305
fd9be1917348,939a9732a61e,20,1685255142067,38844,85172508,460,1529714,86453305
fd9be1917348,939a9732a61e,36,1685256675887,38844,161653785,460,1529714,86453305
fd9be1917348,939a9732a61e,39,1685256675927,38844,161653785,460,1529714,86453305
fd9be1917348,939a9732a61e,20,1685256685668,38844,161653785,460,1529714,86453305
fd9be1917348,939a9732a61e,2,1685258294400,38844,161653785,460,1529714,86453305
fd9be1917348,939a9732a61e,18,1685258294403,38844,161653785,460,1529714,86453305
fd9be1917348,939a9732a61e,36,1685258294456,38844,161653785,460,1529714,86453305
fd9be1917348,939a9732a61e,39,1685258294491,38844,161653785,460,1529714,86453305
fd9be1917348,939a9732a61e,2,1685259676425,38844,161653785,460,1529714,86453305
fd9be1917348,939a9732a61e,36,1685259676490,38844,161653785,460,1529714,86453305
fd9be1917348,939a9732a61e,20,1685259686332,38844,161653785,460,1529714,86453305
fd9be1917348,939a9732a61e,2,1685261456919,38844,161653785,460,1529714,86453305
fd9be1917348,939a9732a61e,18,1685261456923,38844,161653785,460,1529714,86453305
fd9be1917348,939a9732a61e,36,1685261457060,38844,161653785,460,1529714,86453305
fd9be1917348,939a9732a61e,39,1685261457089,38844,161653785,460,1529714,86453305
fd9be1917348,939a9732a61e,20,1685261466745,38844,161653785,460,1529714,86453305
fd9be1917348,939a9732a61e,4,1685262300103,38844,161653785,460,1529714,86453305
fd9be1917348,939a9732a61e,2,1685262300364,38844,161653785,460,1529714,86453305
fd9be1917348,939a9732a61e,18,1685262300367,38844,161653785,460,1529714,86453305
fd9be1917348,939a9732a61e,39,1685262300456,38844,161653785,460,1529714,86453305
fd9be1917348,939a9732a61e,5,1685262300860,38844,161653785,460,1529714,86453305
fd9be1917348,939a9732a61e,20,1685262300863,38844,161653785,460,1529714,86453305
fd9be1917348,939a9732a61e,18,1685262677092,38844,161653785,460,1529714,86453305
fd9be1917348,939a9732a61e,36,1685262677156,38844,161653785,460,1529714,86453305
fd9be1917348,939a9732a61e,39,1685262677192,38844,161653785,460,1529714,86453305
fd9be1917348,939a9732a61e,20,1685262687001,38844,161653785,460,1529714,86453305
fd9be1917348,939a9732a61e,2,1685264619455,38844,161653785,460,1529714,86453305
fd9be1917348,939a9732a61e,18,1685264619459,38844,161653785,460,1529714,86453305
fd9be1917348,939a9732a61e,39,1685264619556,38844,161653785,460,1529714,86453305
fd9be1917348,939a9732a61e,20,1685264629241,38844,161653785,460,1529714,86453305
fd9be1917348,939a9732a61e,18,1685265677716,38844,161653785,460,1529714,86453305
fd9be1917348,939a9732a61e,36,1685265677833,38844,161653785,460,1529714,86453305
fd9be1917348,939a9732a61e,20,1685265687557,38844,161653785,460,1529714,86453305
fd9be1917348,939a9732a61e,2,1685267781917,38844,161653785,460,1529714,86453305
fd9be1917348,939a9732a61e,18,1685267781921,38844,161653785,460,1529714,86453305
fd9be1917348,939a9732a61e,36,1685267782078,38844,161653785,460,1529714,86453305
fd9be1917348,939a9732a61e,5,1685267782592,38844,161653785,460,1529714,86453305
fd9be1917348,939a9732a61e,20,1685267782596,38844,161653785,460,1529714,86453305
fd9be1917348,939a9732a61e,36,1685268678618,38844,161653785,460,1529714,86453305
fd9be1917348,939a9732a61e,39,1685268678652,38844,161653785,460,1529714,86453305
fd9be1917348,939a9732a61e,20,1685268679749,38844,161653785,460,1529714,86453305
fd9be1917348,939a9732a61e,2,1685270944416,38844,161653784,460,1529714,86453305
fd9be1917348,939a9732a61e,18,1685270944420,38844,161653784,460,1529714,86453305
fd9be1917348,939a9732a61e,36,1685270944483,38844,161653784,460,1529714,86453305
fd9be1917348,939a9732a61e,39,1685270944516,38844,161653784,460,1529714,86453305
fd9be1917348,939a9732a61e,20,1685270944872,38844,161653784,460,1529714,86453305
fd9be1917348,939a9732a61e,2,1685271678978,38844,161998616,460,1529714,86453305
fd9be1917348,939a9732a61e,18,1685271678982,38844,161998616,460,1529714,86453305
fd9be1917348,939a9732a61e,36,1685271679044,38844,161998616,460,1529714,86453305
fd9be1917348,939a9732a61e,39,1685271679078,38844,161998616,460,1529714,86453305
fd9be1917348,939a9732a61e,5,1685271679411,38844,161998616,460,1529714,86453305
fd9be1917348,939a9732a61e,20,1685271679415,38844,161998616,460,1529714,86453305
fd9be1917348,939a9732a61e,20,1685271679465,38844,161998616,460,1529714,86453305
fd9be1917348,939a9732a61e,36,1685274106750,38844,161972002,460,1529714,86453305
fd9be1917348,939a9732a61e,39,1685274106775,38844,161972002,460,1529714,86453305
fd9be1917348,939a9732a61e,20,1685274116646,38844,161972002,460,1529714,86453305
fd9be1917348,939a9732a61e,2,1685274679580,38844,161972002,460,1529714,86453305
fd9be1917348,939a9732a61e,18,1685274679582,38844,161972002,460,1529714,86453305
fd9be1917348,939a9732a61e,36,1685274679624,38844,161972002,460,1529714,86453305
fd9be1917348,939a9732a61e,20,1685274689532,38844,161972002,460,1529714,86453305
fd9be1917348,939a9732a61e,4,1685276215199,38844,85172508,460,1529714,86453305
fd9be1917348,939a9732a61e,2,1685276215503,38844,85172508,460,1529714,86453305
fd9be1917348,939a9732a61e,18,1685276215506,38844,85172508,460,1529714,86453305
fd9be1917348,939a9732a61e,36,1685276215535,38844,85172508,460,1529714,86453305
fd9be1917348,939a9732a61e,39,1685276215561,38844,85172508,460,1529714,86453305
fd9be1917348,939a9732a61e,5,1685276215798,38844,85172508,460,1529714,86453305
fd9be1917348,939a9732a61e,20,1685276215802,38844,85172508,460,1529714,86453305
fd9be1917348,939a9732a61e,20,1685276215832,38844,85172508,460,1529714,86453305
fd9be1917348,939a9732a61e,2,1685277268950,38844,85172508,460,1529714,86453305
fd9be1917348,939a9732a61e,18,1685277268953,38844,85172508,460,1529714,86453305
fd9be1917348,939a9732a61e,36,1685277269036,38844,85172508,460,1529714,86453305
fd9be1917348,939a9732a61e,39,1685277269060,38844,85172508,460,1529714,86453305
fd9be1917348,939a9732a61e,5,1685277269397,38844,85172508,460,1529714,86453305
fd9be1917348,939a9732a61e,20,1685277269401,38844,85172508,460,1529714,86453305
fd9be1917348,939a9732a61e,20,1685277269441,38844,85172508,460,1529714,86453305
fd9be1917348,939a9732a61e,2,1685277682093,38844,85172508,460,1529714,86453305
fd9be1917348,939a9732a61e,18,1685277682096,38844,85172508,460,1529714,86453305
fd9be1917348,939a9732a61e,36,1685277682181,38844,85172508,460,1529714,86453305
fd9be1917348,939a9732a61e,2,1685280431434,38844,161653785,460,1529714,86453305
fd9be1917348,939a9732a61e,18,1685280431436,38844,161653785,460,1529714,86453305
fd9be1917348,939a9732a61e,36,1685280431653,38844,161653785,460,1529714,86453305
fd9be1917348,939a9732a61e,39,1685280431694,38844,161653785,460,1529714,86453305
fd9be1917348,939a9732a61e,20,1685280441236,38844,161653785,460,1529714,86453305
fd9be1917348,939a9732a61e,36,1685280683067,38844,161653785,460,1529714,86453305
fd9be1917348,939a9732a61e,39,1685280683105,38844,161653785,460,1529714,86453305
fd9be1917348,939a9732a61e,20,1685280692651,38844,161653785,460,1529714,86453305
fd9be1917348,939a9732a61e,2,1685283594097,38844,161653785,460,1529714,86453305
fd9be1917348,939a9732a61e,18,1685283594102,38844,161653785,460,1529714,86453305
fd9be1917348,939a9732a61e,36,1685283594183,38844,161653785,460,1529714,86453305
fd9be1917348,939a9732a61e,39,1685283594219,38844,161653785,460,1529714,86453305
fd9be1917348,939a9732a61e,2,1685283683712,38844,161653785,460,1529714,86453305
fd9be1917348,939a9732a61e,18,1685283683715,38844,161653785,460,1529714,86453305
fd9be1917348,939a9732a61e,36,1685283683813,38844,161653785,460,1529714,86453305
fd9be1917348,939a9732a61e,39,1685283683842,38844,161653785,460,1529714,86453305
fd9be1917348,939a9732a61e,20,1685283693597,38844,161653785,460,1529714,86453305
fd9be1917348,939a9732a61e,2,1685286684682,38844,161653785,460,1529714,86453305
fd9be1917348,939a9732a61e,18,1685286684687,38844,161653785,460,1529714,86453305
fd9be1917348,939a9732a61e,36,1685286684748,38844,161653785,460,1529714,86453305
fd9be1917348,939a9732a61e,39,1685286684783,38844,161653785,460,1529714,86453305
fd9be1917348,939a9732a61e,20,1685286694536,38844,161653785,460,1529714,86453305
fd9be1917348,939a9732a61e,18,1685286757126,38844,161653785,460,1529714,86453305
fd9be1917348,939a9732a61e,39,1685286757403,38844,161653785,460,1529714,86453305
fd9be1917348,939a9732a61e,20,1685286766894,38844,161653785,460,1529714,86453305
fd9be1917348,939a9732a61e,4,1685287124954,38844,161653785,460,1529714,86453305
fd9be1917348,939a9732a61e,2,1685287125417,38844,161653785,460,1529714,86453305
fd9be1917348,939a9732a61e,18,1685287125420,38844,161653785,460,1529714,86453305
fd9be1917348,939a9732a61e,36,1685287125724,38844,161653785,460,1529714,86453305
fd9be1917348,939a9732a61e,5,1685287126079,38844,161653785,460,1529714,86453305
fd9be1917348,939a9732a61e,20,1685287126082,38844,161653785,460,1529714,86453305
fd9be1917348,939a9732a61e,20,1685287126120,38844,161653785,460,1529714,86453305
